[debug] [2026-07-09T20:25:49.918Z] ----------------------------------------------------------------------
[debug] [2026-07-09T20:25:49.920Z] Command:       C:\Program Files\nodejs\node.exe C:\Users\cabal\AppData\Roaming\npm\node_modules\firebase-tools\lib\bin\firebase.js deploy --only functions
[debug] [2026-07-09T20:25:49.921Z] CLI Version:   15.7.0
[debug] [2026-07-09T20:25:49.921Z] Platform:      win32
[debug] [2026-07-09T20:25:49.921Z] Node Version:  v24.13.1
[debug] [2026-07-09T20:25:49.921Z] Time:          Thu Jul 09 2026 22:25:49 GMT+0200 (hora de verano de Europa central)
[debug] [2026-07-09T20:25:49.921Z] ----------------------------------------------------------------------
[debug] 
[debug] [2026-07-09T20:25:50.817Z] > command requires scopes: ["email","openid","https://www.googleapis.com/auth/cloudplatformprojects.readonly","https://www.googleapis.com/auth/firebase","https://www.googleapis.com/auth/cloud-platform"]
[debug] [2026-07-09T20:25:50.817Z] > authorizing via signed-in user (admin@breederhub.store)
[debug] [2026-07-09T20:25:50.817Z] [iam] checking project aip-v1-3f57c for permissions ["cloudfunctions.functions.create","cloudfunctions.functions.delete","cloudfunctions.functions.get","cloudfunctions.functions.list","cloudfunctions.functions.update","cloudfunctions.operations.get","firebase.projects.get"]
[debug] [2026-07-09T20:25:50.818Z] Checked if tokens are valid: true, expires at: 1783632331561
[debug] [2026-07-09T20:25:50.818Z] Checked if tokens are valid: true, expires at: 1783632331561
[debug] [2026-07-09T20:25:50.819Z] >>> [apiv2][query] POST https://cloudresourcemanager.googleapis.com/v1/projects/aip-v1-3f57c:testIamPermissions [none]
[debug] [2026-07-09T20:25:50.819Z] >>> [apiv2][(partial)header] POST https://cloudresourcemanager.googleapis.com/v1/projects/aip-v1-3f57c:testIamPermissions  x-goog-user-project=aip-v1-3f57c
[debug] [2026-07-09T20:25:50.819Z] >>> [apiv2][body] POST https://cloudresourcemanager.googleapis.com/v1/projects/aip-v1-3f57c:testIamPermissions {"permissions":["cloudfunctions.functions.create","cloudfunctions.functions.delete","cloudfunctions.functions.get","cloudfunctions.functions.list","cloudfunctions.functions.update","cloudfunctions.operations.get","firebase.projects.get"]}
[debug] [2026-07-09T20:25:52.365Z] <<< [apiv2][status] POST https://cloudresourcemanager.googleapis.com/v1/projects/aip-v1-3f57c:testIamPermissions 200
[debug] [2026-07-09T20:25:52.366Z] <<< [apiv2][body] POST https://cloudresourcemanager.googleapis.com/v1/projects/aip-v1-3f57c:testIamPermissions {"permissions":["cloudfunctions.functions.create","cloudfunctions.functions.delete","cloudfunctions.functions.get","cloudfunctions.functions.list","cloudfunctions.functions.update","cloudfunctions.operations.get","firebase.projects.get"]}
[debug] [2026-07-09T20:25:52.366Z] Checked if tokens are valid: true, expires at: 1783632331561
[debug] [2026-07-09T20:25:52.366Z] Checked if tokens are valid: true, expires at: 1783632331561
[debug] [2026-07-09T20:25:52.366Z] >>> [apiv2][query] POST https://iam.googleapis.com/v1/projects/aip-v1-3f57c/serviceAccounts/aip-v1-3f57c@appspot.gserviceaccount.com:testIamPermissions [none]
[debug] [2026-07-09T20:25:52.366Z] >>> [apiv2][body] POST https://iam.googleapis.com/v1/projects/aip-v1-3f57c/serviceAccounts/aip-v1-3f57c@appspot.gserviceaccount.com:testIamPermissions {"permissions":["iam.serviceAccounts.actAs"]}
[debug] [2026-07-09T20:25:53.111Z] <<< [apiv2][status] POST https://iam.googleapis.com/v1/projects/aip-v1-3f57c/serviceAccounts/aip-v1-3f57c@appspot.gserviceaccount.com:testIamPermissions 200
[debug] [2026-07-09T20:25:53.111Z] <<< [apiv2][body] POST https://iam.googleapis.com/v1/projects/aip-v1-3f57c/serviceAccounts/aip-v1-3f57c@appspot.gserviceaccount.com:testIamPermissions {"permissions":["iam.serviceAccounts.actAs"]}
[info] 
[info] === Deploying to 'aip-v1-3f57c'...
[info] 
[info] i  deploying functions 
[debug] [2026-07-09T20:25:53.113Z] Checked if tokens are valid: true, expires at: 1783632331561
[debug] [2026-07-09T20:25:53.113Z] Checked if tokens are valid: true, expires at: 1783632331561
[debug] [2026-07-09T20:25:53.114Z] >>> [apiv2][query] GET https://cloudresourcemanager.googleapis.com/v1/projects/aip-v1-3f57c [none]
[debug] [2026-07-09T20:25:53.325Z] <<< [apiv2][status] GET https://cloudresourcemanager.googleapis.com/v1/projects/aip-v1-3f57c 200
[debug] [2026-07-09T20:25:53.325Z] <<< [apiv2][body] GET https://cloudresourcemanager.googleapis.com/v1/projects/aip-v1-3f57c {"projectNumber":"171234470705","projectId":"aip-v1-3f57c","lifecycleState":"ACTIVE","name":"aip-v1","labels":{"firebase":"enabled","firebase-core":"disabled"},"createTime":"2026-06-03T08:32:35.913Z","parent":{"type":"organization","id":"580432241961"}}
[info] i  functions: preparing codebase default for deployment 
[info] i  functions: ensuring required API cloudfunctions.googleapis.com is enabled... 
[info] i  functions: ensuring required API cloudbuild.googleapis.com is enabled... 
[info] i  artifactregistry: ensuring required API artifactregistry.googleapis.com is enabled... 
[debug] [2026-07-09T20:25:53.328Z] Checked if tokens are valid: true, expires at: 1783632331561
[debug] [2026-07-09T20:25:53.328Z] Checked if tokens are valid: true, expires at: 1783632331561
[debug] [2026-07-09T20:25:53.328Z] >>> [apiv2][query] GET https://firebase.googleapis.com/v1beta1/projects/aip-v1-3f57c/adminSdkConfig [none]
[debug] [2026-07-09T20:25:53.700Z] <<< [apiv2][status] GET https://firebase.googleapis.com/v1beta1/projects/aip-v1-3f57c/adminSdkConfig 200
[debug] [2026-07-09T20:25:53.700Z] <<< [apiv2][body] GET https://firebase.googleapis.com/v1beta1/projects/aip-v1-3f57c/adminSdkConfig {"projectId":"aip-v1-3f57c","storageBucket":"aip-v1-3f57c.firebasestorage.app"}
[debug] [2026-07-09T20:25:53.700Z] Checked if tokens are valid: true, expires at: 1783632331561
[debug] [2026-07-09T20:25:53.701Z] Checked if tokens are valid: true, expires at: 1783632331561
[debug] [2026-07-09T20:25:53.701Z] >>> [apiv2][query] GET https://runtimeconfig.googleapis.com/v1beta1/projects/aip-v1-3f57c/configs [none]
[debug] [2026-07-09T20:25:54.570Z] <<< [apiv2][status] GET https://runtimeconfig.googleapis.com/v1beta1/projects/aip-v1-3f57c/configs 200
[debug] [2026-07-09T20:25:54.570Z] <<< [apiv2][body] GET https://runtimeconfig.googleapis.com/v1beta1/projects/aip-v1-3f57c/configs {}
[debug] [2026-07-09T20:25:54.573Z] Validating nodejs source
[warn] !  functions: Runtime Node.js 20 was deprecated on 2026-04-30 and will be decommissioned on 2026-10-30, after which you will not be able to deploy without upgrading. Consider upgrading now to avoid disruption. See https://cloud.google.com/functions/docs/runtime-support for full details on the lifecycle policy 
[warn] !  functions: package.json indicates an outdated version of firebase-functions. Please upgrade using npm install --save firebase-functions@latest in your functions directory. 
[warn] !  functions: Please note that there will be breaking changes when you upgrade. 
[debug] [2026-07-09T20:25:55.660Z] > [functions] package.json contents: {
  "name": "aip-v1.2.1-functions",
  "description": "AIP_v1.2.1 — Cloud Functions backend (executeUserAction dispatcher, despacho 08-01.1.2)",
  "main": "index.js",
  "engines": {
    "node": "20"
  },
  "dependencies": {
    "@fastify/busboy": "^3.2.0",
    "@google-cloud/secret-manager": "^5.6.0",
    "firebase-admin": "^12.1.0",
    "firebase-functions": "^5.0.0"
  },
  "private": true
}
[debug] [2026-07-09T20:25:55.661Z] Building nodejs source
[info] i  functions: Loading and analyzing source code for codebase default to determine what to deploy 
[debug] [2026-07-09T20:25:55.661Z] Could not find functions.yaml. Must use http discovery
[debug] [2026-07-09T20:25:55.667Z] Found firebase-functions binary at 'C:\BreederHub\01_PRODUCTION\AIP_v1.2.1\functions\node_modules\.bin\firebase-functions'
[info] Serving at port 8036

[debug] [2026-07-09T20:25:56.332Z] Got response from /__/functions.yaml {"endpoints":{"executeUserAction":{"availableMemoryMb":null,"timeoutSeconds":null,"minInstances":1,"maxInstances":null,"ingressSettings":null,"concurrency":null,"serviceAccountEmail":null,"vpc":null,"platform":"gcfv2","labels":{},"callableTrigger":{},"entryPoint":"executeUserAction"},"createKycSession":{"availableMemoryMb":null,"timeoutSeconds":null,"minInstances":1,"maxInstances":null,"ingressSettings":null,"concurrency":null,"serviceAccountEmail":null,"vpc":null,"platform":"gcfv2","labels":{},"callableTrigger":{},"entryPoint":"createKycSession"},"kycInit":{"availableMemoryMb":null,"timeoutSeconds":null,"minInstances":1,"maxInstances":null,"ingressSettings":null,"concurrency":null,"serviceAccountEmail":null,"vpc":null,"platform":"gcfv2","labels":{},"callableTrigger":{},"entryPoint":"kycInit"},"kycAttest":{"availableMemoryMb":null,"timeoutSeconds":null,"minInstances":1,"maxInstances":null,"ingressSettings":null,"concurrency":null,"serviceAccountEmail":null,"vpc":null,"platform":"gcfv2","labels":{},"callableTrigger":{},"entryPoint":"kycAttest"},"cleanupKycSessions":{"availableMemoryMb":null,"timeoutSeconds":null,"minInstances":null,"maxInstances":null,"ingressSettings":null,"concurrency":null,"serviceAccountEmail":null,"vpc":null,"platform":"gcfv2","labels":{},"scheduleTrigger":{"schedule":"every 10 minutes","retryConfig":{"retryCount":null,"maxDoublings":null,"maxRetrySeconds":null,"minBackoffSeconds":null,"maxBackoffSeconds":null},"timeZone":null},"entryPoint":"cleanupKycSessions"},"emailWebhook":{"availableMemoryMb":null,"timeoutSeconds":null,"minInstances":null,"maxInstances":5,"ingressSettings":null,"concurrency":null,"serviceAccountEmail":null,"vpc":null,"platform":"gcfv2","labels":{},"httpsTrigger":{},"entryPoint":"emailWebhook"},"whatsappWebhook":{"availableMemoryMb":null,"timeoutSeconds":null,"minInstances":null,"maxInstances":5,"ingressSettings":null,"concurrency":null,"serviceAccountEmail":null,"vpc":null,"platform":"gcfv2","labels":{},"httpsTrigger":{},"entryPoint":"whatsappWebhook"}},"specVersion":"v1alpha1","requiredAPIs":[{"api":"cloudscheduler.googleapis.com","reason":"Needed for scheduled functions."}],"extensions":{}}
[info] i  extensions: ensuring required API firebaseextensions.googleapis.com is enabled... 
[debug] [2026-07-09T20:26:00.380Z] > command requires scopes: ["email","openid","https://www.googleapis.com/auth/cloudplatformprojects.readonly","https://www.googleapis.com/auth/firebase","https://www.googleapis.com/auth/cloud-platform"]
[debug] [2026-07-09T20:26:00.380Z] > authorizing via signed-in user (admin@breederhub.store)
[debug] [2026-07-09T20:26:00.380Z] [iam] checking project aip-v1-3f57c for permissions ["firebase.projects.get","firebaseextensions.instances.list"]
[debug] [2026-07-09T20:26:00.380Z] Checked if tokens are valid: true, expires at: 1783632331561
[debug] [2026-07-09T20:26:00.380Z] Checked if tokens are valid: true, expires at: 1783632331561
[debug] [2026-07-09T20:26:00.380Z] >>> [apiv2][query] POST https://cloudresourcemanager.googleapis.com/v1/projects/aip-v1-3f57c:testIamPermissions [none]
[debug] [2026-07-09T20:26:00.380Z] >>> [apiv2][(partial)header] POST https://cloudresourcemanager.googleapis.com/v1/projects/aip-v1-3f57c:testIamPermissions  x-goog-user-project=aip-v1-3f57c
[debug] [2026-07-09T20:26:00.380Z] >>> [apiv2][body] POST https://cloudresourcemanager.googleapis.com/v1/projects/aip-v1-3f57c:testIamPermissions {"permissions":["firebase.projects.get","firebaseextensions.instances.list"]}
[debug] [2026-07-09T20:26:00.654Z] <<< [apiv2][status] POST https://cloudresourcemanager.googleapis.com/v1/projects/aip-v1-3f57c:testIamPermissions 200
[debug] [2026-07-09T20:26:00.654Z] <<< [apiv2][body] POST https://cloudresourcemanager.googleapis.com/v1/projects/aip-v1-3f57c:testIamPermissions {"permissions":["firebase.projects.get","firebaseextensions.instances.list"]}
[debug] [2026-07-09T20:26:00.654Z] Checked if tokens are valid: true, expires at: 1783632331561
[debug] [2026-07-09T20:26:00.654Z] Checked if tokens are valid: true, expires at: 1783632331561
[debug] [2026-07-09T20:26:00.654Z] >>> [apiv2][query] GET https://firebaseextensions.googleapis.com/v1beta/projects/aip-v1-3f57c/instances pageSize=100&pageToken=
[debug] [2026-07-09T20:26:01.533Z] <<< [apiv2][status] GET https://firebaseextensions.googleapis.com/v1beta/projects/aip-v1-3f57c/instances 200
[debug] [2026-07-09T20:26:01.533Z] <<< [apiv2][body] GET https://firebaseextensions.googleapis.com/v1beta/projects/aip-v1-3f57c/instances {}
[info] i  functions: Loaded environment variables from .env. 
[info] i  functions: preparing functions directory for uploading... 
[info] i  functions: packaged C:\BreederHub\01_PRODUCTION\AIP_v1.2.1\functions (44.06 KB) for uploading 
[debug] [2026-07-09T20:26:01.567Z] Checked if tokens are valid: true, expires at: 1783632331561
[debug] [2026-07-09T20:26:01.567Z] Checked if tokens are valid: true, expires at: 1783632331561
[debug] [2026-07-09T20:26:01.567Z] >>> [apiv2][query] GET https://cloudfunctions.googleapis.com/v1/projects/aip-v1-3f57c/locations/-/functions [none]
[debug] [2026-07-09T20:26:02.403Z] <<< [apiv2][status] GET https://cloudfunctions.googleapis.com/v1/projects/aip-v1-3f57c/locations/-/functions 200
[debug] [2026-07-09T20:26:02.404Z] <<< [apiv2][body] GET https://cloudfunctions.googleapis.com/v1/projects/aip-v1-3f57c/locations/-/functions {}
[debug] [2026-07-09T20:26:02.404Z] Checked if tokens are valid: true, expires at: 1783632331561
[debug] [2026-07-09T20:26:02.405Z] Checked if tokens are valid: true, expires at: 1783632331561
[debug] [2026-07-09T20:26:02.405Z] >>> [apiv2][query] GET https://cloudfunctions.googleapis.com/v2/projects/aip-v1-3f57c/locations/-/functions filter=environment%3D%22GEN_2%22
[debug] [2026-07-09T20:26:03.479Z] <<< [apiv2][status] GET https://cloudfunctions.googleapis.com/v2/projects/aip-v1-3f57c/locations/-/functions 200
[debug] [2026-07-09T20:26:03.479Z] <<< [apiv2][body] GET https://cloudfunctions.googleapis.com/v2/projects/aip-v1-3f57c/locations/-/functions {"functions":[{"name":"projects/aip-v1-3f57c/locations/us-central1/functions/executeUserAction","buildConfig":{"build":"projects/171234470705/locations/us-central1/builds/7053a429-3295-4a75-be99-a8dc64d387fb","runtime":"nodejs20","entryPoint":"executeUserAction","source":{"storageSource":{"bucket":"gcf-v2-sources-171234470705-us-central1","object":"executeUserAction/function-source.zip","generation":"1782942710965334"}},"environmentVariables":{"GOOGLE_NODE_RUN_SCRIPTS":""},"dockerRepository":"projects/aip-v1-3f57c/locations/us-central1/repositories/gcf-artifacts","sourceProvenance":{"resolvedStorageSource":{"bucket":"gcf-v2-sources-171234470705-us-central1","object":"executeUserAction/function-source.zip","generation":"1782942710965334"}},"dockerRegistry":"ARTIFACT_REGISTRY","serviceAccount":"projects/aip-v1-3f57c/serviceAccounts/171234470705-compute@developer.gserviceaccount.com","automaticUpdatePolicy":{}},"serviceConfig":{"service":"projects/aip-v1-3f57c/locations/us-central1/services/executeuseraction","timeoutSeconds":60,"environmentVariables":{"SENDGRID_WEBHOOK_KEY":"tu_clave_secreta_aqui","META_WEBHOOK_VERIFY_TOKEN":"tu_token_de_verificacion","META_WHATSAPP_ACCESS_TOKEN":"tu_access_token_de_meta","FIREBASE_CONFIG":"{\"projectId\":\"aip-v1-3f57c\",\"storageBucket\":\"aip-v1-3f57c.firebasestorage.app\"}","GCLOUD_PROJECT":"aip-v1-3f57c","EVENTARC_CLOUD_EVENT_SOURCE":"projects/aip-v1-3f57c/locations/us-central1/services/executeUserAction","FUNCTION_TARGET":"executeUserAction","LOG_EXECUTION_ID":"true"},"maxInstanceCount":20,"ingressSettings":"ALLOW_ALL","uri":"https://executeuseraction-xo4zljy57a-uc.a.run.app","serviceAccountEmail":"171234470705-compute@developer.gserviceaccount.com","minInstanceCount":1,"availableMemory":"256Mi","allTrafficOnLatestRevision":true,"revision":"executeuseraction-00007-toy","maxInstanceRequestConcurrency":80,"availableCpu":"1"},"state":"ACTIVE","updateTime":"2026-07-01T21:52:39.375505865Z","labels":{"deployment-callable":"true","firebase-functions-hash":"b5acd2f3377774ffd35dd84f401297f784efea1c","deployment-tool":"cli-firebase"},"environment":"GEN_2","url":"https://us-central1-aip-v1-3f57c.cloudfunctions.net/executeUserAction","createTime":"2026-06-17T14:33:52.840103249Z","satisfiesPzi":true},{"name":"projects/aip-v1-3f57c/locations/us-central1/functions/whatsappWebhook","buildConfig":{"build":"projects/171234470705/locations/us-central1/builds/7053a429-3295-4a75-be99-a8dc64d387fb","runtime":"nodejs20","entryPoint":"whatsappWebhook","source":{"storageSource":{"bucket":"gcf-v2-sources-171234470705-us-central1","object":"whatsappWebhook/function-source.zip","generation":"1782942754866357"}},"environmentVariables":{"GOOGLE_NODE_RUN_SCRIPTS":""},"dockerRepository":"projects/aip-v1-3f57c/locations/us-central1/repositories/gcf-artifacts","sourceProvenance":{"resolvedStorageSource":{"bucket":"gcf-v2-sources-171234470705-us-central1","object":"whatsappWebhook/function-source.zip","generation":"1782942754866357"}},"dockerRegistry":"ARTIFACT_REGISTRY","serviceAccount":"projects/aip-v1-3f57c/serviceAccounts/171234470705-compute@developer.gserviceaccount.com","automaticUpdatePolicy":{}},"serviceConfig":{"service":"projects/aip-v1-3f57c/locations/us-central1/services/whatsappwebhook","timeoutSeconds":60,"environmentVariables":{"SENDGRID_WEBHOOK_KEY":"tu_clave_secreta_aqui","META_WEBHOOK_VERIFY_TOKEN":"tu_token_de_verificacion","META_WHATSAPP_ACCESS_TOKEN":"tu_access_token_de_meta","FIREBASE_CONFIG":"{\"projectId\":\"aip-v1-3f57c\",\"storageBucket\":\"aip-v1-3f57c.firebasestorage.app\"}","GCLOUD_PROJECT":"aip-v1-3f57c","EVENTARC_CLOUD_EVENT_SOURCE":"projects/aip-v1-3f57c/locations/us-central1/services/whatsappWebhook","FUNCTION_TARGET":"whatsappWebhook","LOG_EXECUTION_ID":"true","FUNCTION_SIGNATURE_TYPE":"http"},"maxInstanceCount":5,"ingressSettings":"ALLOW_ALL","uri":"https://whatsappwebhook-xo4zljy57a-uc.a.run.app","serviceAccountEmail":"171234470705-compute@developer.gserviceaccount.com","availableMemory":"256Mi","allTrafficOnLatestRevision":true,"revision":"whatsappwebhook-00006-wef","maxInstanceRequestConcurrency":80,"availableCpu":"1"},"state":"ACTIVE","updateTime":"2026-07-01T21:52:42.248231436Z","labels":{"deployment-tool":"cli-firebase","firebase-functions-hash":"b5acd2f3377774ffd35dd84f401297f784efea1c"},"environment":"GEN_2","url":"https://us-central1-aip-v1-3f57c.cloudfunctions.net/whatsappWebhook","createTime":"2026-07-01T21:24:17.788913611Z","satisfiesPzi":true},{"name":"projects/aip-v1-3f57c/locations/us-central1/functions/emailWebhook","buildConfig":{"build":"projects/171234470705/locations/us-central1/builds/461c27d1-4f9f-40d2-9107-bbc128e8122f","runtime":"nodejs20","entryPoint":"emailWebhook","source":{"storageSource":{"bucket":"gcf-v2-sources-171234470705-us-central1","object":"emailWebhook/function-source.zip","generation":"1782986803824652"}},"environmentVariables":{"GOOGLE_NODE_RUN_SCRIPTS":""},"dockerRepository":"projects/aip-v1-3f57c/locations/us-central1/repositories/gcf-artifacts","sourceProvenance":{"resolvedStorageSource":{"bucket":"gcf-v2-sources-171234470705-us-central1","object":"emailWebhook/function-source.zip","generation":"1782986803824652"}},"dockerRegistry":"ARTIFACT_REGISTRY","serviceAccount":"projects/aip-v1-3f57c/serviceAccounts/171234470705-compute@developer.gserviceaccount.com","automaticUpdatePolicy":{}},"serviceConfig":{"service":"projects/aip-v1-3f57c/locations/us-central1/services/emailwebhook","timeoutSeconds":60,"environmentVariables":{"SENDGRID_WEBHOOK_KEY":"tu_clave_secreta_aqui","META_WEBHOOK_VERIFY_TOKEN":"tu_token_de_verificacion","META_WHATSAPP_ACCESS_TOKEN":"tu_access_token_de_meta","FIREBASE_CONFIG":"{\"projectId\":\"aip-v1-3f57c\",\"storageBucket\":\"aip-v1-3f57c.firebasestorage.app\"}","GCLOUD_PROJECT":"aip-v1-3f57c","EVENTARC_CLOUD_EVENT_SOURCE":"projects/aip-v1-3f57c/locations/us-central1/services/emailWebhook","FUNCTION_TARGET":"emailWebhook","LOG_EXECUTION_ID":"true"},"maxInstanceCount":5,"ingressSettings":"ALLOW_ALL","uri":"https://emailwebhook-xo4zljy57a-uc.a.run.app","serviceAccountEmail":"171234470705-compute@developer.gserviceaccount.com","availableMemory":"256Mi","allTrafficOnLatestRevision":true,"revision":"emailwebhook-00007-hox","maxInstanceRequestConcurrency":80,"availableCpu":"1"},"state":"ACTIVE","updateTime":"2026-07-02T10:07:54.129849905Z","labels":{"deployment-tool":"cli-firebase","firebase-functions-hash":"cede43fd8f1389db8766f64926c34e7bd210e264"},"environment":"GEN_2","url":"https://us-central1-aip-v1-3f57c.cloudfunctions.net/emailWebhook","createTime":"2026-07-01T21:23:13.037044955Z","satisfiesPzi":true}]}
[info] i  functions: ensuring required API cloudscheduler.googleapis.com is enabled... 
[debug] [2026-07-09T20:26:03.481Z] Checked if tokens are valid: true, expires at: 1783632331561
[debug] [2026-07-09T20:26:03.481Z] Checked if tokens are valid: true, expires at: 1783632331561
[debug] [2026-07-09T20:26:03.481Z] >>> [apiv2][query] GET https://serviceusage.googleapis.com/v1/projects/171234470705/services/cloudscheduler.googleapis.com [none]
[debug] [2026-07-09T20:26:03.481Z] >>> [apiv2][(partial)header] GET https://serviceusage.googleapis.com/v1/projects/171234470705/services/cloudscheduler.googleapis.com  x-goog-user-project=171234470705
[debug] [2026-07-09T20:26:04.390Z] <<< [apiv2][status] GET https://serviceusage.googleapis.com/v1/projects/171234470705/services/cloudscheduler.googleapis.com 200
[debug] [2026-07-09T20:26:04.390Z] <<< [apiv2][body] GET https://serviceusage.googleapis.com/v1/projects/171234470705/services/cloudscheduler.googleapis.com [omitted]
[warn] !  functions: missing required API cloudscheduler.googleapis.com. Enabling now... 
[debug] [2026-07-09T20:26:04.391Z] Checked if tokens are valid: true, expires at: 1783632331561
[debug] [2026-07-09T20:26:04.391Z] Checked if tokens are valid: true, expires at: 1783632331561
[debug] [2026-07-09T20:26:04.391Z] >>> [apiv2][query] POST https://serviceusage.googleapis.com/v1/projects/171234470705/services/cloudscheduler.googleapis.com:enable [none]
[debug] [2026-07-09T20:26:04.391Z] >>> [apiv2][(partial)header] POST https://serviceusage.googleapis.com/v1/projects/171234470705/services/cloudscheduler.googleapis.com:enable  x-goog-user-project=171234470705
[debug] [2026-07-09T20:26:05.704Z] <<< [apiv2][status] POST https://serviceusage.googleapis.com/v1/projects/171234470705/services/cloudscheduler.googleapis.com:enable 200
[debug] [2026-07-09T20:26:05.704Z] <<< [apiv2][body] POST https://serviceusage.googleapis.com/v1/projects/171234470705/services/cloudscheduler.googleapis.com:enable [omitted]
[info] i  functions: ensuring required API run.googleapis.com is enabled... 
[info] i  functions: ensuring required API eventarc.googleapis.com is enabled... 
[info] i  functions: ensuring required API pubsub.googleapis.com is enabled... 
[info] i  functions: ensuring required API storage.googleapis.com is enabled... 
[info] i  functions: generating the service identity for pubsub.googleapis.com... 
[debug] [2026-07-09T20:26:15.721Z] Checked if tokens are valid: true, expires at: 1783632331561
[debug] [2026-07-09T20:26:15.721Z] Checked if tokens are valid: true, expires at: 1783632331561
[info] i  functions: generating the service identity for eventarc.googleapis.com... 
[debug] [2026-07-09T20:26:15.721Z] Checked if tokens are valid: true, expires at: 1783632331561
[debug] [2026-07-09T20:26:15.721Z] Checked if tokens are valid: true, expires at: 1783632331561
[debug] [2026-07-09T20:26:15.721Z] >>> [apiv2][query] POST https://serviceusage.googleapis.com/v1beta1/projects/171234470705/services/pubsub.googleapis.com:generateServiceIdentity [none]
[debug] [2026-07-09T20:26:15.721Z] >>> [apiv2][(partial)header] POST https://serviceusage.googleapis.com/v1beta1/projects/171234470705/services/pubsub.googleapis.com:generateServiceIdentity  x-goog-user-project=171234470705
[debug] [2026-07-09T20:26:15.721Z] >>> [apiv2][body] POST https://serviceusage.googleapis.com/v1beta1/projects/171234470705/services/pubsub.googleapis.com:generateServiceIdentity {}
[debug] [2026-07-09T20:26:15.722Z] >>> [apiv2][query] POST https://serviceusage.googleapis.com/v1beta1/projects/171234470705/services/eventarc.googleapis.com:generateServiceIdentity [none]
[debug] [2026-07-09T20:26:15.723Z] >>> [apiv2][(partial)header] POST https://serviceusage.googleapis.com/v1beta1/projects/171234470705/services/eventarc.googleapis.com:generateServiceIdentity  x-goog-user-project=171234470705
[debug] [2026-07-09T20:26:15.723Z] >>> [apiv2][body] POST https://serviceusage.googleapis.com/v1beta1/projects/171234470705/services/eventarc.googleapis.com:generateServiceIdentity {}
[debug] [2026-07-09T20:26:16.632Z] <<< [apiv2][status] POST https://serviceusage.googleapis.com/v1beta1/projects/171234470705/services/pubsub.googleapis.com:generateServiceIdentity 200
[debug] [2026-07-09T20:26:16.632Z] <<< [apiv2][body] POST https://serviceusage.googleapis.com/v1beta1/projects/171234470705/services/pubsub.googleapis.com:generateServiceIdentity {"name":"operations/finished.DONE_OPERATION","done":true,"response":{"@type":"type.googleapis.com/google.api.serviceusage.v1beta1.ServiceIdentity","email":"service-171234470705@gcp-sa-pubsub.iam.gserviceaccount.com","uniqueId":"111754360966006704418"}}
[debug] [2026-07-09T20:26:16.634Z] <<< [apiv2][status] POST https://serviceusage.googleapis.com/v1beta1/projects/171234470705/services/eventarc.googleapis.com:generateServiceIdentity 200
[debug] [2026-07-09T20:26:16.634Z] <<< [apiv2][body] POST https://serviceusage.googleapis.com/v1beta1/projects/171234470705/services/eventarc.googleapis.com:generateServiceIdentity {"name":"operations/finished.DONE_OPERATION","done":true,"response":{"@type":"type.googleapis.com/google.api.serviceusage.v1beta1.ServiceIdentity","email":"service-171234470705@gcp-sa-eventarc.iam.gserviceaccount.com","uniqueId":"106260538695072261620"}}
[warn] !  functions: The following functions have reserved minimum instances. This will reduce the frequency of cold starts but increases the minimum cost. You will be charged for the memory allocation and a fraction of the CPU allocation of instances while they are idle.

	createKycSession(us-central1): 1 instances, 256MB of memory each
	executeUserAction(us-central1): 1 instances, 256MB of memory each
	kycAttest(us-central1): 1 instances, 256MB of memory each
	kycInit(us-central1): 1 instances, 256MB of memory each

With these options, your minimum bill will be $27.18 in a 30-day month 
[debug] [2026-07-09T20:27:33.589Z] Checked if tokens are valid: true, expires at: 1783632331561
[debug] [2026-07-09T20:27:33.589Z] Checked if tokens are valid: true, expires at: 1783632331561
[debug] [2026-07-09T20:27:33.589Z] >>> [apiv2][query] GET https://cloudresourcemanager.googleapis.com/v1/projects/aip-v1-3f57c [none]
[debug] [2026-07-09T20:27:33.883Z] <<< [apiv2][status] GET https://cloudresourcemanager.googleapis.com/v1/projects/aip-v1-3f57c 200
[debug] [2026-07-09T20:27:33.883Z] <<< [apiv2][body] GET https://cloudresourcemanager.googleapis.com/v1/projects/aip-v1-3f57c {"projectNumber":"171234470705","projectId":"aip-v1-3f57c","lifecycleState":"ACTIVE","name":"aip-v1","labels":{"firebase":"enabled","firebase-core":"disabled"},"createTime":"2026-06-03T08:32:35.913Z","parent":{"type":"organization","id":"580432241961"}}
[debug] [2026-07-09T20:27:33.883Z] Checked if tokens are valid: true, expires at: 1783632331561
[debug] [2026-07-09T20:27:33.883Z] Checked if tokens are valid: true, expires at: 1783632331561
[debug] [2026-07-09T20:27:33.883Z] >>> [apiv2][query] GET https://compute.googleapis.com/compute/v1/projects/171234470705 [none]
[debug] [2026-07-09T20:27:34.181Z] <<< [apiv2][status] GET https://compute.googleapis.com/compute/v1/projects/171234470705 403
[debug] [2026-07-09T20:27:34.181Z] <<< [apiv2][body] GET https://compute.googleapis.com/compute/v1/projects/171234470705 {"error":{"code":403,"message":"Compute Engine API has not been used in project 171234470705 before or it is disabled. Enable it by visiting https://console.developers.google.com/apis/api/compute.googleapis.com/overview?project=171234470705 then retry. If you enabled this API recently, wait a few minutes for the action to propagate to our systems and retry.","errors":[{"message":"Compute Engine API has not been used in project 171234470705 before or it is disabled. Enable it by visiting https://console.developers.google.com/apis/api/compute.googleapis.com/overview?project=171234470705 then retry. If you enabled this API recently, wait a few minutes for the action to propagate to our systems and retry.","domain":"usageLimits","reason":"accessNotConfigured","extendedHelp":"https://console.developers.google.com"}],"status":"PERMISSION_DENIED","details":[{"@type":"type.googleapis.com/google.rpc.ErrorInfo","reason":"SERVICE_DISABLED","domain":"googleapis.com","metadata":{"consumer":"projects/171234470705","serviceTitle":"Compute Engine API","service":"compute.googleapis.com","activationUrl":"https://console.developers.google.com/apis/api/compute.googleapis.com/overview?project=171234470705","containerInfo":"171234470705"}},{"@type":"type.googleapis.com/google.rpc.LocalizedMessage","locale":"en-US","message":"Compute Engine API has not been used in project 171234470705 before or it is disabled. Enable it by visiting https://console.developers.google.com/apis/api/compute.googleapis.com/overview?project=171234470705 then retry. If you enabled this API recently, wait a few minutes for the action to propagate to our systems and retry."},{"@type":"type.googleapis.com/google.rpc.Help","links":[{"description":"Google developers console API activation","url":"https://console.developers.google.com/apis/api/compute.googleapis.com/overview?project=171234470705"}]}]}}
[debug] [2026-07-09T20:27:34.181Z] unable to look up default compute service account. Falling back to 171234470705-compute@developer.gserviceaccount.com. Error: {"name":"FirebaseError","children":[],"context":{"body":{"error":{"code":403,"message":"Compute Engine API has not been used in project 171234470705 before or it is disabled. Enable it by visiting https://console.developers.google.com/apis/api/compute.googleapis.com/overview?project=171234470705 then retry. If you enabled this API recently, wait a few minutes for the action to propagate to our systems and retry.","errors":[{"message":"Compute Engine API has not been used in project 171234470705 before or it is disabled. Enable it by visiting https://console.developers.google.com/apis/api/compute.googleapis.com/overview?project=171234470705 then retry. If you enabled this API recently, wait a few minutes for the action to propagate to our systems and retry.","domain":"usageLimits","reason":"accessNotConfigured","extendedHelp":"https://console.developers.google.com"}],"status":"PERMISSION_DENIED","details":[{"@type":"type.googleapis.com/google.rpc.ErrorInfo","reason":"SERVICE_DISABLED","domain":"googleapis.com","metadata":{"consumer":"projects/171234470705","serviceTitle":"Compute Engine API","service":"compute.googleapis.com","activationUrl":"https://console.developers.google.com/apis/api/compute.googleapis.com/overview?project=171234470705","containerInfo":"171234470705"}},{"@type":"type.googleapis.com/google.rpc.LocalizedMessage","locale":"en-US","message":"Compute Engine API has not been used in project 171234470705 before or it is disabled. Enable it by visiting https://console.developers.google.com/apis/api/compute.googleapis.com/overview?project=171234470705 then retry. If you enabled this API recently, wait a few minutes for the action to propagate to our systems and retry."},{"@type":"type.googleapis.com/google.rpc.Help","links":[{"description":"Google developers console API activation","url":"https://console.developers.google.com/apis/api/compute.googleapis.com/overview?project=171234470705"}]}]}},"response":{"statusCode":403}},"exit":1,"message":"Request to https://compute.googleapis.com/compute/v1/projects/171234470705 had HTTP Error: 403, Compute Engine API has not been used in project 171234470705 before or it is disabled. Enable it by visiting https://console.developers.google.com/apis/api/compute.googleapis.com/overview?project=171234470705 then retry. If you enabled this API recently, wait a few minutes for the action to propagate to our systems and retry.","status":403}
[debug] [2026-07-09T20:27:34.181Z] Checked if tokens are valid: true, expires at: 1783632331561
[debug] [2026-07-09T20:27:34.181Z] Checked if tokens are valid: true, expires at: 1783632331561
[debug] [2026-07-09T20:27:34.181Z] >>> [apiv2][query] GET https://compute.googleapis.com/compute/v1/projects/171234470705 [none]
[debug] [2026-07-09T20:27:34.388Z] <<< [apiv2][status] GET https://compute.googleapis.com/compute/v1/projects/171234470705 403
[debug] [2026-07-09T20:27:34.388Z] <<< [apiv2][body] GET https://compute.googleapis.com/compute/v1/projects/171234470705 {"error":{"code":403,"message":"Compute Engine API has not been used in project 171234470705 before or it is disabled. Enable it by visiting https://console.developers.google.com/apis/api/compute.googleapis.com/overview?project=171234470705 then retry. If you enabled this API recently, wait a few minutes for the action to propagate to our systems and retry.","errors":[{"message":"Compute Engine API has not been used in project 171234470705 before or it is disabled. Enable it by visiting https://console.developers.google.com/apis/api/compute.googleapis.com/overview?project=171234470705 then retry. If you enabled this API recently, wait a few minutes for the action to propagate to our systems and retry.","domain":"usageLimits","reason":"accessNotConfigured","extendedHelp":"https://console.developers.google.com"}],"status":"PERMISSION_DENIED","details":[{"@type":"type.googleapis.com/google.rpc.ErrorInfo","reason":"SERVICE_DISABLED","domain":"googleapis.com","metadata":{"containerInfo":"171234470705","activationUrl":"https://console.developers.google.com/apis/api/compute.googleapis.com/overview?project=171234470705","service":"compute.googleapis.com","consumer":"projects/171234470705","serviceTitle":"Compute Engine API"}},{"@type":"type.googleapis.com/google.rpc.LocalizedMessage","locale":"en-US","message":"Compute Engine API has not been used in project 171234470705 before or it is disabled. Enable it by visiting https://console.developers.google.com/apis/api/compute.googleapis.com/overview?project=171234470705 then retry. If you enabled this API recently, wait a few minutes for the action to propagate to our systems and retry."},{"@type":"type.googleapis.com/google.rpc.Help","links":[{"description":"Google developers console API activation","url":"https://console.developers.google.com/apis/api/compute.googleapis.com/overview?project=171234470705"}]}]}}
[debug] [2026-07-09T20:27:34.388Z] unable to look up default compute service account. Falling back to 171234470705-compute@developer.gserviceaccount.com. Error: {"name":"FirebaseError","children":[],"context":{"body":{"error":{"code":403,"message":"Compute Engine API has not been used in project 171234470705 before or it is disabled. Enable it by visiting https://console.developers.google.com/apis/api/compute.googleapis.com/overview?project=171234470705 then retry. If you enabled this API recently, wait a few minutes for the action to propagate to our systems and retry.","errors":[{"message":"Compute Engine API has not been used in project 171234470705 before or it is disabled. Enable it by visiting https://console.developers.google.com/apis/api/compute.googleapis.com/overview?project=171234470705 then retry. If you enabled this API recently, wait a few minutes for the action to propagate to our systems and retry.","domain":"usageLimits","reason":"accessNotConfigured","extendedHelp":"https://console.developers.google.com"}],"status":"PERMISSION_DENIED","details":[{"@type":"type.googleapis.com/google.rpc.ErrorInfo","reason":"SERVICE_DISABLED","domain":"googleapis.com","metadata":{"containerInfo":"171234470705","activationUrl":"https://console.developers.google.com/apis/api/compute.googleapis.com/overview?project=171234470705","service":"compute.googleapis.com","consumer":"projects/171234470705","serviceTitle":"Compute Engine API"}},{"@type":"type.googleapis.com/google.rpc.LocalizedMessage","locale":"en-US","message":"Compute Engine API has not been used in project 171234470705 before or it is disabled. Enable it by visiting https://console.developers.google.com/apis/api/compute.googleapis.com/overview?project=171234470705 then retry. If you enabled this API recently, wait a few minutes for the action to propagate to our systems and retry."},{"@type":"type.googleapis.com/google.rpc.Help","links":[{"description":"Google developers console API activation","url":"https://console.developers.google.com/apis/api/compute.googleapis.com/overview?project=171234470705"}]}]}},"response":{"statusCode":403}},"exit":1,"message":"Request to https://compute.googleapis.com/compute/v1/projects/171234470705 had HTTP Error: 403, Compute Engine API has not been used in project 171234470705 before or it is disabled. Enable it by visiting https://console.developers.google.com/apis/api/compute.googleapis.com/overview?project=171234470705 then retry. If you enabled this API recently, wait a few minutes for the action to propagate to our systems and retry.","status":403}
[debug] [2026-07-09T20:27:34.388Z] Checked if tokens are valid: true, expires at: 1783632331561
[debug] [2026-07-09T20:27:34.388Z] Checked if tokens are valid: true, expires at: 1783632331561
[debug] [2026-07-09T20:27:34.388Z] >>> [apiv2][query] GET https://compute.googleapis.com/compute/v1/projects/171234470705 [none]
[debug] [2026-07-09T20:27:34.574Z] <<< [apiv2][status] GET https://compute.googleapis.com/compute/v1/projects/171234470705 403
[debug] [2026-07-09T20:27:34.574Z] <<< [apiv2][body] GET https://compute.googleapis.com/compute/v1/projects/171234470705 {"error":{"code":403,"message":"Compute Engine API has not been used in project 171234470705 before or it is disabled. Enable it by visiting https://console.developers.google.com/apis/api/compute.googleapis.com/overview?project=171234470705 then retry. If you enabled this API recently, wait a few minutes for the action to propagate to our systems and retry.","errors":[{"message":"Compute Engine API has not been used in project 171234470705 before or it is disabled. Enable it by visiting https://console.developers.google.com/apis/api/compute.googleapis.com/overview?project=171234470705 then retry. If you enabled this API recently, wait a few minutes for the action to propagate to our systems and retry.","domain":"usageLimits","reason":"accessNotConfigured","extendedHelp":"https://console.developers.google.com"}],"status":"PERMISSION_DENIED","details":[{"@type":"type.googleapis.com/google.rpc.ErrorInfo","reason":"SERVICE_DISABLED","domain":"googleapis.com","metadata":{"activationUrl":"https://console.developers.google.com/apis/api/compute.googleapis.com/overview?project=171234470705","serviceTitle":"Compute Engine API","containerInfo":"171234470705","service":"compute.googleapis.com","consumer":"projects/171234470705"}},{"@type":"type.googleapis.com/google.rpc.LocalizedMessage","locale":"en-US","message":"Compute Engine API has not been used in project 171234470705 before or it is disabled. Enable it by visiting https://console.developers.google.com/apis/api/compute.googleapis.com/overview?project=171234470705 then retry. If you enabled this API recently, wait a few minutes for the action to propagate to our systems and retry."},{"@type":"type.googleapis.com/google.rpc.Help","links":[{"description":"Google developers console API activation","url":"https://console.developers.google.com/apis/api/compute.googleapis.com/overview?project=171234470705"}]}]}}
[debug] [2026-07-09T20:27:34.575Z] unable to look up default compute service account. Falling back to 171234470705-compute@developer.gserviceaccount.com. Error: {"name":"FirebaseError","children":[],"context":{"body":{"error":{"code":403,"message":"Compute Engine API has not been used in project 171234470705 before or it is disabled. Enable it by visiting https://console.developers.google.com/apis/api/compute.googleapis.com/overview?project=171234470705 then retry. If you enabled this API recently, wait a few minutes for the action to propagate to our systems and retry.","errors":[{"message":"Compute Engine API has not been used in project 171234470705 before or it is disabled. Enable it by visiting https://console.developers.google.com/apis/api/compute.googleapis.com/overview?project=171234470705 then retry. If you enabled this API recently, wait a few minutes for the action to propagate to our systems and retry.","domain":"usageLimits","reason":"accessNotConfigured","extendedHelp":"https://console.developers.google.com"}],"status":"PERMISSION_DENIED","details":[{"@type":"type.googleapis.com/google.rpc.ErrorInfo","reason":"SERVICE_DISABLED","domain":"googleapis.com","metadata":{"activationUrl":"https://console.developers.google.com/apis/api/compute.googleapis.com/overview?project=171234470705","serviceTitle":"Compute Engine API","containerInfo":"171234470705","service":"compute.googleapis.com","consumer":"projects/171234470705"}},{"@type":"type.googleapis.com/google.rpc.LocalizedMessage","locale":"en-US","message":"Compute Engine API has not been used in project 171234470705 before or it is disabled. Enable it by visiting https://console.developers.google.com/apis/api/compute.googleapis.com/overview?project=171234470705 then retry. If you enabled this API recently, wait a few minutes for the action to propagate to our systems and retry."},{"@type":"type.googleapis.com/google.rpc.Help","links":[{"description":"Google developers console API activation","url":"https://console.developers.google.com/apis/api/compute.googleapis.com/overview?project=171234470705"}]}]}},"response":{"statusCode":403}},"exit":1,"message":"Request to https://compute.googleapis.com/compute/v1/projects/171234470705 had HTTP Error: 403, Compute Engine API has not been used in project 171234470705 before or it is disabled. Enable it by visiting https://console.developers.google.com/apis/api/compute.googleapis.com/overview?project=171234470705 then retry. If you enabled this API recently, wait a few minutes for the action to propagate to our systems and retry.","status":403}
[debug] [2026-07-09T20:27:34.575Z] Checked if tokens are valid: true, expires at: 1783632331561
[debug] [2026-07-09T20:27:34.575Z] Checked if tokens are valid: true, expires at: 1783632331561
[debug] [2026-07-09T20:27:34.575Z] >>> [apiv2][query] GET https://compute.googleapis.com/compute/v1/projects/171234470705 [none]
[debug] [2026-07-09T20:27:34.764Z] <<< [apiv2][status] GET https://compute.googleapis.com/compute/v1/projects/171234470705 403
[debug] [2026-07-09T20:27:34.765Z] <<< [apiv2][body] GET https://compute.googleapis.com/compute/v1/projects/171234470705 {"error":{"code":403,"message":"Compute Engine API has not been used in project 171234470705 before or it is disabled. Enable it by visiting https://console.developers.google.com/apis/api/compute.googleapis.com/overview?project=171234470705 then retry. If you enabled this API recently, wait a few minutes for the action to propagate to our systems and retry.","errors":[{"message":"Compute Engine API has not been used in project 171234470705 before or it is disabled. Enable it by visiting https://console.developers.google.com/apis/api/compute.googleapis.com/overview?project=171234470705 then retry. If you enabled this API recently, wait a few minutes for the action to propagate to our systems and retry.","domain":"usageLimits","reason":"accessNotConfigured","extendedHelp":"https://console.developers.google.com"}],"status":"PERMISSION_DENIED","details":[{"@type":"type.googleapis.com/google.rpc.ErrorInfo","reason":"SERVICE_DISABLED","domain":"googleapis.com","metadata":{"activationUrl":"https://console.developers.google.com/apis/api/compute.googleapis.com/overview?project=171234470705","serviceTitle":"Compute Engine API","containerInfo":"171234470705","service":"compute.googleapis.com","consumer":"projects/171234470705"}},{"@type":"type.googleapis.com/google.rpc.LocalizedMessage","locale":"en-US","message":"Compute Engine API has not been used in project 171234470705 before or it is disabled. Enable it by visiting https://console.developers.google.com/apis/api/compute.googleapis.com/overview?project=171234470705 then retry. If you enabled this API recently, wait a few minutes for the action to propagate to our systems and retry."},{"@type":"type.googleapis.com/google.rpc.Help","links":[{"description":"Google developers console API activation","url":"https://console.developers.google.com/apis/api/compute.googleapis.com/overview?project=171234470705"}]}]}}
[debug] [2026-07-09T20:27:34.765Z] unable to look up default compute service account. Falling back to 171234470705-compute@developer.gserviceaccount.com. Error: {"name":"FirebaseError","children":[],"context":{"body":{"error":{"code":403,"message":"Compute Engine API has not been used in project 171234470705 before or it is disabled. Enable it by visiting https://console.developers.google.com/apis/api/compute.googleapis.com/overview?project=171234470705 then retry. If you enabled this API recently, wait a few minutes for the action to propagate to our systems and retry.","errors":[{"message":"Compute Engine API has not been used in project 171234470705 before or it is disabled. Enable it by visiting https://console.developers.google.com/apis/api/compute.googleapis.com/overview?project=171234470705 then retry. If you enabled this API recently, wait a few minutes for the action to propagate to our systems and retry.","domain":"usageLimits","reason":"accessNotConfigured","extendedHelp":"https://console.developers.google.com"}],"status":"PERMISSION_DENIED","details":[{"@type":"type.googleapis.com/google.rpc.ErrorInfo","reason":"SERVICE_DISABLED","domain":"googleapis.com","metadata":{"activationUrl":"https://console.developers.google.com/apis/api/compute.googleapis.com/overview?project=171234470705","serviceTitle":"Compute Engine API","containerInfo":"171234470705","service":"compute.googleapis.com","consumer":"projects/171234470705"}},{"@type":"type.googleapis.com/google.rpc.LocalizedMessage","locale":"en-US","message":"Compute Engine API has not been used in project 171234470705 before or it is disabled. Enable it by visiting https://console.developers.google.com/apis/api/compute.googleapis.com/overview?project=171234470705 then retry. If you enabled this API recently, wait a few minutes for the action to propagate to our systems and retry."},{"@type":"type.googleapis.com/google.rpc.Help","links":[{"description":"Google developers console API activation","url":"https://console.developers.google.com/apis/api/compute.googleapis.com/overview?project=171234470705"}]}]}},"response":{"statusCode":403}},"exit":1,"message":"Request to https://compute.googleapis.com/compute/v1/projects/171234470705 had HTTP Error: 403, Compute Engine API has not been used in project 171234470705 before or it is disabled. Enable it by visiting https://console.developers.google.com/apis/api/compute.googleapis.com/overview?project=171234470705 then retry. If you enabled this API recently, wait a few minutes for the action to propagate to our systems and retry.","status":403}
[debug] [2026-07-09T20:27:34.765Z] Checked if tokens are valid: true, expires at: 1783632331561
[debug] [2026-07-09T20:27:34.765Z] Checked if tokens are valid: true, expires at: 1783632331561
[debug] [2026-07-09T20:27:34.766Z] >>> [apiv2][query] GET https://compute.googleapis.com/compute/v1/projects/171234470705 [none]
[debug] [2026-07-09T20:27:34.949Z] <<< [apiv2][status] GET https://compute.googleapis.com/compute/v1/projects/171234470705 403
[debug] [2026-07-09T20:27:34.949Z] <<< [apiv2][body] GET https://compute.googleapis.com/compute/v1/projects/171234470705 {"error":{"code":403,"message":"Compute Engine API has not been used in project 171234470705 before or it is disabled. Enable it by visiting https://console.developers.google.com/apis/api/compute.googleapis.com/overview?project=171234470705 then retry. If you enabled this API recently, wait a few minutes for the action to propagate to our systems and retry.","errors":[{"message":"Compute Engine API has not been used in project 171234470705 before or it is disabled. Enable it by visiting https://console.developers.google.com/apis/api/compute.googleapis.com/overview?project=171234470705 then retry. If you enabled this API recently, wait a few minutes for the action to propagate to our systems and retry.","domain":"usageLimits","reason":"accessNotConfigured","extendedHelp":"https://console.developers.google.com"}],"status":"PERMISSION_DENIED","details":[{"@type":"type.googleapis.com/google.rpc.ErrorInfo","reason":"SERVICE_DISABLED","domain":"googleapis.com","metadata":{"serviceTitle":"Compute Engine API","consumer":"projects/171234470705","activationUrl":"https://console.developers.google.com/apis/api/compute.googleapis.com/overview?project=171234470705","containerInfo":"171234470705","service":"compute.googleapis.com"}},{"@type":"type.googleapis.com/google.rpc.LocalizedMessage","locale":"en-US","message":"Compute Engine API has not been used in project 171234470705 before or it is disabled. Enable it by visiting https://console.developers.google.com/apis/api/compute.googleapis.com/overview?project=171234470705 then retry. If you enabled this API recently, wait a few minutes for the action to propagate to our systems and retry."},{"@type":"type.googleapis.com/google.rpc.Help","links":[{"description":"Google developers console API activation","url":"https://console.developers.google.com/apis/api/compute.googleapis.com/overview?project=171234470705"}]}]}}
[debug] [2026-07-09T20:27:34.949Z] unable to look up default compute service account. Falling back to 171234470705-compute@developer.gserviceaccount.com. Error: {"name":"FirebaseError","children":[],"context":{"body":{"error":{"code":403,"message":"Compute Engine API has not been used in project 171234470705 before or it is disabled. Enable it by visiting https://console.developers.google.com/apis/api/compute.googleapis.com/overview?project=171234470705 then retry. If you enabled this API recently, wait a few minutes for the action to propagate to our systems and retry.","errors":[{"message":"Compute Engine API has not been used in project 171234470705 before or it is disabled. Enable it by visiting https://console.developers.google.com/apis/api/compute.googleapis.com/overview?project=171234470705 then retry. If you enabled this API recently, wait a few minutes for the action to propagate to our systems and retry.","domain":"usageLimits","reason":"accessNotConfigured","extendedHelp":"https://console.developers.google.com"}],"status":"PERMISSION_DENIED","details":[{"@type":"type.googleapis.com/google.rpc.ErrorInfo","reason":"SERVICE_DISABLED","domain":"googleapis.com","metadata":{"serviceTitle":"Compute Engine API","consumer":"projects/171234470705","activationUrl":"https://console.developers.google.com/apis/api/compute.googleapis.com/overview?project=171234470705","containerInfo":"171234470705","service":"compute.googleapis.com"}},{"@type":"type.googleapis.com/google.rpc.LocalizedMessage","locale":"en-US","message":"Compute Engine API has not been used in project 171234470705 before or it is disabled. Enable it by visiting https://console.developers.google.com/apis/api/compute.googleapis.com/overview?project=171234470705 then retry. If you enabled this API recently, wait a few minutes for the action to propagate to our systems and retry."},{"@type":"type.googleapis.com/google.rpc.Help","links":[{"description":"Google developers console API activation","url":"https://console.developers.google.com/apis/api/compute.googleapis.com/overview?project=171234470705"}]}]}},"response":{"statusCode":403}},"exit":1,"message":"Request to https://compute.googleapis.com/compute/v1/projects/171234470705 had HTTP Error: 403, Compute Engine API has not been used in project 171234470705 before or it is disabled. Enable it by visiting https://console.developers.google.com/apis/api/compute.googleapis.com/overview?project=171234470705 then retry. If you enabled this API recently, wait a few minutes for the action to propagate to our systems and retry.","status":403}
[debug] [2026-07-09T20:27:34.949Z] Checked if tokens are valid: true, expires at: 1783632331561
[debug] [2026-07-09T20:27:34.949Z] Checked if tokens are valid: true, expires at: 1783632331561
[debug] [2026-07-09T20:27:34.949Z] >>> [apiv2][query] GET https://compute.googleapis.com/compute/v1/projects/171234470705 [none]
[debug] [2026-07-09T20:27:35.265Z] <<< [apiv2][status] GET https://compute.googleapis.com/compute/v1/projects/171234470705 403
[debug] [2026-07-09T20:27:35.265Z] <<< [apiv2][body] GET https://compute.googleapis.com/compute/v1/projects/171234470705 {"error":{"code":403,"message":"Compute Engine API has not been used in project 171234470705 before or it is disabled. Enable it by visiting https://console.developers.google.com/apis/api/compute.googleapis.com/overview?project=171234470705 then retry. If you enabled this API recently, wait a few minutes for the action to propagate to our systems and retry.","errors":[{"message":"Compute Engine API has not been used in project 171234470705 before or it is disabled. Enable it by visiting https://console.developers.google.com/apis/api/compute.googleapis.com/overview?project=171234470705 then retry. If you enabled this API recently, wait a few minutes for the action to propagate to our systems and retry.","domain":"usageLimits","reason":"accessNotConfigured","extendedHelp":"https://console.developers.google.com"}],"status":"PERMISSION_DENIED","details":[{"@type":"type.googleapis.com/google.rpc.ErrorInfo","reason":"SERVICE_DISABLED","domain":"googleapis.com","metadata":{"serviceTitle":"Compute Engine API","activationUrl":"https://console.developers.google.com/apis/api/compute.googleapis.com/overview?project=171234470705","consumer":"projects/171234470705","containerInfo":"171234470705","service":"compute.googleapis.com"}},{"@type":"type.googleapis.com/google.rpc.LocalizedMessage","locale":"en-US","message":"Compute Engine API has not been used in project 171234470705 before or it is disabled. Enable it by visiting https://console.developers.google.com/apis/api/compute.googleapis.com/overview?project=171234470705 then retry. If you enabled this API recently, wait a few minutes for the action to propagate to our systems and retry."},{"@type":"type.googleapis.com/google.rpc.Help","links":[{"description":"Google developers console API activation","url":"https://console.developers.google.com/apis/api/compute.googleapis.com/overview?project=171234470705"}]}]}}
[debug] [2026-07-09T20:27:35.265Z] unable to look up default compute service account. Falling back to 171234470705-compute@developer.gserviceaccount.com. Error: {"name":"FirebaseError","children":[],"context":{"body":{"error":{"code":403,"message":"Compute Engine API has not been used in project 171234470705 before or it is disabled. Enable it by visiting https://console.developers.google.com/apis/api/compute.googleapis.com/overview?project=171234470705 then retry. If you enabled this API recently, wait a few minutes for the action to propagate to our systems and retry.","errors":[{"message":"Compute Engine API has not been used in project 171234470705 before or it is disabled. Enable it by visiting https://console.developers.google.com/apis/api/compute.googleapis.com/overview?project=171234470705 then retry. If you enabled this API recently, wait a few minutes for the action to propagate to our systems and retry.","domain":"usageLimits","reason":"accessNotConfigured","extendedHelp":"https://console.developers.google.com"}],"status":"PERMISSION_DENIED","details":[{"@type":"type.googleapis.com/google.rpc.ErrorInfo","reason":"SERVICE_DISABLED","domain":"googleapis.com","metadata":{"serviceTitle":"Compute Engine API","activationUrl":"https://console.developers.google.com/apis/api/compute.googleapis.com/overview?project=171234470705","consumer":"projects/171234470705","containerInfo":"171234470705","service":"compute.googleapis.com"}},{"@type":"type.googleapis.com/google.rpc.LocalizedMessage","locale":"en-US","message":"Compute Engine API has not been used in project 171234470705 before or it is disabled. Enable it by visiting https://console.developers.google.com/apis/api/compute.googleapis.com/overview?project=171234470705 then retry. If you enabled this API recently, wait a few minutes for the action to propagate to our systems and retry."},{"@type":"type.googleapis.com/google.rpc.Help","links":[{"description":"Google developers console API activation","url":"https://console.developers.google.com/apis/api/compute.googleapis.com/overview?project=171234470705"}]}]}},"response":{"statusCode":403}},"exit":1,"message":"Request to https://compute.googleapis.com/compute/v1/projects/171234470705 had HTTP Error: 403, Compute Engine API has not been used in project 171234470705 before or it is disabled. Enable it by visiting https://console.developers.google.com/apis/api/compute.googleapis.com/overview?project=171234470705 then retry. If you enabled this API recently, wait a few minutes for the action to propagate to our systems and retry.","status":403}
[debug] [2026-07-09T20:27:35.265Z] Checked if tokens are valid: true, expires at: 1783632331561
[debug] [2026-07-09T20:27:35.265Z] Checked if tokens are valid: true, expires at: 1783632331561
[debug] [2026-07-09T20:27:35.265Z] >>> [apiv2][query] GET https://compute.googleapis.com/compute/v1/projects/171234470705 [none]
[debug] [2026-07-09T20:27:35.474Z] <<< [apiv2][status] GET https://compute.googleapis.com/compute/v1/projects/171234470705 403
[debug] [2026-07-09T20:27:35.474Z] <<< [apiv2][body] GET https://compute.googleapis.com/compute/v1/projects/171234470705 {"error":{"code":403,"message":"Compute Engine API has not been used in project 171234470705 before or it is disabled. Enable it by visiting https://console.developers.google.com/apis/api/compute.googleapis.com/overview?project=171234470705 then retry. If you enabled this API recently, wait a few minutes for the action to propagate to our systems and retry.","errors":[{"message":"Compute Engine API has not been used in project 171234470705 before or it is disabled. Enable it by visiting https://console.developers.google.com/apis/api/compute.googleapis.com/overview?project=171234470705 then retry. If you enabled this API recently, wait a few minutes for the action to propagate to our systems and retry.","domain":"usageLimits","reason":"accessNotConfigured","extendedHelp":"https://console.developers.google.com"}],"status":"PERMISSION_DENIED","details":[{"@type":"type.googleapis.com/google.rpc.ErrorInfo","reason":"SERVICE_DISABLED","domain":"googleapis.com","metadata":{"service":"compute.googleapis.com","serviceTitle":"Compute Engine API","containerInfo":"171234470705","activationUrl":"https://console.developers.google.com/apis/api/compute.googleapis.com/overview?project=171234470705","consumer":"projects/171234470705"}},{"@type":"type.googleapis.com/google.rpc.LocalizedMessage","locale":"en-US","message":"Compute Engine API has not been used in project 171234470705 before or it is disabled. Enable it by visiting https://console.developers.google.com/apis/api/compute.googleapis.com/overview?project=171234470705 then retry. If you enabled this API recently, wait a few minutes for the action to propagate to our systems and retry."},{"@type":"type.googleapis.com/google.rpc.Help","links":[{"description":"Google developers console API activation","url":"https://console.developers.google.com/apis/api/compute.googleapis.com/overview?project=171234470705"}]}]}}
[debug] [2026-07-09T20:27:35.475Z] unable to look up default compute service account. Falling back to 171234470705-compute@developer.gserviceaccount.com. Error: {"name":"FirebaseError","children":[],"context":{"body":{"error":{"code":403,"message":"Compute Engine API has not been used in project 171234470705 before or it is disabled. Enable it by visiting https://console.developers.google.com/apis/api/compute.googleapis.com/overview?project=171234470705 then retry. If you enabled this API recently, wait a few minutes for the action to propagate to our systems and retry.","errors":[{"message":"Compute Engine API has not been used in project 171234470705 before or it is disabled. Enable it by visiting https://console.developers.google.com/apis/api/compute.googleapis.com/overview?project=171234470705 then retry. If you enabled this API recently, wait a few minutes for the action to propagate to our systems and retry.","domain":"usageLimits","reason":"accessNotConfigured","extendedHelp":"https://console.developers.google.com"}],"status":"PERMISSION_DENIED","details":[{"@type":"type.googleapis.com/google.rpc.ErrorInfo","reason":"SERVICE_DISABLED","domain":"googleapis.com","metadata":{"service":"compute.googleapis.com","serviceTitle":"Compute Engine API","containerInfo":"171234470705","activationUrl":"https://console.developers.google.com/apis/api/compute.googleapis.com/overview?project=171234470705","consumer":"projects/171234470705"}},{"@type":"type.googleapis.com/google.rpc.LocalizedMessage","locale":"en-US","message":"Compute Engine API has not been used in project 171234470705 before or it is disabled. Enable it by visiting https://console.developers.google.com/apis/api/compute.googleapis.com/overview?project=171234470705 then retry. If you enabled this API recently, wait a few minutes for the action to propagate to our systems and retry."},{"@type":"type.googleapis.com/google.rpc.Help","links":[{"description":"Google developers console API activation","url":"https://console.developers.google.com/apis/api/compute.googleapis.com/overview?project=171234470705"}]}]}},"response":{"statusCode":403}},"exit":1,"message":"Request to https://compute.googleapis.com/compute/v1/projects/171234470705 had HTTP Error: 403, Compute Engine API has not been used in project 171234470705 before or it is disabled. Enable it by visiting https://console.developers.google.com/apis/api/compute.googleapis.com/overview?project=171234470705 then retry. If you enabled this API recently, wait a few minutes for the action to propagate to our systems and retry.","status":403}
[debug] [2026-07-09T20:27:35.475Z] Checked if tokens are valid: true, expires at: 1783632331561
[debug] [2026-07-09T20:27:35.475Z] Checked if tokens are valid: true, expires at: 1783632331561
[debug] [2026-07-09T20:27:35.475Z] >>> [apiv2][query] GET https://cloudbilling.googleapis.com/v1/projects/aip-v1-3f57c/billingInfo [none]
[debug] [2026-07-09T20:27:36.105Z] <<< [apiv2][status] GET https://cloudbilling.googleapis.com/v1/projects/aip-v1-3f57c/billingInfo 200
[debug] [2026-07-09T20:27:36.105Z] <<< [apiv2][body] GET https://cloudbilling.googleapis.com/v1/projects/aip-v1-3f57c/billingInfo {"name":"projects/aip-v1-3f57c/billingInfo","projectId":"aip-v1-3f57c","billingAccountName":"billingAccounts/012C10-21D797-1DC3B4","billingEnabled":true}
[debug] [2026-07-09T20:27:36.106Z] Checked if tokens are valid: true, expires at: 1783632331561
[debug] [2026-07-09T20:27:36.106Z] Checked if tokens are valid: true, expires at: 1783632331561
[debug] [2026-07-09T20:27:36.106Z] >>> [apiv2][query] POST https://cloudfunctions.googleapis.com/v2/projects/aip-v1-3f57c/locations/us-central1/functions:generateUploadUrl [none]
[debug] [2026-07-09T20:27:37.045Z] <<< [apiv2][status] POST https://cloudfunctions.googleapis.com/v2/projects/aip-v1-3f57c/locations/us-central1/functions:generateUploadUrl 200
[debug] [2026-07-09T20:27:37.045Z] <<< [apiv2][body] POST https://cloudfunctions.googleapis.com/v2/projects/aip-v1-3f57c/locations/us-central1/functions:generateUploadUrl {"uploadUrl":"https://storage.googleapis.com/gcf-v2-uploads-171234470705.us-central1.cloudfunctions.appspot.com/72a5b086-9b24-48cf-9c6e-8c3be143637e.zip?GoogleAccessId=service-171234470705@gcf-admin-robot.iam.gserviceaccount.com&Expires=1783630657&Signature=mF%2FZH%2FrGA9OgPySqXYDCNSOzAee2NmWCPWAPTTXv403jQ3KrPB8hr9M19Rgx6bWxLh4eWocj1vTH2vq2c9ngD0knfkJZGFkv0GAjtqlfGxd431uzmMn%2FLrUOqv62E6JdFIOYDdHmAcva4xJcXyFVlxSKvvbegW2HWNSTDw8IOY9OqewvXokV16vfMR7194F1afUML3UauaddkCPVZcBSM1N707f1erpgDIJs9e4wyG1y9VgWm9usRT9xqYeShUsu1LZV83XV6mC9M68EJbFSm5fmToBOhaOnPNjwSk6wUnVU9oEcifmO9p2X%2FnpMOOMlJ1HEIfeGSS%2FzBNrJn7lNfg%3D%3D","storageSource":{"bucket":"gcf-v2-uploads-171234470705.us-central1.cloudfunctions.appspot.com","object":"72a5b086-9b24-48cf-9c6e-8c3be143637e.zip"}}
[debug] [2026-07-09T20:27:37.045Z] >>> [apiv2][query] PUT https://storage.googleapis.com/gcf-v2-uploads-171234470705.us-central1.cloudfunctions.appspot.com/72a5b086-9b24-48cf-9c6e-8c3be143637e.zip GoogleAccessId=service-171234470705%40gcf-admin-robot.iam.gserviceaccount.com&Expires=1783630657&Signature=mF%2FZH%2FrGA9OgPySqXYDCNSOzAee2NmWCPWAPTTXv403jQ3KrPB8hr9M19Rgx6bWxLh4eWocj1vTH2vq2c9ngD0knfkJZGFkv0GAjtqlfGxd431uzmMn%2FLrUOqv62E6JdFIOYDdHmAcva4xJcXyFVlxSKvvbegW2HWNSTDw8IOY9OqewvXokV16vfMR7194F1afUML3UauaddkCPVZcBSM1N707f1erpgDIJs9e4wyG1y9VgWm9usRT9xqYeShUsu1LZV83XV6mC9M68EJbFSm5fmToBOhaOnPNjwSk6wUnVU9oEcifmO9p2X%2FnpMOOMlJ1HEIfeGSS%2FzBNrJn7lNfg%3D%3D
[debug] [2026-07-09T20:27:37.045Z] >>> [apiv2][body] PUT https://storage.googleapis.com/gcf-v2-uploads-171234470705.us-central1.cloudfunctions.appspot.com/72a5b086-9b24-48cf-9c6e-8c3be143637e.zip [stream]
[debug] [2026-07-09T20:27:37.505Z] <<< [apiv2][status] PUT https://storage.googleapis.com/gcf-v2-uploads-171234470705.us-central1.cloudfunctions.appspot.com/72a5b086-9b24-48cf-9c6e-8c3be143637e.zip 200
[debug] [2026-07-09T20:27:37.505Z] <<< [apiv2][body] PUT https://storage.googleapis.com/gcf-v2-uploads-171234470705.us-central1.cloudfunctions.appspot.com/72a5b086-9b24-48cf-9c6e-8c3be143637e.zip [omitted]
[info] +  functions: functions source uploaded successfully 
[info] i  functions: creating Node.js 20 (2nd Gen) function createKycSession(us-central1)... 
[info] i  functions: creating Node.js 20 (2nd Gen) function kycInit(us-central1)... 
[info] i  functions: creating Node.js 20 (2nd Gen) function kycAttest(us-central1)... 
[info] i  functions: creating Node.js 20 (2nd Gen) function cleanupKycSessions(us-central1)... 
[info] i  functions: updating Node.js 20 (2nd Gen) function executeUserAction(us-central1)... 
[info] i  functions: updating Node.js 20 (2nd Gen) function emailWebhook(us-central1)... 
[info] i  functions: updating Node.js 20 (2nd Gen) function whatsappWebhook(us-central1)... 
[debug] [2026-07-09T20:27:37.510Z] Checked if tokens are valid: true, expires at: 1783632331561
[debug] [2026-07-09T20:27:37.510Z] Checked if tokens are valid: true, expires at: 1783632331561
[debug] [2026-07-09T20:27:37.510Z] >>> [apiv2][query] POST https://cloudfunctions.googleapis.com/v2/projects/aip-v1-3f57c/locations/us-central1/functions functionId=createKycSession
[debug] [2026-07-09T20:27:37.510Z] >>> [apiv2][body] POST https://cloudfunctions.googleapis.com/v2/projects/aip-v1-3f57c/locations/us-central1/functions {"name":"projects/aip-v1-3f57c/locations/us-central1/functions/createKycSession","buildConfig":{"runtime":"nodejs20","entryPoint":"createKycSession","source":{"storageSource":{"bucket":"gcf-v2-uploads-171234470705.us-central1.cloudfunctions.appspot.com","object":"72a5b086-9b24-48cf-9c6e-8c3be143637e.zip"}},"environmentVariables":{"GOOGLE_NODE_RUN_SCRIPTS":""}},"serviceConfig":{"environmentVariables":{"SENDGRID_WEBHOOK_KEY":"tu_clave_secreta_aqui","META_WEBHOOK_VERIFY_TOKEN":"tu_token_de_verificacion","META_WHATSAPP_ACCESS_TOKEN":"tu_access_token_de_meta","FIREBASE_CONFIG":"{\"projectId\":\"aip-v1-3f57c\",\"storageBucket\":\"aip-v1-3f57c.firebasestorage.app\"}","GCLOUD_PROJECT":"aip-v1-3f57c","EVENTARC_CLOUD_EVENT_SOURCE":"projects/aip-v1-3f57c/locations/us-central1/services/createKycSession","FUNCTION_TARGET":"createKycSession","LOG_EXECUTION_ID":"true"},"ingressSettings":null,"timeoutSeconds":null,"serviceAccountEmail":null,"availableMemory":"256Mi","minInstanceCount":1,"maxInstanceCount":null,"maxInstanceRequestConcurrency":80,"availableCpu":"1","vpcConnector":null,"vpcConnectorEgressSettings":null},"labels":{"deployment-tool":"cli-firebase","deployment-callable":"true","firebase-functions-hash":"1fef5414712d901cd2c8056debfc465a0058a8e3"}}
[debug] [2026-07-09T20:27:38.997Z] <<< [apiv2][status] POST https://cloudfunctions.googleapis.com/v2/projects/aip-v1-3f57c/locations/us-central1/functions 200
[debug] [2026-07-09T20:27:38.997Z] <<< [apiv2][body] POST https://cloudfunctions.googleapis.com/v2/projects/aip-v1-3f57c/locations/us-central1/functions {"name":"projects/aip-v1-3f57c/locations/us-central1/operations/operation-1783628858750-656337489744c-f239f74d-510dfb74","metadata":{"@type":"type.googleapis.com/google.cloud.functions.v2.OperationMetadata","createTime":"2026-07-09T20:27:39.464845760Z","target":"projects/aip-v1-3f57c/locations/us-central1/functions/createKycSession","verb":"create","cancelRequested":false,"apiVersion":"v2"},"done":false}
[debug] [2026-07-09T20:27:38.998Z] Checked if tokens are valid: true, expires at: 1783632331561
[debug] [2026-07-09T20:27:38.998Z] Checked if tokens are valid: true, expires at: 1783632331561
[debug] [2026-07-09T20:27:38.998Z] >>> [apiv2][query] GET https://cloudfunctions.googleapis.com/v2/projects/aip-v1-3f57c/locations/us-central1/operations/operation-1783628858750-656337489744c-f239f74d-510dfb74 [none]
[debug] [2026-07-09T20:27:40.901Z] <<< [apiv2][status] GET https://cloudfunctions.googleapis.com/v2/projects/aip-v1-3f57c/locations/us-central1/operations/operation-1783628858750-656337489744c-f239f74d-510dfb74 200
[debug] [2026-07-09T20:27:40.901Z] <<< [apiv2][body] GET https://cloudfunctions.googleapis.com/v2/projects/aip-v1-3f57c/locations/us-central1/operations/operation-1783628858750-656337489744c-f239f74d-510dfb74 {"name":"projects/aip-v1-3f57c/locations/us-central1/operations/operation-1783628858750-656337489744c-f239f74d-510dfb74","metadata":{"@type":"type.googleapis.com/google.cloud.functions.v2.OperationMetadata","createTime":"2026-07-09T20:27:39.464845760Z","target":"projects/aip-v1-3f57c/locations/us-central1/functions/createKycSession","verb":"create","cancelRequested":false,"apiVersion":"v2","requestResource":{"@type":"type.googleapis.com/google.cloud.functions.v2.Function","name":"projects/aip-v1-3f57c/locations/us-central1/functions/createKycSession","buildConfig":{"runtime":"nodejs20","entryPoint":"createKycSession","source":{"storageSource":{"bucket":"gcf-v2-sources-171234470705-us-central1","object":"createKycSession/function-source.zip","generation":"1783628859061477"}},"environmentVariables":{"GOOGLE_NODE_RUN_SCRIPTS":""},"serviceAccount":"projects/aip-v1-3f57c/serviceAccounts/171234470705-compute@developer.gserviceaccount.com","automaticUpdatePolicy":{}},"serviceConfig":{"service":"projects/aip-v1-3f57c/locations/us-central1/services/createkycsession","timeoutSeconds":60,"environmentVariables":{"SENDGRID_WEBHOOK_KEY":"tu_clave_secreta_aqui","META_WEBHOOK_VERIFY_TOKEN":"tu_token_de_verificacion","META_WHATSAPP_ACCESS_TOKEN":"tu_access_token_de_meta","FIREBASE_CONFIG":"{\"projectId\":\"aip-v1-3f57c\",\"storageBucket\":\"aip-v1-3f57c.firebasestorage.app\"}","GCLOUD_PROJECT":"aip-v1-3f57c","EVENTARC_CLOUD_EVENT_SOURCE":"projects/aip-v1-3f57c/locations/us-central1/services/createKycSession","FUNCTION_TARGET":"createKycSession","LOG_EXECUTION_ID":"true"},"ingressSettings":"ALLOW_ALL","serviceAccountEmail":"171234470705-compute@developer.gserviceaccount.com","minInstanceCount":1,"availableMemory":"256Mi","maxInstanceRequestConcurrency":80,"availableCpu":"1"},"labels":{"deployment-tool":"cli-firebase","deployment-callable":"true","firebase-functions-hash":"1fef5414712d901cd2c8056debfc465a0058a8e3"},"environment":"GEN_2"},"stages":[{"name":"BUILD","message":"Build in progress","state":"IN_PROGRESS","resource":"projects/171234470705/locations/us-central1/builds/99fb606a-ecd5-4579-9c92-89a3dab6ec2a","resourceUri":"https://console.cloud.google.com/cloud-build/builds;region=us-central1/99fb606a-ecd5-4579-9c92-89a3dab6ec2a?project=171234470705"},{"name":"SERVICE","state":"NOT_STARTED"}],"operationType":"CREATE_FUNCTION","buildName":"projects/171234470705/locations/us-central1/builds/99fb606a-ecd5-4579-9c92-89a3dab6ec2a"},"done":false}
[debug] [2026-07-09T20:27:41.403Z] [create-default-us-central1-createKycSession] Retrying task index 0
[debug] [2026-07-09T20:27:41.403Z] Checked if tokens are valid: true, expires at: 1783632331561
[debug] [2026-07-09T20:27:41.403Z] Checked if tokens are valid: true, expires at: 1783632331561
[debug] [2026-07-09T20:27:41.404Z] >>> [apiv2][query] GET https://cloudfunctions.googleapis.com/v2/projects/aip-v1-3f57c/locations/us-central1/operations/operation-1783628858750-656337489744c-f239f74d-510dfb74 [none]
[debug] [2026-07-09T20:27:42.136Z] <<< [apiv2][status] GET https://cloudfunctions.googleapis.com/v2/projects/aip-v1-3f57c/locations/us-central1/operations/operation-1783628858750-656337489744c-f239f74d-510dfb74 200
[debug] [2026-07-09T20:27:42.136Z] <<< [apiv2][body] GET https://cloudfunctions.googleapis.com/v2/projects/aip-v1-3f57c/locations/us-central1/operations/operation-1783628858750-656337489744c-f239f74d-510dfb74 {"name":"projects/aip-v1-3f57c/locations/us-central1/operations/operation-1783628858750-656337489744c-f239f74d-510dfb74","metadata":{"@type":"type.googleapis.com/google.cloud.functions.v2.OperationMetadata","createTime":"2026-07-09T20:27:39.464845760Z","target":"projects/aip-v1-3f57c/locations/us-central1/functions/createKycSession","verb":"create","cancelRequested":false,"apiVersion":"v2","requestResource":{"@type":"type.googleapis.com/google.cloud.functions.v2.Function","name":"projects/aip-v1-3f57c/locations/us-central1/functions/createKycSession","buildConfig":{"runtime":"nodejs20","entryPoint":"createKycSession","source":{"storageSource":{"bucket":"gcf-v2-sources-171234470705-us-central1","object":"createKycSession/function-source.zip","generation":"1783628859061477"}},"environmentVariables":{"GOOGLE_NODE_RUN_SCRIPTS":""},"serviceAccount":"projects/aip-v1-3f57c/serviceAccounts/171234470705-compute@developer.gserviceaccount.com","automaticUpdatePolicy":{}},"serviceConfig":{"service":"projects/aip-v1-3f57c/locations/us-central1/services/createkycsession","timeoutSeconds":60,"environmentVariables":{"SENDGRID_WEBHOOK_KEY":"tu_clave_secreta_aqui","META_WEBHOOK_VERIFY_TOKEN":"tu_token_de_verificacion","META_WHATSAPP_ACCESS_TOKEN":"tu_access_token_de_meta","FIREBASE_CONFIG":"{\"projectId\":\"aip-v1-3f57c\",\"storageBucket\":\"aip-v1-3f57c.firebasestorage.app\"}","GCLOUD_PROJECT":"aip-v1-3f57c","EVENTARC_CLOUD_EVENT_SOURCE":"projects/aip-v1-3f57c/locations/us-central1/services/createKycSession","FUNCTION_TARGET":"createKycSession","LOG_EXECUTION_ID":"true"},"ingressSettings":"ALLOW_ALL","serviceAccountEmail":"171234470705-compute@developer.gserviceaccount.com","minInstanceCount":1,"availableMemory":"256Mi","maxInstanceRequestConcurrency":80,"availableCpu":"1"},"labels":{"deployment-tool":"cli-firebase","deployment-callable":"true","firebase-functions-hash":"1fef5414712d901cd2c8056debfc465a0058a8e3"},"environment":"GEN_2"},"stages":[{"name":"BUILD","message":"Build in progress","state":"IN_PROGRESS","resource":"projects/171234470705/locations/us-central1/builds/99fb606a-ecd5-4579-9c92-89a3dab6ec2a","resourceUri":"https://console.cloud.google.com/cloud-build/builds;region=us-central1/99fb606a-ecd5-4579-9c92-89a3dab6ec2a?project=171234470705"},{"name":"SERVICE","state":"NOT_STARTED"}],"operationType":"CREATE_FUNCTION","buildName":"projects/171234470705/locations/us-central1/builds/99fb606a-ecd5-4579-9c92-89a3dab6ec2a"},"done":false}
[debug] [2026-07-09T20:27:43.152Z] [create-default-us-central1-createKycSession] Retrying task index 0
[debug] [2026-07-09T20:27:43.153Z] Checked if tokens are valid: true, expires at: 1783632331561
[debug] [2026-07-09T20:27:43.153Z] Checked if tokens are valid: true, expires at: 1783632331561
[debug] [2026-07-09T20:27:43.153Z] >>> [apiv2][query] GET https://cloudfunctions.googleapis.com/v2/projects/aip-v1-3f57c/locations/us-central1/operations/operation-1783628858750-656337489744c-f239f74d-510dfb74 [none]
[debug] [2026-07-09T20:27:43.884Z] <<< [apiv2][status] GET https://cloudfunctions.googleapis.com/v2/projects/aip-v1-3f57c/locations/us-central1/operations/operation-1783628858750-656337489744c-f239f74d-510dfb74 200
[debug] [2026-07-09T20:27:43.884Z] <<< [apiv2][body] GET https://cloudfunctions.googleapis.com/v2/projects/aip-v1-3f57c/locations/us-central1/operations/operation-1783628858750-656337489744c-f239f74d-510dfb74 {"name":"projects/aip-v1-3f57c/locations/us-central1/operations/operation-1783628858750-656337489744c-f239f74d-510dfb74","metadata":{"@type":"type.googleapis.com/google.cloud.functions.v2.OperationMetadata","createTime":"2026-07-09T20:27:39.464845760Z","target":"projects/aip-v1-3f57c/locations/us-central1/functions/createKycSession","verb":"create","cancelRequested":false,"apiVersion":"v2","requestResource":{"@type":"type.googleapis.com/google.cloud.functions.v2.Function","name":"projects/aip-v1-3f57c/locations/us-central1/functions/createKycSession","buildConfig":{"runtime":"nodejs20","entryPoint":"createKycSession","source":{"storageSource":{"bucket":"gcf-v2-sources-171234470705-us-central1","object":"createKycSession/function-source.zip","generation":"1783628859061477"}},"environmentVariables":{"GOOGLE_NODE_RUN_SCRIPTS":""},"serviceAccount":"projects/aip-v1-3f57c/serviceAccounts/171234470705-compute@developer.gserviceaccount.com","automaticUpdatePolicy":{}},"serviceConfig":{"service":"projects/aip-v1-3f57c/locations/us-central1/services/createkycsession","timeoutSeconds":60,"environmentVariables":{"SENDGRID_WEBHOOK_KEY":"tu_clave_secreta_aqui","META_WEBHOOK_VERIFY_TOKEN":"tu_token_de_verificacion","META_WHATSAPP_ACCESS_TOKEN":"tu_access_token_de_meta","FIREBASE_CONFIG":"{\"projectId\":\"aip-v1-3f57c\",\"storageBucket\":\"aip-v1-3f57c.firebasestorage.app\"}","GCLOUD_PROJECT":"aip-v1-3f57c","EVENTARC_CLOUD_EVENT_SOURCE":"projects/aip-v1-3f57c/locations/us-central1/services/createKycSession","FUNCTION_TARGET":"createKycSession","LOG_EXECUTION_ID":"true"},"ingressSettings":"ALLOW_ALL","serviceAccountEmail":"171234470705-compute@developer.gserviceaccount.com","minInstanceCount":1,"availableMemory":"256Mi","maxInstanceRequestConcurrency":80,"availableCpu":"1"},"labels":{"deployment-tool":"cli-firebase","deployment-callable":"true","firebase-functions-hash":"1fef5414712d901cd2c8056debfc465a0058a8e3"},"environment":"GEN_2"},"stages":[{"name":"BUILD","message":"Build in progress","state":"IN_PROGRESS","resource":"projects/171234470705/locations/us-central1/builds/99fb606a-ecd5-4579-9c92-89a3dab6ec2a","resourceUri":"https://console.cloud.google.com/cloud-build/builds;region=us-central1/99fb606a-ecd5-4579-9c92-89a3dab6ec2a?project=171234470705"},{"name":"SERVICE","state":"NOT_STARTED"}],"operationType":"CREATE_FUNCTION","buildName":"projects/171234470705/locations/us-central1/builds/99fb606a-ecd5-4579-9c92-89a3dab6ec2a"},"done":false}
[debug] [2026-07-09T20:27:45.894Z] [create-default-us-central1-createKycSession] Retrying task index 0
[debug] [2026-07-09T20:27:45.895Z] Checked if tokens are valid: true, expires at: 1783632331561
[debug] [2026-07-09T20:27:45.895Z] Checked if tokens are valid: true, expires at: 1783632331561
[debug] [2026-07-09T20:27:45.895Z] >>> [apiv2][query] GET https://cloudfunctions.googleapis.com/v2/projects/aip-v1-3f57c/locations/us-central1/operations/operation-1783628858750-656337489744c-f239f74d-510dfb74 [none]
[debug] [2026-07-09T20:27:46.609Z] <<< [apiv2][status] GET https://cloudfunctions.googleapis.com/v2/projects/aip-v1-3f57c/locations/us-central1/operations/operation-1783628858750-656337489744c-f239f74d-510dfb74 200
[debug] [2026-07-09T20:27:46.609Z] <<< [apiv2][body] GET https://cloudfunctions.googleapis.com/v2/projects/aip-v1-3f57c/locations/us-central1/operations/operation-1783628858750-656337489744c-f239f74d-510dfb74 {"name":"projects/aip-v1-3f57c/locations/us-central1/operations/operation-1783628858750-656337489744c-f239f74d-510dfb74","metadata":{"@type":"type.googleapis.com/google.cloud.functions.v2.OperationMetadata","createTime":"2026-07-09T20:27:39.464845760Z","target":"projects/aip-v1-3f57c/locations/us-central1/functions/createKycSession","verb":"create","cancelRequested":false,"apiVersion":"v2","requestResource":{"@type":"type.googleapis.com/google.cloud.functions.v2.Function","name":"projects/aip-v1-3f57c/locations/us-central1/functions/createKycSession","buildConfig":{"runtime":"nodejs20","entryPoint":"createKycSession","source":{"storageSource":{"bucket":"gcf-v2-sources-171234470705-us-central1","object":"createKycSession/function-source.zip","generation":"1783628859061477"}},"environmentVariables":{"GOOGLE_NODE_RUN_SCRIPTS":""},"serviceAccount":"projects/aip-v1-3f57c/serviceAccounts/171234470705-compute@developer.gserviceaccount.com","automaticUpdatePolicy":{}},"serviceConfig":{"service":"projects/aip-v1-3f57c/locations/us-central1/services/createkycsession","timeoutSeconds":60,"environmentVariables":{"SENDGRID_WEBHOOK_KEY":"tu_clave_secreta_aqui","META_WEBHOOK_VERIFY_TOKEN":"tu_token_de_verificacion","META_WHATSAPP_ACCESS_TOKEN":"tu_access_token_de_meta","FIREBASE_CONFIG":"{\"projectId\":\"aip-v1-3f57c\",\"storageBucket\":\"aip-v1-3f57c.firebasestorage.app\"}","GCLOUD_PROJECT":"aip-v1-3f57c","EVENTARC_CLOUD_EVENT_SOURCE":"projects/aip-v1-3f57c/locations/us-central1/services/createKycSession","FUNCTION_TARGET":"createKycSession","LOG_EXECUTION_ID":"true"},"ingressSettings":"ALLOW_ALL","serviceAccountEmail":"171234470705-compute@developer.gserviceaccount.com","minInstanceCount":1,"availableMemory":"256Mi","maxInstanceRequestConcurrency":80,"availableCpu":"1"},"labels":{"deployment-tool":"cli-firebase","deployment-callable":"true","firebase-functions-hash":"1fef5414712d901cd2c8056debfc465a0058a8e3"},"environment":"GEN_2"},"stages":[{"name":"BUILD","message":"Build in progress","state":"IN_PROGRESS","resource":"projects/171234470705/locations/us-central1/builds/99fb606a-ecd5-4579-9c92-89a3dab6ec2a","resourceUri":"https://console.cloud.google.com/cloud-build/builds;region=us-central1/99fb606a-ecd5-4579-9c92-89a3dab6ec2a?project=171234470705"},{"name":"SERVICE","state":"NOT_STARTED"}],"operationType":"CREATE_FUNCTION","buildName":"projects/171234470705/locations/us-central1/builds/99fb606a-ecd5-4579-9c92-89a3dab6ec2a"},"done":false}
[debug] [2026-07-09T20:27:50.621Z] [create-default-us-central1-createKycSession] Retrying task index 0
[debug] [2026-07-09T20:27:50.621Z] Checked if tokens are valid: true, expires at: 1783632331561
[debug] [2026-07-09T20:27:50.622Z] Checked if tokens are valid: true, expires at: 1783632331561
[debug] [2026-07-09T20:27:50.622Z] >>> [apiv2][query] GET https://cloudfunctions.googleapis.com/v2/projects/aip-v1-3f57c/locations/us-central1/operations/operation-1783628858750-656337489744c-f239f74d-510dfb74 [none]
[debug] [2026-07-09T20:27:51.333Z] <<< [apiv2][status] GET https://cloudfunctions.googleapis.com/v2/projects/aip-v1-3f57c/locations/us-central1/operations/operation-1783628858750-656337489744c-f239f74d-510dfb74 200
[debug] [2026-07-09T20:27:51.333Z] <<< [apiv2][body] GET https://cloudfunctions.googleapis.com/v2/projects/aip-v1-3f57c/locations/us-central1/operations/operation-1783628858750-656337489744c-f239f74d-510dfb74 {"name":"projects/aip-v1-3f57c/locations/us-central1/operations/operation-1783628858750-656337489744c-f239f74d-510dfb74","metadata":{"@type":"type.googleapis.com/google.cloud.functions.v2.OperationMetadata","createTime":"2026-07-09T20:27:39.464845760Z","target":"projects/aip-v1-3f57c/locations/us-central1/functions/createKycSession","verb":"create","cancelRequested":false,"apiVersion":"v2","requestResource":{"@type":"type.googleapis.com/google.cloud.functions.v2.Function","name":"projects/aip-v1-3f57c/locations/us-central1/functions/createKycSession","buildConfig":{"runtime":"nodejs20","entryPoint":"createKycSession","source":{"storageSource":{"bucket":"gcf-v2-sources-171234470705-us-central1","object":"createKycSession/function-source.zip","generation":"1783628859061477"}},"environmentVariables":{"GOOGLE_NODE_RUN_SCRIPTS":""},"serviceAccount":"projects/aip-v1-3f57c/serviceAccounts/171234470705-compute@developer.gserviceaccount.com","automaticUpdatePolicy":{}},"serviceConfig":{"service":"projects/aip-v1-3f57c/locations/us-central1/services/createkycsession","timeoutSeconds":60,"environmentVariables":{"SENDGRID_WEBHOOK_KEY":"tu_clave_secreta_aqui","META_WEBHOOK_VERIFY_TOKEN":"tu_token_de_verificacion","META_WHATSAPP_ACCESS_TOKEN":"tu_access_token_de_meta","FIREBASE_CONFIG":"{\"projectId\":\"aip-v1-3f57c\",\"storageBucket\":\"aip-v1-3f57c.firebasestorage.app\"}","GCLOUD_PROJECT":"aip-v1-3f57c","EVENTARC_CLOUD_EVENT_SOURCE":"projects/aip-v1-3f57c/locations/us-central1/services/createKycSession","FUNCTION_TARGET":"createKycSession","LOG_EXECUTION_ID":"true"},"ingressSettings":"ALLOW_ALL","serviceAccountEmail":"171234470705-compute@developer.gserviceaccount.com","minInstanceCount":1,"availableMemory":"256Mi","maxInstanceRequestConcurrency":80,"availableCpu":"1"},"labels":{"deployment-tool":"cli-firebase","deployment-callable":"true","firebase-functions-hash":"1fef5414712d901cd2c8056debfc465a0058a8e3"},"environment":"GEN_2"},"stages":[{"name":"BUILD","message":"Build in progress","state":"IN_PROGRESS","resource":"projects/171234470705/locations/us-central1/builds/99fb606a-ecd5-4579-9c92-89a3dab6ec2a","resourceUri":"https://console.cloud.google.com/cloud-build/builds;region=us-central1/99fb606a-ecd5-4579-9c92-89a3dab6ec2a?project=171234470705"},{"name":"SERVICE","state":"NOT_STARTED"}],"operationType":"CREATE_FUNCTION","buildName":"projects/171234470705/locations/us-central1/builds/99fb606a-ecd5-4579-9c92-89a3dab6ec2a"},"done":false}
[debug] [2026-07-09T20:27:59.342Z] [create-default-us-central1-createKycSession] Retrying task index 0
[debug] [2026-07-09T20:27:59.342Z] Checked if tokens are valid: true, expires at: 1783632331561
[debug] [2026-07-09T20:27:59.343Z] Checked if tokens are valid: true, expires at: 1783632331561
[debug] [2026-07-09T20:27:59.343Z] >>> [apiv2][query] GET https://cloudfunctions.googleapis.com/v2/projects/aip-v1-3f57c/locations/us-central1/operations/operation-1783628858750-656337489744c-f239f74d-510dfb74 [none]
[debug] [2026-07-09T20:28:00.334Z] <<< [apiv2][status] GET https://cloudfunctions.googleapis.com/v2/projects/aip-v1-3f57c/locations/us-central1/operations/operation-1783628858750-656337489744c-f239f74d-510dfb74 200
[debug] [2026-07-09T20:28:00.334Z] <<< [apiv2][body] GET https://cloudfunctions.googleapis.com/v2/projects/aip-v1-3f57c/locations/us-central1/operations/operation-1783628858750-656337489744c-f239f74d-510dfb74 {"name":"projects/aip-v1-3f57c/locations/us-central1/operations/operation-1783628858750-656337489744c-f239f74d-510dfb74","metadata":{"@type":"type.googleapis.com/google.cloud.functions.v2.OperationMetadata","createTime":"2026-07-09T20:27:39.464845760Z","target":"projects/aip-v1-3f57c/locations/us-central1/functions/createKycSession","verb":"create","cancelRequested":false,"apiVersion":"v2","requestResource":{"@type":"type.googleapis.com/google.cloud.functions.v2.Function","name":"projects/aip-v1-3f57c/locations/us-central1/functions/createKycSession","buildConfig":{"runtime":"nodejs20","entryPoint":"createKycSession","source":{"storageSource":{"bucket":"gcf-v2-sources-171234470705-us-central1","object":"createKycSession/function-source.zip","generation":"1783628859061477"}},"environmentVariables":{"GOOGLE_NODE_RUN_SCRIPTS":""},"serviceAccount":"projects/aip-v1-3f57c/serviceAccounts/171234470705-compute@developer.gserviceaccount.com","automaticUpdatePolicy":{}},"serviceConfig":{"service":"projects/aip-v1-3f57c/locations/us-central1/services/createkycsession","timeoutSeconds":60,"environmentVariables":{"SENDGRID_WEBHOOK_KEY":"tu_clave_secreta_aqui","META_WEBHOOK_VERIFY_TOKEN":"tu_token_de_verificacion","META_WHATSAPP_ACCESS_TOKEN":"tu_access_token_de_meta","FIREBASE_CONFIG":"{\"projectId\":\"aip-v1-3f57c\",\"storageBucket\":\"aip-v1-3f57c.firebasestorage.app\"}","GCLOUD_PROJECT":"aip-v1-3f57c","EVENTARC_CLOUD_EVENT_SOURCE":"projects/aip-v1-3f57c/locations/us-central1/services/createKycSession","FUNCTION_TARGET":"createKycSession","LOG_EXECUTION_ID":"true"},"ingressSettings":"ALLOW_ALL","serviceAccountEmail":"171234470705-compute@developer.gserviceaccount.com","minInstanceCount":1,"availableMemory":"256Mi","maxInstanceRequestConcurrency":80,"availableCpu":"1"},"labels":{"deployment-tool":"cli-firebase","deployment-callable":"true","firebase-functions-hash":"1fef5414712d901cd2c8056debfc465a0058a8e3"},"environment":"GEN_2"},"stages":[{"name":"BUILD","message":"Build in progress","state":"IN_PROGRESS","resource":"projects/171234470705/locations/us-central1/builds/99fb606a-ecd5-4579-9c92-89a3dab6ec2a","resourceUri":"https://console.cloud.google.com/cloud-build/builds;region=us-central1/99fb606a-ecd5-4579-9c92-89a3dab6ec2a?project=171234470705"},{"name":"SERVICE","state":"NOT_STARTED"}],"operationType":"CREATE_FUNCTION","buildName":"projects/171234470705/locations/us-central1/builds/99fb606a-ecd5-4579-9c92-89a3dab6ec2a"},"done":false}
[debug] [2026-07-09T20:28:10.350Z] [create-default-us-central1-createKycSession] Retrying task index 0
[debug] [2026-07-09T20:28:10.351Z] Checked if tokens are valid: true, expires at: 1783632331561
[debug] [2026-07-09T20:28:10.351Z] Checked if tokens are valid: true, expires at: 1783632331561
[debug] [2026-07-09T20:28:10.351Z] >>> [apiv2][query] GET https://cloudfunctions.googleapis.com/v2/projects/aip-v1-3f57c/locations/us-central1/operations/operation-1783628858750-656337489744c-f239f74d-510dfb74 [none]
[debug] [2026-07-09T20:28:11.156Z] <<< [apiv2][status] GET https://cloudfunctions.googleapis.com/v2/projects/aip-v1-3f57c/locations/us-central1/operations/operation-1783628858750-656337489744c-f239f74d-510dfb74 200
[debug] [2026-07-09T20:28:11.156Z] <<< [apiv2][body] GET https://cloudfunctions.googleapis.com/v2/projects/aip-v1-3f57c/locations/us-central1/operations/operation-1783628858750-656337489744c-f239f74d-510dfb74 {"name":"projects/aip-v1-3f57c/locations/us-central1/operations/operation-1783628858750-656337489744c-f239f74d-510dfb74","metadata":{"@type":"type.googleapis.com/google.cloud.functions.v2.OperationMetadata","createTime":"2026-07-09T20:27:39.464845760Z","target":"projects/aip-v1-3f57c/locations/us-central1/functions/createKycSession","verb":"create","cancelRequested":false,"apiVersion":"v2","requestResource":{"@type":"type.googleapis.com/google.cloud.functions.v2.Function","name":"projects/aip-v1-3f57c/locations/us-central1/functions/createKycSession","buildConfig":{"runtime":"nodejs20","entryPoint":"createKycSession","source":{"storageSource":{"bucket":"gcf-v2-sources-171234470705-us-central1","object":"createKycSession/function-source.zip","generation":"1783628859061477"}},"environmentVariables":{"GOOGLE_NODE_RUN_SCRIPTS":""},"serviceAccount":"projects/aip-v1-3f57c/serviceAccounts/171234470705-compute@developer.gserviceaccount.com","automaticUpdatePolicy":{}},"serviceConfig":{"service":"projects/aip-v1-3f57c/locations/us-central1/services/createkycsession","timeoutSeconds":60,"environmentVariables":{"SENDGRID_WEBHOOK_KEY":"tu_clave_secreta_aqui","META_WEBHOOK_VERIFY_TOKEN":"tu_token_de_verificacion","META_WHATSAPP_ACCESS_TOKEN":"tu_access_token_de_meta","FIREBASE_CONFIG":"{\"projectId\":\"aip-v1-3f57c\",\"storageBucket\":\"aip-v1-3f57c.firebasestorage.app\"}","GCLOUD_PROJECT":"aip-v1-3f57c","EVENTARC_CLOUD_EVENT_SOURCE":"projects/aip-v1-3f57c/locations/us-central1/services/createKycSession","FUNCTION_TARGET":"createKycSession","LOG_EXECUTION_ID":"true"},"ingressSettings":"ALLOW_ALL","serviceAccountEmail":"171234470705-compute@developer.gserviceaccount.com","minInstanceCount":1,"availableMemory":"256Mi","maxInstanceRequestConcurrency":80,"availableCpu":"1"},"labels":{"deployment-tool":"cli-firebase","deployment-callable":"true","firebase-functions-hash":"1fef5414712d901cd2c8056debfc465a0058a8e3"},"environment":"GEN_2"},"stages":[{"name":"BUILD","message":"Build in progress","state":"IN_PROGRESS","resource":"projects/171234470705/locations/us-central1/builds/99fb606a-ecd5-4579-9c92-89a3dab6ec2a","resourceUri":"https://console.cloud.google.com/cloud-build/builds;region=us-central1/99fb606a-ecd5-4579-9c92-89a3dab6ec2a?project=171234470705"},{"name":"SERVICE","state":"NOT_STARTED"}],"operationType":"CREATE_FUNCTION","buildName":"projects/171234470705/locations/us-central1/builds/99fb606a-ecd5-4579-9c92-89a3dab6ec2a"},"done":false}
[debug] [2026-07-09T20:28:21.159Z] [create-default-us-central1-createKycSession] Retrying task index 0
[debug] [2026-07-09T20:28:21.160Z] Checked if tokens are valid: true, expires at: 1783632331561
[debug] [2026-07-09T20:28:21.160Z] Checked if tokens are valid: true, expires at: 1783632331561
[debug] [2026-07-09T20:28:21.160Z] >>> [apiv2][query] GET https://cloudfunctions.googleapis.com/v2/projects/aip-v1-3f57c/locations/us-central1/operations/operation-1783628858750-656337489744c-f239f74d-510dfb74 [none]
[debug] [2026-07-09T20:28:21.956Z] <<< [apiv2][status] GET https://cloudfunctions.googleapis.com/v2/projects/aip-v1-3f57c/locations/us-central1/operations/operation-1783628858750-656337489744c-f239f74d-510dfb74 200
[debug] [2026-07-09T20:28:21.957Z] <<< [apiv2][body] GET https://cloudfunctions.googleapis.com/v2/projects/aip-v1-3f57c/locations/us-central1/operations/operation-1783628858750-656337489744c-f239f74d-510dfb74 {"name":"projects/aip-v1-3f57c/locations/us-central1/operations/operation-1783628858750-656337489744c-f239f74d-510dfb74","metadata":{"@type":"type.googleapis.com/google.cloud.functions.v2.OperationMetadata","createTime":"2026-07-09T20:27:39.464845760Z","target":"projects/aip-v1-3f57c/locations/us-central1/functions/createKycSession","verb":"create","cancelRequested":false,"apiVersion":"v2","requestResource":{"@type":"type.googleapis.com/google.cloud.functions.v2.Function","name":"projects/aip-v1-3f57c/locations/us-central1/functions/createKycSession","buildConfig":{"runtime":"nodejs20","entryPoint":"createKycSession","source":{"storageSource":{"bucket":"gcf-v2-sources-171234470705-us-central1","object":"createKycSession/function-source.zip","generation":"1783628859061477"}},"environmentVariables":{"GOOGLE_NODE_RUN_SCRIPTS":""},"serviceAccount":"projects/aip-v1-3f57c/serviceAccounts/171234470705-compute@developer.gserviceaccount.com","automaticUpdatePolicy":{}},"serviceConfig":{"service":"projects/aip-v1-3f57c/locations/us-central1/services/createkycsession","timeoutSeconds":60,"environmentVariables":{"SENDGRID_WEBHOOK_KEY":"tu_clave_secreta_aqui","META_WEBHOOK_VERIFY_TOKEN":"tu_token_de_verificacion","META_WHATSAPP_ACCESS_TOKEN":"tu_access_token_de_meta","FIREBASE_CONFIG":"{\"projectId\":\"aip-v1-3f57c\",\"storageBucket\":\"aip-v1-3f57c.firebasestorage.app\"}","GCLOUD_PROJECT":"aip-v1-3f57c","EVENTARC_CLOUD_EVENT_SOURCE":"projects/aip-v1-3f57c/locations/us-central1/services/createKycSession","FUNCTION_TARGET":"createKycSession","LOG_EXECUTION_ID":"true"},"ingressSettings":"ALLOW_ALL","serviceAccountEmail":"171234470705-compute@developer.gserviceaccount.com","minInstanceCount":1,"availableMemory":"256Mi","maxInstanceRequestConcurrency":80,"availableCpu":"1"},"labels":{"deployment-tool":"cli-firebase","deployment-callable":"true","firebase-functions-hash":"1fef5414712d901cd2c8056debfc465a0058a8e3"},"environment":"GEN_2"},"stages":[{"name":"BUILD","message":"Build in progress","state":"IN_PROGRESS","resource":"projects/171234470705/locations/us-central1/builds/99fb606a-ecd5-4579-9c92-89a3dab6ec2a","resourceUri":"https://console.cloud.google.com/cloud-build/builds;region=us-central1/99fb606a-ecd5-4579-9c92-89a3dab6ec2a?project=171234470705"},{"name":"SERVICE","state":"NOT_STARTED"}],"operationType":"CREATE_FUNCTION","buildName":"projects/171234470705/locations/us-central1/builds/99fb606a-ecd5-4579-9c92-89a3dab6ec2a"},"done":false}
[debug] [2026-07-09T20:28:31.963Z] [create-default-us-central1-createKycSession] Retrying task index 0
[debug] [2026-07-09T20:28:31.964Z] Checked if tokens are valid: true, expires at: 1783632331561
[debug] [2026-07-09T20:28:31.964Z] Checked if tokens are valid: true, expires at: 1783632331561
[debug] [2026-07-09T20:28:31.964Z] >>> [apiv2][query] GET https://cloudfunctions.googleapis.com/v2/projects/aip-v1-3f57c/locations/us-central1/operations/operation-1783628858750-656337489744c-f239f74d-510dfb74 [none]
[debug] [2026-07-09T20:28:32.779Z] <<< [apiv2][status] GET https://cloudfunctions.googleapis.com/v2/projects/aip-v1-3f57c/locations/us-central1/operations/operation-1783628858750-656337489744c-f239f74d-510dfb74 200
[debug] [2026-07-09T20:28:32.779Z] <<< [apiv2][body] GET https://cloudfunctions.googleapis.com/v2/projects/aip-v1-3f57c/locations/us-central1/operations/operation-1783628858750-656337489744c-f239f74d-510dfb74 {"name":"projects/aip-v1-3f57c/locations/us-central1/operations/operation-1783628858750-656337489744c-f239f74d-510dfb74","metadata":{"@type":"type.googleapis.com/google.cloud.functions.v2.OperationMetadata","createTime":"2026-07-09T20:27:39.464845760Z","target":"projects/aip-v1-3f57c/locations/us-central1/functions/createKycSession","verb":"create","cancelRequested":false,"apiVersion":"v2","requestResource":{"@type":"type.googleapis.com/google.cloud.functions.v2.Function","name":"projects/aip-v1-3f57c/locations/us-central1/functions/createKycSession","buildConfig":{"runtime":"nodejs20","entryPoint":"createKycSession","source":{"storageSource":{"bucket":"gcf-v2-sources-171234470705-us-central1","object":"createKycSession/function-source.zip","generation":"1783628859061477"}},"environmentVariables":{"GOOGLE_NODE_RUN_SCRIPTS":""},"serviceAccount":"projects/aip-v1-3f57c/serviceAccounts/171234470705-compute@developer.gserviceaccount.com","automaticUpdatePolicy":{}},"serviceConfig":{"service":"projects/aip-v1-3f57c/locations/us-central1/services/createkycsession","timeoutSeconds":60,"environmentVariables":{"SENDGRID_WEBHOOK_KEY":"tu_clave_secreta_aqui","META_WEBHOOK_VERIFY_TOKEN":"tu_token_de_verificacion","META_WHATSAPP_ACCESS_TOKEN":"tu_access_token_de_meta","FIREBASE_CONFIG":"{\"projectId\":\"aip-v1-3f57c\",\"storageBucket\":\"aip-v1-3f57c.firebasestorage.app\"}","GCLOUD_PROJECT":"aip-v1-3f57c","EVENTARC_CLOUD_EVENT_SOURCE":"projects/aip-v1-3f57c/locations/us-central1/services/createKycSession","FUNCTION_TARGET":"createKycSession","LOG_EXECUTION_ID":"true"},"ingressSettings":"ALLOW_ALL","serviceAccountEmail":"171234470705-compute@developer.gserviceaccount.com","minInstanceCount":1,"availableMemory":"256Mi","maxInstanceRequestConcurrency":80,"availableCpu":"1"},"labels":{"deployment-tool":"cli-firebase","deployment-callable":"true","firebase-functions-hash":"1fef5414712d901cd2c8056debfc465a0058a8e3"},"environment":"GEN_2"},"stages":[{"name":"BUILD","message":"Build finished","state":"COMPLETE","resource":"projects/171234470705/locations/us-central1/builds/99fb606a-ecd5-4579-9c92-89a3dab6ec2a","resourceUri":"https://console.cloud.google.com/cloud-build/builds;region=us-central1/99fb606a-ecd5-4579-9c92-89a3dab6ec2a?project=171234470705"},{"name":"SERVICE","message":"Creating Cloud Run service","state":"IN_PROGRESS","resource":"projects/aip-v1-3f57c/locations/us-central1/services/createkycsession","resourceUri":"https://console.cloud.google.com/run/detail/us-central1/createkycsession?project=aip-v1-3f57c"}],"sourceToken":"Cldwcm9qZWN0cy8xNzEyMzQ0NzA3MDUvbG9jYXRpb25zL3VzLWNlbnRyYWwxL2J1aWxkcy85OWZiNjA2YS1lY2Q1LTQ1NzktOWM5Mi04OWEzZGFiNmVjMmEScHVzLWNlbnRyYWwxLWRvY2tlci5wa2cuZGV2L2FpcC12MS0zZjU3Yy9nY2YtYXJ0aWZhY3RzL2FpcC0tdjEtLTNmNTdjX191cy0tY2VudHJhbDFfX2NyZWF0ZV9reWNfc2Vzc2lvbjp2ZXJzaW9uXzEYsdb68v0EIkZwcm9qZWN0cy9haXAtdjEtM2Y1N2MvbG9jYXRpb25zL3VzLWNlbnRyYWwxL2Z1bmN0aW9ucy9jcmVhdGVLeWNTZXNzaW9uKgwI6YjA0gYQgNPpsgEyCG5vZGVqczIwOnYKI2djci5pby9nYWUtcnVudGltZXMvbm9kZWpzMjA6c3RhYmxlEk91cy1jZW50cmFsMS1kb2NrZXIucGtnLmRldi9zZXJ2ZXJsZXNzLXJ1bnRpbWVzL2dvb2dsZS0yMi1mdWxsL3J1bnRpbWVzL25vZGVqczIwQAE=","operationType":"CREATE_FUNCTION","buildName":"projects/171234470705/locations/us-central1/builds/99fb606a-ecd5-4579-9c92-89a3dab6ec2a"},"done":false}
[debug] [2026-07-09T20:28:32.779Z] Got source token Cldwcm9qZWN0cy8xNzEyMzQ0NzA3MDUvbG9jYXRpb25zL3VzLWNlbnRyYWwxL2J1aWxkcy85OWZiNjA2YS1lY2Q1LTQ1NzktOWM5Mi04OWEzZGFiNmVjMmEScHVzLWNlbnRyYWwxLWRvY2tlci5wa2cuZGV2L2FpcC12MS0zZjU3Yy9nY2YtYXJ0aWZhY3RzL2FpcC0tdjEtLTNmNTdjX191cy0tY2VudHJhbDFfX2NyZWF0ZV9reWNfc2Vzc2lvbjp2ZXJzaW9uXzEYsdb68v0EIkZwcm9qZWN0cy9haXAtdjEtM2Y1N2MvbG9jYXRpb25zL3VzLWNlbnRyYWwxL2Z1bmN0aW9ucy9jcmVhdGVLeWNTZXNzaW9uKgwI6YjA0gYQgNPpsgEyCG5vZGVqczIwOnYKI2djci5pby9nYWUtcnVudGltZXMvbm9kZWpzMjA6c3RhYmxlEk91cy1jZW50cmFsMS1kb2NrZXIucGtnLmRldi9zZXJ2ZXJsZXNzLXJ1bnRpbWVzL2dvb2dsZS0yMi1mdWxsL3J1bnRpbWVzL25vZGVqczIwQAE= for region us-central1
[debug] [2026-07-09T20:28:32.779Z] Checked if tokens are valid: true, expires at: 1783632331561
[debug] [2026-07-09T20:28:32.779Z] Checked if tokens are valid: true, expires at: 1783632331561
[debug] [2026-07-09T20:28:32.779Z] Checked if tokens are valid: true, expires at: 1783632331561
[debug] [2026-07-09T20:28:32.779Z] Checked if tokens are valid: true, expires at: 1783632331561
[debug] [2026-07-09T20:28:32.779Z] Checked if tokens are valid: true, expires at: 1783632331561
[debug] [2026-07-09T20:28:32.779Z] Checked if tokens are valid: true, expires at: 1783632331561
[debug] [2026-07-09T20:28:32.780Z] Checked if tokens are valid: true, expires at: 1783632331561
[debug] [2026-07-09T20:28:32.780Z] Checked if tokens are valid: true, expires at: 1783632331561
[debug] [2026-07-09T20:28:32.780Z] Checked if tokens are valid: true, expires at: 1783632331561
[debug] [2026-07-09T20:28:32.780Z] Checked if tokens are valid: true, expires at: 1783632331561
[debug] [2026-07-09T20:28:32.780Z] Checked if tokens are valid: true, expires at: 1783632331561
[debug] [2026-07-09T20:28:32.780Z] Checked if tokens are valid: true, expires at: 1783632331561
[debug] [2026-07-09T20:28:32.780Z] >>> [apiv2][query] POST https://cloudfunctions.googleapis.com/v2/projects/aip-v1-3f57c/locations/us-central1/functions functionId=kycInit
[debug] [2026-07-09T20:28:32.780Z] >>> [apiv2][body] POST https://cloudfunctions.googleapis.com/v2/projects/aip-v1-3f57c/locations/us-central1/functions {"name":"projects/aip-v1-3f57c/locations/us-central1/functions/kycInit","buildConfig":{"runtime":"nodejs20","entryPoint":"kycInit","source":{"storageSource":{"bucket":"gcf-v2-uploads-171234470705.us-central1.cloudfunctions.appspot.com","object":"72a5b086-9b24-48cf-9c6e-8c3be143637e.zip"}},"environmentVariables":{"GOOGLE_NODE_RUN_SCRIPTS":""},"sourceToken":"Cldwcm9qZWN0cy8xNzEyMzQ0NzA3MDUvbG9jYXRpb25zL3VzLWNlbnRyYWwxL2J1aWxkcy85OWZiNjA2YS1lY2Q1LTQ1NzktOWM5Mi04OWEzZGFiNmVjMmEScHVzLWNlbnRyYWwxLWRvY2tlci5wa2cuZGV2L2FpcC12MS0zZjU3Yy9nY2YtYXJ0aWZhY3RzL2FpcC0tdjEtLTNmNTdjX191cy0tY2VudHJhbDFfX2NyZWF0ZV9reWNfc2Vzc2lvbjp2ZXJzaW9uXzEYsdb68v0EIkZwcm9qZWN0cy9haXAtdjEtM2Y1N2MvbG9jYXRpb25zL3VzLWNlbnRyYWwxL2Z1bmN0aW9ucy9jcmVhdGVLeWNTZXNzaW9uKgwI6YjA0gYQgNPpsgEyCG5vZGVqczIwOnYKI2djci5pby9nYWUtcnVudGltZXMvbm9kZWpzMjA6c3RhYmxlEk91cy1jZW50cmFsMS1kb2NrZXIucGtnLmRldi9zZXJ2ZXJsZXNzLXJ1bnRpbWVzL2dvb2dsZS0yMi1mdWxsL3J1bnRpbWVzL25vZGVqczIwQAE="},"serviceConfig":{"environmentVariables":{"SENDGRID_WEBHOOK_KEY":"tu_clave_secreta_aqui","META_WEBHOOK_VERIFY_TOKEN":"tu_token_de_verificacion","META_WHATSAPP_ACCESS_TOKEN":"tu_access_token_de_meta","FIREBASE_CONFIG":"{\"projectId\":\"aip-v1-3f57c\",\"storageBucket\":\"aip-v1-3f57c.firebasestorage.app\"}","GCLOUD_PROJECT":"aip-v1-3f57c","EVENTARC_CLOUD_EVENT_SOURCE":"projects/aip-v1-3f57c/locations/us-central1/services/kycInit","FUNCTION_TARGET":"kycInit","LOG_EXECUTION_ID":"true"},"ingressSettings":null,"timeoutSeconds":null,"serviceAccountEmail":null,"availableMemory":"256Mi","minInstanceCount":1,"maxInstanceCount":null,"maxInstanceRequestConcurrency":80,"availableCpu":"1","vpcConnector":null,"vpcConnectorEgressSettings":null},"labels":{"deployment-tool":"cli-firebase","deployment-callable":"true","firebase-functions-hash":"1fef5414712d901cd2c8056debfc465a0058a8e3"}}
[debug] [2026-07-09T20:28:32.780Z] >>> [apiv2][query] POST https://cloudfunctions.googleapis.com/v2/projects/aip-v1-3f57c/locations/us-central1/functions functionId=kycAttest
[debug] [2026-07-09T20:28:32.781Z] >>> [apiv2][body] POST https://cloudfunctions.googleapis.com/v2/projects/aip-v1-3f57c/locations/us-central1/functions {"name":"projects/aip-v1-3f57c/locations/us-central1/functions/kycAttest","buildConfig":{"runtime":"nodejs20","entryPoint":"kycAttest","source":{"storageSource":{"bucket":"gcf-v2-uploads-171234470705.us-central1.cloudfunctions.appspot.com","object":"72a5b086-9b24-48cf-9c6e-8c3be143637e.zip"}},"environmentVariables":{"GOOGLE_NODE_RUN_SCRIPTS":""},"sourceToken":"Cldwcm9qZWN0cy8xNzEyMzQ0NzA3MDUvbG9jYXRpb25zL3VzLWNlbnRyYWwxL2J1aWxkcy85OWZiNjA2YS1lY2Q1LTQ1NzktOWM5Mi04OWEzZGFiNmVjMmEScHVzLWNlbnRyYWwxLWRvY2tlci5wa2cuZGV2L2FpcC12MS0zZjU3Yy9nY2YtYXJ0aWZhY3RzL2FpcC0tdjEtLTNmNTdjX191cy0tY2VudHJhbDFfX2NyZWF0ZV9reWNfc2Vzc2lvbjp2ZXJzaW9uXzEYsdb68v0EIkZwcm9qZWN0cy9haXAtdjEtM2Y1N2MvbG9jYXRpb25zL3VzLWNlbnRyYWwxL2Z1bmN0aW9ucy9jcmVhdGVLeWNTZXNzaW9uKgwI6YjA0gYQgNPpsgEyCG5vZGVqczIwOnYKI2djci5pby9nYWUtcnVudGltZXMvbm9kZWpzMjA6c3RhYmxlEk91cy1jZW50cmFsMS1kb2NrZXIucGtnLmRldi9zZXJ2ZXJsZXNzLXJ1bnRpbWVzL2dvb2dsZS0yMi1mdWxsL3J1bnRpbWVzL25vZGVqczIwQAE="},"serviceConfig":{"environmentVariables":{"SENDGRID_WEBHOOK_KEY":"tu_clave_secreta_aqui","META_WEBHOOK_VERIFY_TOKEN":"tu_token_de_verificacion","META_WHATSAPP_ACCESS_TOKEN":"tu_access_token_de_meta","FIREBASE_CONFIG":"{\"projectId\":\"aip-v1-3f57c\",\"storageBucket\":\"aip-v1-3f57c.firebasestorage.app\"}","GCLOUD_PROJECT":"aip-v1-3f57c","EVENTARC_CLOUD_EVENT_SOURCE":"projects/aip-v1-3f57c/locations/us-central1/services/kycAttest","FUNCTION_TARGET":"kycAttest","LOG_EXECUTION_ID":"true"},"ingressSettings":null,"timeoutSeconds":null,"serviceAccountEmail":null,"availableMemory":"256Mi","minInstanceCount":1,"maxInstanceCount":null,"maxInstanceRequestConcurrency":80,"availableCpu":"1","vpcConnector":null,"vpcConnectorEgressSettings":null},"labels":{"deployment-tool":"cli-firebase","deployment-callable":"true","firebase-functions-hash":"1fef5414712d901cd2c8056debfc465a0058a8e3"}}
[debug] [2026-07-09T20:28:32.782Z] >>> [apiv2][query] POST https://cloudfunctions.googleapis.com/v2/projects/aip-v1-3f57c/locations/us-central1/functions functionId=cleanupKycSessions
[debug] [2026-07-09T20:28:32.782Z] >>> [apiv2][body] POST https://cloudfunctions.googleapis.com/v2/projects/aip-v1-3f57c/locations/us-central1/functions {"name":"projects/aip-v1-3f57c/locations/us-central1/functions/cleanupKycSessions","buildConfig":{"runtime":"nodejs20","entryPoint":"cleanupKycSessions","source":{"storageSource":{"bucket":"gcf-v2-uploads-171234470705.us-central1.cloudfunctions.appspot.com","object":"72a5b086-9b24-48cf-9c6e-8c3be143637e.zip"}},"environmentVariables":{"GOOGLE_NODE_RUN_SCRIPTS":""},"sourceToken":"Cldwcm9qZWN0cy8xNzEyMzQ0NzA3MDUvbG9jYXRpb25zL3VzLWNlbnRyYWwxL2J1aWxkcy85OWZiNjA2YS1lY2Q1LTQ1NzktOWM5Mi04OWEzZGFiNmVjMmEScHVzLWNlbnRyYWwxLWRvY2tlci5wa2cuZGV2L2FpcC12MS0zZjU3Yy9nY2YtYXJ0aWZhY3RzL2FpcC0tdjEtLTNmNTdjX191cy0tY2VudHJhbDFfX2NyZWF0ZV9reWNfc2Vzc2lvbjp2ZXJzaW9uXzEYsdb68v0EIkZwcm9qZWN0cy9haXAtdjEtM2Y1N2MvbG9jYXRpb25zL3VzLWNlbnRyYWwxL2Z1bmN0aW9ucy9jcmVhdGVLeWNTZXNzaW9uKgwI6YjA0gYQgNPpsgEyCG5vZGVqczIwOnYKI2djci5pby9nYWUtcnVudGltZXMvbm9kZWpzMjA6c3RhYmxlEk91cy1jZW50cmFsMS1kb2NrZXIucGtnLmRldi9zZXJ2ZXJsZXNzLXJ1bnRpbWVzL2dvb2dsZS0yMi1mdWxsL3J1bnRpbWVzL25vZGVqczIwQAE="},"serviceConfig":{"environmentVariables":{"SENDGRID_WEBHOOK_KEY":"tu_clave_secreta_aqui","META_WEBHOOK_VERIFY_TOKEN":"tu_token_de_verificacion","META_WHATSAPP_ACCESS_TOKEN":"tu_access_token_de_meta","FIREBASE_CONFIG":"{\"projectId\":\"aip-v1-3f57c\",\"storageBucket\":\"aip-v1-3f57c.firebasestorage.app\"}","GCLOUD_PROJECT":"aip-v1-3f57c","EVENTARC_CLOUD_EVENT_SOURCE":"projects/aip-v1-3f57c/locations/us-central1/services/cleanupKycSessions","FUNCTION_TARGET":"cleanupKycSessions","LOG_EXECUTION_ID":"true"},"ingressSettings":null,"timeoutSeconds":null,"serviceAccountEmail":null,"availableMemory":"256Mi","minInstanceCount":null,"maxInstanceCount":null,"maxInstanceRequestConcurrency":80,"availableCpu":"1","vpcConnector":null,"vpcConnectorEgressSettings":null},"labels":{"deployment-tool":"cli-firebase","deployment-scheduled":"true","firebase-functions-hash":"1fef5414712d901cd2c8056debfc465a0058a8e3"}}
[debug] [2026-07-09T20:28:32.782Z] >>> [apiv2][query] PATCH https://cloudfunctions.googleapis.com/v2/projects/aip-v1-3f57c/locations/us-central1/functions/executeUserAction updateMask=name%2CbuildConfig.runtime%2CbuildConfig.entryPoint%2CbuildConfig.source.storageSource.bucket%2CbuildConfig.source.storageSource.object%2CbuildConfig.environmentVariables%2CbuildConfig.sourceToken%2CserviceConfig.environmentVariables%2CserviceConfig.ingressSettings%2CserviceConfig.timeoutSeconds%2CserviceConfig.serviceAccountEmail%2CserviceConfig.availableMemory%2CserviceConfig.minInstanceCount%2CserviceConfig.maxInstanceCount%2CserviceConfig.maxInstanceRequestConcurrency%2CserviceConfig.availableCpu%2CserviceConfig.vpcConnector%2CserviceConfig.vpcConnectorEgressSettings%2Clabels
[debug] [2026-07-09T20:28:32.782Z] >>> [apiv2][body] PATCH https://cloudfunctions.googleapis.com/v2/projects/aip-v1-3f57c/locations/us-central1/functions/executeUserAction {"name":"projects/aip-v1-3f57c/locations/us-central1/functions/executeUserAction","buildConfig":{"runtime":"nodejs20","entryPoint":"executeUserAction","source":{"storageSource":{"bucket":"gcf-v2-uploads-171234470705.us-central1.cloudfunctions.appspot.com","object":"72a5b086-9b24-48cf-9c6e-8c3be143637e.zip"}},"environmentVariables":{"GOOGLE_NODE_RUN_SCRIPTS":""},"sourceToken":"Cldwcm9qZWN0cy8xNzEyMzQ0NzA3MDUvbG9jYXRpb25zL3VzLWNlbnRyYWwxL2J1aWxkcy85OWZiNjA2YS1lY2Q1LTQ1NzktOWM5Mi04OWEzZGFiNmVjMmEScHVzLWNlbnRyYWwxLWRvY2tlci5wa2cuZGV2L2FpcC12MS0zZjU3Yy9nY2YtYXJ0aWZhY3RzL2FpcC0tdjEtLTNmNTdjX191cy0tY2VudHJhbDFfX2NyZWF0ZV9reWNfc2Vzc2lvbjp2ZXJzaW9uXzEYsdb68v0EIkZwcm9qZWN0cy9haXAtdjEtM2Y1N2MvbG9jYXRpb25zL3VzLWNlbnRyYWwxL2Z1bmN0aW9ucy9jcmVhdGVLeWNTZXNzaW9uKgwI6YjA0gYQgNPpsgEyCG5vZGVqczIwOnYKI2djci5pby9nYWUtcnVudGltZXMvbm9kZWpzMjA6c3RhYmxlEk91cy1jZW50cmFsMS1kb2NrZXIucGtnLmRldi9zZXJ2ZXJsZXNzLXJ1bnRpbWVzL2dvb2dsZS0yMi1mdWxsL3J1bnRpbWVzL25vZGVqczIwQAE="},"serviceConfig":{"environmentVariables":{"SENDGRID_WEBHOOK_KEY":"tu_clave_secreta_aqui","META_WEBHOOK_VERIFY_TOKEN":"tu_token_de_verificacion","META_WHATSAPP_ACCESS_TOKEN":"tu_access_token_de_meta","FIREBASE_CONFIG":"{\"projectId\":\"aip-v1-3f57c\",\"storageBucket\":\"aip-v1-3f57c.firebasestorage.app\"}","GCLOUD_PROJECT":"aip-v1-3f57c","EVENTARC_CLOUD_EVENT_SOURCE":"projects/aip-v1-3f57c/locations/us-central1/services/executeUserAction","FUNCTION_TARGET":"executeUserAction","LOG_EXECUTION_ID":"true"},"ingressSettings":null,"timeoutSeconds":null,"serviceAccountEmail":null,"availableMemory":"256Mi","minInstanceCount":1,"maxInstanceCount":null,"maxInstanceRequestConcurrency":80,"availableCpu":"1","vpcConnector":null,"vpcConnectorEgressSettings":null},"labels":{"deployment-tool":"cli-firebase","deployment-callable":"true","firebase-functions-hash":"1fef5414712d901cd2c8056debfc465a0058a8e3"}}
[debug] [2026-07-09T20:28:32.783Z] >>> [apiv2][query] PATCH https://cloudfunctions.googleapis.com/v2/projects/aip-v1-3f57c/locations/us-central1/functions/emailWebhook updateMask=name%2CbuildConfig.runtime%2CbuildConfig.entryPoint%2CbuildConfig.source.storageSource.bucket%2CbuildConfig.source.storageSource.object%2CbuildConfig.environmentVariables%2CbuildConfig.sourceToken%2CserviceConfig.environmentVariables%2CserviceConfig.ingressSettings%2CserviceConfig.timeoutSeconds%2CserviceConfig.serviceAccountEmail%2CserviceConfig.availableMemory%2CserviceConfig.minInstanceCount%2CserviceConfig.maxInstanceCount%2CserviceConfig.maxInstanceRequestConcurrency%2CserviceConfig.availableCpu%2CserviceConfig.vpcConnector%2CserviceConfig.vpcConnectorEgressSettings%2Clabels
[debug] [2026-07-09T20:28:32.783Z] >>> [apiv2][body] PATCH https://cloudfunctions.googleapis.com/v2/projects/aip-v1-3f57c/locations/us-central1/functions/emailWebhook {"name":"projects/aip-v1-3f57c/locations/us-central1/functions/emailWebhook","buildConfig":{"runtime":"nodejs20","entryPoint":"emailWebhook","source":{"storageSource":{"bucket":"gcf-v2-uploads-171234470705.us-central1.cloudfunctions.appspot.com","object":"72a5b086-9b24-48cf-9c6e-8c3be143637e.zip"}},"environmentVariables":{"GOOGLE_NODE_RUN_SCRIPTS":""},"sourceToken":"Cldwcm9qZWN0cy8xNzEyMzQ0NzA3MDUvbG9jYXRpb25zL3VzLWNlbnRyYWwxL2J1aWxkcy85OWZiNjA2YS1lY2Q1LTQ1NzktOWM5Mi04OWEzZGFiNmVjMmEScHVzLWNlbnRyYWwxLWRvY2tlci5wa2cuZGV2L2FpcC12MS0zZjU3Yy9nY2YtYXJ0aWZhY3RzL2FpcC0tdjEtLTNmNTdjX191cy0tY2VudHJhbDFfX2NyZWF0ZV9reWNfc2Vzc2lvbjp2ZXJzaW9uXzEYsdb68v0EIkZwcm9qZWN0cy9haXAtdjEtM2Y1N2MvbG9jYXRpb25zL3VzLWNlbnRyYWwxL2Z1bmN0aW9ucy9jcmVhdGVLeWNTZXNzaW9uKgwI6YjA0gYQgNPpsgEyCG5vZGVqczIwOnYKI2djci5pby9nYWUtcnVudGltZXMvbm9kZWpzMjA6c3RhYmxlEk91cy1jZW50cmFsMS1kb2NrZXIucGtnLmRldi9zZXJ2ZXJsZXNzLXJ1bnRpbWVzL2dvb2dsZS0yMi1mdWxsL3J1bnRpbWVzL25vZGVqczIwQAE="},"serviceConfig":{"environmentVariables":{"SENDGRID_WEBHOOK_KEY":"tu_clave_secreta_aqui","META_WEBHOOK_VERIFY_TOKEN":"tu_token_de_verificacion","META_WHATSAPP_ACCESS_TOKEN":"tu_access_token_de_meta","FIREBASE_CONFIG":"{\"projectId\":\"aip-v1-3f57c\",\"storageBucket\":\"aip-v1-3f57c.firebasestorage.app\"}","GCLOUD_PROJECT":"aip-v1-3f57c","EVENTARC_CLOUD_EVENT_SOURCE":"projects/aip-v1-3f57c/locations/us-central1/services/emailWebhook","FUNCTION_TARGET":"emailWebhook","LOG_EXECUTION_ID":"true"},"ingressSettings":null,"timeoutSeconds":null,"serviceAccountEmail":null,"availableMemory":"256Mi","minInstanceCount":null,"maxInstanceCount":5,"maxInstanceRequestConcurrency":80,"availableCpu":"1","vpcConnector":null,"vpcConnectorEgressSettings":null},"labels":{"deployment-tool":"cli-firebase","firebase-functions-hash":"1fef5414712d901cd2c8056debfc465a0058a8e3"}}
[debug] [2026-07-09T20:28:32.784Z] >>> [apiv2][query] PATCH https://cloudfunctions.googleapis.com/v2/projects/aip-v1-3f57c/locations/us-central1/functions/whatsappWebhook updateMask=name%2CbuildConfig.runtime%2CbuildConfig.entryPoint%2CbuildConfig.source.storageSource.bucket%2CbuildConfig.source.storageSource.object%2CbuildConfig.environmentVariables%2CbuildConfig.sourceToken%2CserviceConfig.environmentVariables%2CserviceConfig.ingressSettings%2CserviceConfig.timeoutSeconds%2CserviceConfig.serviceAccountEmail%2CserviceConfig.availableMemory%2CserviceConfig.minInstanceCount%2CserviceConfig.maxInstanceCount%2CserviceConfig.maxInstanceRequestConcurrency%2CserviceConfig.availableCpu%2CserviceConfig.vpcConnector%2CserviceConfig.vpcConnectorEgressSettings%2Clabels
[debug] [2026-07-09T20:28:32.784Z] >>> [apiv2][body] PATCH https://cloudfunctions.googleapis.com/v2/projects/aip-v1-3f57c/locations/us-central1/functions/whatsappWebhook {"name":"projects/aip-v1-3f57c/locations/us-central1/functions/whatsappWebhook","buildConfig":{"runtime":"nodejs20","entryPoint":"whatsappWebhook","source":{"storageSource":{"bucket":"gcf-v2-uploads-171234470705.us-central1.cloudfunctions.appspot.com","object":"72a5b086-9b24-48cf-9c6e-8c3be143637e.zip"}},"environmentVariables":{"GOOGLE_NODE_RUN_SCRIPTS":""},"sourceToken":"Cldwcm9qZWN0cy8xNzEyMzQ0NzA3MDUvbG9jYXRpb25zL3VzLWNlbnRyYWwxL2J1aWxkcy85OWZiNjA2YS1lY2Q1LTQ1NzktOWM5Mi04OWEzZGFiNmVjMmEScHVzLWNlbnRyYWwxLWRvY2tlci5wa2cuZGV2L2FpcC12MS0zZjU3Yy9nY2YtYXJ0aWZhY3RzL2FpcC0tdjEtLTNmNTdjX191cy0tY2VudHJhbDFfX2NyZWF0ZV9reWNfc2Vzc2lvbjp2ZXJzaW9uXzEYsdb68v0EIkZwcm9qZWN0cy9haXAtdjEtM2Y1N2MvbG9jYXRpb25zL3VzLWNlbnRyYWwxL2Z1bmN0aW9ucy9jcmVhdGVLeWNTZXNzaW9uKgwI6YjA0gYQgNPpsgEyCG5vZGVqczIwOnYKI2djci5pby9nYWUtcnVudGltZXMvbm9kZWpzMjA6c3RhYmxlEk91cy1jZW50cmFsMS1kb2NrZXIucGtnLmRldi9zZXJ2ZXJsZXNzLXJ1bnRpbWVzL2dvb2dsZS0yMi1mdWxsL3J1bnRpbWVzL25vZGVqczIwQAE="},"serviceConfig":{"environmentVariables":{"SENDGRID_WEBHOOK_KEY":"tu_clave_secreta_aqui","META_WEBHOOK_VERIFY_TOKEN":"tu_token_de_verificacion","META_WHATSAPP_ACCESS_TOKEN":"tu_access_token_de_meta","FIREBASE_CONFIG":"{\"projectId\":\"aip-v1-3f57c\",\"storageBucket\":\"aip-v1-3f57c.firebasestorage.app\"}","GCLOUD_PROJECT":"aip-v1-3f57c","EVENTARC_CLOUD_EVENT_SOURCE":"projects/aip-v1-3f57c/locations/us-central1/services/whatsappWebhook","FUNCTION_TARGET":"whatsappWebhook","LOG_EXECUTION_ID":"true"},"ingressSettings":null,"timeoutSeconds":null,"serviceAccountEmail":null,"availableMemory":"256Mi","minInstanceCount":null,"maxInstanceCount":5,"maxInstanceRequestConcurrency":80,"availableCpu":"1","vpcConnector":null,"vpcConnectorEgressSettings":null},"labels":{"deployment-tool":"cli-firebase","firebase-functions-hash":"1fef5414712d901cd2c8056debfc465a0058a8e3"}}
[debug] [2026-07-09T20:28:34.084Z] <<< [apiv2][status] POST https://cloudfunctions.googleapis.com/v2/projects/aip-v1-3f57c/locations/us-central1/functions 200
[debug] [2026-07-09T20:28:34.085Z] <<< [apiv2][body] POST https://cloudfunctions.googleapis.com/v2/projects/aip-v1-3f57c/locations/us-central1/functions {"name":"projects/aip-v1-3f57c/locations/us-central1/operations/operation-1783628914018-6563377d4c8eb-6b849440-9fbe7d40","metadata":{"@type":"type.googleapis.com/google.cloud.functions.v2.OperationMetadata","createTime":"2026-07-09T20:28:34.567203868Z","target":"projects/aip-v1-3f57c/locations/us-central1/functions/kycInit","verb":"create","cancelRequested":false,"apiVersion":"v2"},"done":false}
[debug] [2026-07-09T20:28:34.085Z] Checked if tokens are valid: true, expires at: 1783632331561
[debug] [2026-07-09T20:28:34.085Z] Checked if tokens are valid: true, expires at: 1783632331561
[debug] [2026-07-09T20:28:34.085Z] >>> [apiv2][query] GET https://cloudfunctions.googleapis.com/v2/projects/aip-v1-3f57c/locations/us-central1/operations/operation-1783628914018-6563377d4c8eb-6b849440-9fbe7d40 [none]
[debug] [2026-07-09T20:28:34.183Z] <<< [apiv2][status] POST https://cloudfunctions.googleapis.com/v2/projects/aip-v1-3f57c/locations/us-central1/functions 200
[debug] [2026-07-09T20:28:34.183Z] <<< [apiv2][body] POST https://cloudfunctions.googleapis.com/v2/projects/aip-v1-3f57c/locations/us-central1/functions {"name":"projects/aip-v1-3f57c/locations/us-central1/operations/operation-1783628914085-6563377d5cef4-21562818-dbe56e97","metadata":{"@type":"type.googleapis.com/google.cloud.functions.v2.OperationMetadata","createTime":"2026-07-09T20:28:34.662294655Z","target":"projects/aip-v1-3f57c/locations/us-central1/functions/kycAttest","verb":"create","cancelRequested":false,"apiVersion":"v2"},"done":false}
[debug] [2026-07-09T20:28:34.183Z] Checked if tokens are valid: true, expires at: 1783632331561
[debug] [2026-07-09T20:28:34.183Z] Checked if tokens are valid: true, expires at: 1783632331561
[debug] [2026-07-09T20:28:34.183Z] >>> [apiv2][query] GET https://cloudfunctions.googleapis.com/v2/projects/aip-v1-3f57c/locations/us-central1/operations/operation-1783628914085-6563377d5cef4-21562818-dbe56e97 [none]
[debug] [2026-07-09T20:28:34.184Z] <<< [apiv2][status] POST https://cloudfunctions.googleapis.com/v2/projects/aip-v1-3f57c/locations/us-central1/functions 200
[debug] [2026-07-09T20:28:34.184Z] <<< [apiv2][body] POST https://cloudfunctions.googleapis.com/v2/projects/aip-v1-3f57c/locations/us-central1/functions {"name":"projects/aip-v1-3f57c/locations/us-central1/operations/operation-1783628914100-6563377d60afb-8579fa08-9a74316c","metadata":{"@type":"type.googleapis.com/google.cloud.functions.v2.OperationMetadata","createTime":"2026-07-09T20:28:34.631777195Z","target":"projects/aip-v1-3f57c/locations/us-central1/functions/cleanupKycSessions","verb":"create","cancelRequested":false,"apiVersion":"v2"},"done":false}
[debug] [2026-07-09T20:28:34.184Z] Checked if tokens are valid: true, expires at: 1783632331561
[debug] [2026-07-09T20:28:34.184Z] Checked if tokens are valid: true, expires at: 1783632331561
[debug] [2026-07-09T20:28:34.184Z] >>> [apiv2][query] GET https://cloudfunctions.googleapis.com/v2/projects/aip-v1-3f57c/locations/us-central1/operations/operation-1783628914100-6563377d60afb-8579fa08-9a74316c [none]
[debug] [2026-07-09T20:28:34.676Z] <<< [apiv2][status] PATCH https://cloudfunctions.googleapis.com/v2/projects/aip-v1-3f57c/locations/us-central1/functions/whatsappWebhook 200
[debug] [2026-07-09T20:28:34.676Z] <<< [apiv2][body] PATCH https://cloudfunctions.googleapis.com/v2/projects/aip-v1-3f57c/locations/us-central1/functions/whatsappWebhook {"name":"projects/aip-v1-3f57c/locations/us-central1/operations/operation-1783628914098-6563377d601a9-b653705f-6a01750a","metadata":{"@type":"type.googleapis.com/google.cloud.functions.v2.OperationMetadata","createTime":"2026-07-09T20:28:35.149391903Z","target":"projects/aip-v1-3f57c/locations/us-central1/functions/whatsappWebhook","verb":"update","cancelRequested":false,"apiVersion":"v2"},"done":false}
[debug] [2026-07-09T20:28:34.677Z] Checked if tokens are valid: true, expires at: 1783632331561
[debug] [2026-07-09T20:28:34.677Z] Checked if tokens are valid: true, expires at: 1783632331561
[debug] [2026-07-09T20:28:34.677Z] >>> [apiv2][query] GET https://cloudfunctions.googleapis.com/v2/projects/aip-v1-3f57c/locations/us-central1/operations/operation-1783628914098-6563377d601a9-b653705f-6a01750a [none]
[debug] [2026-07-09T20:28:34.684Z] <<< [apiv2][status] PATCH https://cloudfunctions.googleapis.com/v2/projects/aip-v1-3f57c/locations/us-central1/functions/executeUserAction 200
[debug] [2026-07-09T20:28:34.684Z] <<< [apiv2][body] PATCH https://cloudfunctions.googleapis.com/v2/projects/aip-v1-3f57c/locations/us-central1/functions/executeUserAction {"name":"projects/aip-v1-3f57c/locations/us-central1/operations/operation-1783628914114-6563377d64087-27cdf0e2-1ac52cfb","metadata":{"@type":"type.googleapis.com/google.cloud.functions.v2.OperationMetadata","createTime":"2026-07-09T20:28:35.150237043Z","target":"projects/aip-v1-3f57c/locations/us-central1/functions/executeUserAction","verb":"update","cancelRequested":false,"apiVersion":"v2"},"done":false}
[debug] [2026-07-09T20:28:34.684Z] Checked if tokens are valid: true, expires at: 1783632331561
[debug] [2026-07-09T20:28:34.684Z] Checked if tokens are valid: true, expires at: 1783632331561
[debug] [2026-07-09T20:28:34.685Z] >>> [apiv2][query] GET https://cloudfunctions.googleapis.com/v2/projects/aip-v1-3f57c/locations/us-central1/operations/operation-1783628914114-6563377d64087-27cdf0e2-1ac52cfb [none]
[debug] [2026-07-09T20:28:34.760Z] <<< [apiv2][status] PATCH https://cloudfunctions.googleapis.com/v2/projects/aip-v1-3f57c/locations/us-central1/functions/emailWebhook 200
[debug] [2026-07-09T20:28:34.760Z] <<< [apiv2][body] PATCH https://cloudfunctions.googleapis.com/v2/projects/aip-v1-3f57c/locations/us-central1/functions/emailWebhook {"name":"projects/aip-v1-3f57c/locations/us-central1/operations/operation-1783628914097-6563377d5fc27-af76b00d-192497a6","metadata":{"@type":"type.googleapis.com/google.cloud.functions.v2.OperationMetadata","createTime":"2026-07-09T20:28:35.189410325Z","target":"projects/aip-v1-3f57c/locations/us-central1/functions/emailWebhook","verb":"update","cancelRequested":false,"apiVersion":"v2"},"done":false}
[debug] [2026-07-09T20:28:34.761Z] Checked if tokens are valid: true, expires at: 1783632331561
[debug] [2026-07-09T20:28:34.761Z] Checked if tokens are valid: true, expires at: 1783632331561
[debug] [2026-07-09T20:28:34.761Z] >>> [apiv2][query] GET https://cloudfunctions.googleapis.com/v2/projects/aip-v1-3f57c/locations/us-central1/operations/operation-1783628914097-6563377d5fc27-af76b00d-192497a6 [none]
[debug] [2026-07-09T20:28:34.796Z] <<< [apiv2][status] GET https://cloudfunctions.googleapis.com/v2/projects/aip-v1-3f57c/locations/us-central1/operations/operation-1783628914018-6563377d4c8eb-6b849440-9fbe7d40 200
[debug] [2026-07-09T20:28:34.796Z] <<< [apiv2][body] GET https://cloudfunctions.googleapis.com/v2/projects/aip-v1-3f57c/locations/us-central1/operations/operation-1783628914018-6563377d4c8eb-6b849440-9fbe7d40 {"name":"projects/aip-v1-3f57c/locations/us-central1/operations/operation-1783628914018-6563377d4c8eb-6b849440-9fbe7d40","metadata":{"@type":"type.googleapis.com/google.cloud.functions.v2.OperationMetadata","createTime":"2026-07-09T20:28:34.567203868Z","target":"projects/aip-v1-3f57c/locations/us-central1/functions/kycInit","verb":"create","cancelRequested":false,"apiVersion":"v2","requestResource":{"@type":"type.googleapis.com/google.cloud.functions.v2.Function","name":"projects/aip-v1-3f57c/locations/us-central1/functions/kycInit","buildConfig":{"runtime":"nodejs20","entryPoint":"kycInit","source":{"storageSource":{"bucket":"gcf-v2-sources-171234470705-us-central1","object":"kycInit/function-source.zip","generation":"1783628914313622"}},"environmentVariables":{"GOOGLE_NODE_RUN_SCRIPTS":""},"sourceToken":"Cldwcm9qZWN0cy8xNzEyMzQ0NzA3MDUvbG9jYXRpb25zL3VzLWNlbnRyYWwxL2J1aWxkcy85OWZiNjA2YS1lY2Q1LTQ1NzktOWM5Mi04OWEzZGFiNmVjMmEScHVzLWNlbnRyYWwxLWRvY2tlci5wa2cuZGV2L2FpcC12MS0zZjU3Yy9nY2YtYXJ0aWZhY3RzL2FpcC0tdjEtLTNmNTdjX191cy0tY2VudHJhbDFfX2NyZWF0ZV9reWNfc2Vzc2lvbjp2ZXJzaW9uXzEYsdb68v0EIkZwcm9qZWN0cy9haXAtdjEtM2Y1N2MvbG9jYXRpb25zL3VzLWNlbnRyYWwxL2Z1bmN0aW9ucy9jcmVhdGVLeWNTZXNzaW9uKgwI6YjA0gYQgNPpsgEyCG5vZGVqczIwOnYKI2djci5pby9nYWUtcnVudGltZXMvbm9kZWpzMjA6c3RhYmxlEk91cy1jZW50cmFsMS1kb2NrZXIucGtnLmRldi9zZXJ2ZXJsZXNzLXJ1bnRpbWVzL2dvb2dsZS0yMi1mdWxsL3J1bnRpbWVzL25vZGVqczIwQAE=","serviceAccount":"projects/aip-v1-3f57c/serviceAccounts/171234470705-compute@developer.gserviceaccount.com","automaticUpdatePolicy":{}},"serviceConfig":{"service":"projects/aip-v1-3f57c/locations/us-central1/services/kycinit","timeoutSeconds":60,"environmentVariables":{"SENDGRID_WEBHOOK_KEY":"tu_clave_secreta_aqui","META_WEBHOOK_VERIFY_TOKEN":"tu_token_de_verificacion","META_WHATSAPP_ACCESS_TOKEN":"tu_access_token_de_meta","FIREBASE_CONFIG":"{\"projectId\":\"aip-v1-3f57c\",\"storageBucket\":\"aip-v1-3f57c.firebasestorage.app\"}","GCLOUD_PROJECT":"aip-v1-3f57c","EVENTARC_CLOUD_EVENT_SOURCE":"projects/aip-v1-3f57c/locations/us-central1/services/kycInit","FUNCTION_TARGET":"kycInit","LOG_EXECUTION_ID":"true","FUNCTION_SIGNATURE_TYPE":"http"},"ingressSettings":"ALLOW_ALL","serviceAccountEmail":"171234470705-compute@developer.gserviceaccount.com","minInstanceCount":1,"availableMemory":"256Mi","maxInstanceRequestConcurrency":80,"availableCpu":"1"},"labels":{"deployment-tool":"cli-firebase","deployment-callable":"true","firebase-functions-hash":"1fef5414712d901cd2c8056debfc465a0058a8e3"},"environment":"GEN_2"},"stages":[{"name":"BUILD","message":"Reusing build","state":"COMPLETE","resource":"projects/171234470705/locations/us-central1/builds/99fb606a-ecd5-4579-9c92-89a3dab6ec2a","stateMessages":[{"severity":"WARNING","type":"BuildAnalysisWarning","message":"Node.js 20 is no longer supported by the Node.js community as of 30 April, 2026. Runtime nodejs20 is currently deprecated for Cloud Functions. We recommend you to upgrade to the latest version of Node.js as soon as possible."}]},{"name":"SERVICE","message":"Creating Cloud Run service","state":"IN_PROGRESS","resource":"projects/aip-v1-3f57c/locations/us-central1/services/kycinit","resourceUri":"https://console.cloud.google.com/run/detail/us-central1/kycinit?project=aip-v1-3f57c"}],"sourceToken":"Cldwcm9qZWN0cy8xNzEyMzQ0NzA3MDUvbG9jYXRpb25zL3VzLWNlbnRyYWwxL2J1aWxkcy85OWZiNjA2YS1lY2Q1LTQ1NzktOWM5Mi04OWEzZGFiNmVjMmEScHVzLWNlbnRyYWwxLWRvY2tlci5wa2cuZGV2L2FpcC12MS0zZjU3Yy9nY2YtYXJ0aWZhY3RzL2FpcC0tdjEtLTNmNTdjX191cy0tY2VudHJhbDFfX2NyZWF0ZV9reWNfc2Vzc2lvbjp2ZXJzaW9uXzEYsdb68v0EIkZwcm9qZWN0cy9haXAtdjEtM2Y1N2MvbG9jYXRpb25zL3VzLWNlbnRyYWwxL2Z1bmN0aW9ucy9jcmVhdGVLeWNTZXNzaW9uKgwI6YjA0gYQgNPpsgEyCG5vZGVqczIwOnYKI2djci5pby9nYWUtcnVudGltZXMvbm9kZWpzMjA6c3RhYmxlEk91cy1jZW50cmFsMS1kb2NrZXIucGtnLmRldi9zZXJ2ZXJsZXNzLXJ1bnRpbWVzL2dvb2dsZS0yMi1mdWxsL3J1bnRpbWVzL25vZGVqczIwQAE=","operationType":"CREATE_FUNCTION","buildName":"projects/171234470705/locations/us-central1/builds/99fb606a-ecd5-4579-9c92-89a3dab6ec2a"},"done":false}
[debug] [2026-07-09T20:28:34.796Z] Got source token Cldwcm9qZWN0cy8xNzEyMzQ0NzA3MDUvbG9jYXRpb25zL3VzLWNlbnRyYWwxL2J1aWxkcy85OWZiNjA2YS1lY2Q1LTQ1NzktOWM5Mi04OWEzZGFiNmVjMmEScHVzLWNlbnRyYWwxLWRvY2tlci5wa2cuZGV2L2FpcC12MS0zZjU3Yy9nY2YtYXJ0aWZhY3RzL2FpcC0tdjEtLTNmNTdjX191cy0tY2VudHJhbDFfX2NyZWF0ZV9reWNfc2Vzc2lvbjp2ZXJzaW9uXzEYsdb68v0EIkZwcm9qZWN0cy9haXAtdjEtM2Y1N2MvbG9jYXRpb25zL3VzLWNlbnRyYWwxL2Z1bmN0aW9ucy9jcmVhdGVLeWNTZXNzaW9uKgwI6YjA0gYQgNPpsgEyCG5vZGVqczIwOnYKI2djci5pby9nYWUtcnVudGltZXMvbm9kZWpzMjA6c3RhYmxlEk91cy1jZW50cmFsMS1kb2NrZXIucGtnLmRldi9zZXJ2ZXJsZXNzLXJ1bnRpbWVzL2dvb2dsZS0yMi1mdWxsL3J1bnRpbWVzL25vZGVqczIwQAE= for region us-central1
[debug] [2026-07-09T20:28:34.866Z] <<< [apiv2][status] GET https://cloudfunctions.googleapis.com/v2/projects/aip-v1-3f57c/locations/us-central1/operations/operation-1783628914085-6563377d5cef4-21562818-dbe56e97 200
[debug] [2026-07-09T20:28:34.866Z] <<< [apiv2][body] GET https://cloudfunctions.googleapis.com/v2/projects/aip-v1-3f57c/locations/us-central1/operations/operation-1783628914085-6563377d5cef4-21562818-dbe56e97 {"name":"projects/aip-v1-3f57c/locations/us-central1/operations/operation-1783628914085-6563377d5cef4-21562818-dbe56e97","metadata":{"@type":"type.googleapis.com/google.cloud.functions.v2.OperationMetadata","createTime":"2026-07-09T20:28:34.662294655Z","target":"projects/aip-v1-3f57c/locations/us-central1/functions/kycAttest","verb":"create","cancelRequested":false,"apiVersion":"v2","requestResource":{"@type":"type.googleapis.com/google.cloud.functions.v2.Function","name":"projects/aip-v1-3f57c/locations/us-central1/functions/kycAttest","buildConfig":{"runtime":"nodejs20","entryPoint":"kycAttest","source":{"storageSource":{"bucket":"gcf-v2-sources-171234470705-us-central1","object":"kycAttest/function-source.zip","generation":"1783628914433039"}},"environmentVariables":{"GOOGLE_NODE_RUN_SCRIPTS":""},"sourceToken":"Cldwcm9qZWN0cy8xNzEyMzQ0NzA3MDUvbG9jYXRpb25zL3VzLWNlbnRyYWwxL2J1aWxkcy85OWZiNjA2YS1lY2Q1LTQ1NzktOWM5Mi04OWEzZGFiNmVjMmEScHVzLWNlbnRyYWwxLWRvY2tlci5wa2cuZGV2L2FpcC12MS0zZjU3Yy9nY2YtYXJ0aWZhY3RzL2FpcC0tdjEtLTNmNTdjX191cy0tY2VudHJhbDFfX2NyZWF0ZV9reWNfc2Vzc2lvbjp2ZXJzaW9uXzEYsdb68v0EIkZwcm9qZWN0cy9haXAtdjEtM2Y1N2MvbG9jYXRpb25zL3VzLWNlbnRyYWwxL2Z1bmN0aW9ucy9jcmVhdGVLeWNTZXNzaW9uKgwI6YjA0gYQgNPpsgEyCG5vZGVqczIwOnYKI2djci5pby9nYWUtcnVudGltZXMvbm9kZWpzMjA6c3RhYmxlEk91cy1jZW50cmFsMS1kb2NrZXIucGtnLmRldi9zZXJ2ZXJsZXNzLXJ1bnRpbWVzL2dvb2dsZS0yMi1mdWxsL3J1bnRpbWVzL25vZGVqczIwQAE=","serviceAccount":"projects/aip-v1-3f57c/serviceAccounts/171234470705-compute@developer.gserviceaccount.com","automaticUpdatePolicy":{}},"serviceConfig":{"service":"projects/aip-v1-3f57c/locations/us-central1/services/kycattest","timeoutSeconds":60,"environmentVariables":{"SENDGRID_WEBHOOK_KEY":"tu_clave_secreta_aqui","META_WEBHOOK_VERIFY_TOKEN":"tu_token_de_verificacion","META_WHATSAPP_ACCESS_TOKEN":"tu_access_token_de_meta","FIREBASE_CONFIG":"{\"projectId\":\"aip-v1-3f57c\",\"storageBucket\":\"aip-v1-3f57c.firebasestorage.app\"}","GCLOUD_PROJECT":"aip-v1-3f57c","EVENTARC_CLOUD_EVENT_SOURCE":"projects/aip-v1-3f57c/locations/us-central1/services/kycAttest","FUNCTION_TARGET":"kycAttest","LOG_EXECUTION_ID":"true","FUNCTION_SIGNATURE_TYPE":"http"},"ingressSettings":"ALLOW_ALL","serviceAccountEmail":"171234470705-compute@developer.gserviceaccount.com","minInstanceCount":1,"availableMemory":"256Mi","maxInstanceRequestConcurrency":80,"availableCpu":"1"},"labels":{"deployment-tool":"cli-firebase","deployment-callable":"true","firebase-functions-hash":"1fef5414712d901cd2c8056debfc465a0058a8e3"},"environment":"GEN_2"},"stages":[{"name":"BUILD","message":"Reusing build","state":"COMPLETE","resource":"projects/171234470705/locations/us-central1/builds/99fb606a-ecd5-4579-9c92-89a3dab6ec2a","stateMessages":[{"severity":"WARNING","type":"BuildAnalysisWarning","message":"Node.js 20 is no longer supported by the Node.js community as of 30 April, 2026. Runtime nodejs20 is currently deprecated for Cloud Functions. We recommend you to upgrade to the latest version of Node.js as soon as possible."}]},{"name":"SERVICE","message":"Creating Cloud Run service","state":"IN_PROGRESS","resource":"projects/aip-v1-3f57c/locations/us-central1/services/kycattest","resourceUri":"https://console.cloud.google.com/run/detail/us-central1/kycattest?project=aip-v1-3f57c"}],"sourceToken":"Cldwcm9qZWN0cy8xNzEyMzQ0NzA3MDUvbG9jYXRpb25zL3VzLWNlbnRyYWwxL2J1aWxkcy85OWZiNjA2YS1lY2Q1LTQ1NzktOWM5Mi04OWEzZGFiNmVjMmEScHVzLWNlbnRyYWwxLWRvY2tlci5wa2cuZGV2L2FpcC12MS0zZjU3Yy9nY2YtYXJ0aWZhY3RzL2FpcC0tdjEtLTNmNTdjX191cy0tY2VudHJhbDFfX2NyZWF0ZV9reWNfc2Vzc2lvbjp2ZXJzaW9uXzEYsdb68v0EIkZwcm9qZWN0cy9haXAtdjEtM2Y1N2MvbG9jYXRpb25zL3VzLWNlbnRyYWwxL2Z1bmN0aW9ucy9jcmVhdGVLeWNTZXNzaW9uKgwI6YjA0gYQgNPpsgEyCG5vZGVqczIwOnYKI2djci5pby9nYWUtcnVudGltZXMvbm9kZWpzMjA6c3RhYmxlEk91cy1jZW50cmFsMS1kb2NrZXIucGtnLmRldi9zZXJ2ZXJsZXNzLXJ1bnRpbWVzL2dvb2dsZS0yMi1mdWxsL3J1bnRpbWVzL25vZGVqczIwQAE=","operationType":"CREATE_FUNCTION","buildName":"projects/171234470705/locations/us-central1/builds/99fb606a-ecd5-4579-9c92-89a3dab6ec2a"},"done":false}
[debug] [2026-07-09T20:28:34.866Z] Got source token Cldwcm9qZWN0cy8xNzEyMzQ0NzA3MDUvbG9jYXRpb25zL3VzLWNlbnRyYWwxL2J1aWxkcy85OWZiNjA2YS1lY2Q1LTQ1NzktOWM5Mi04OWEzZGFiNmVjMmEScHVzLWNlbnRyYWwxLWRvY2tlci5wa2cuZGV2L2FpcC12MS0zZjU3Yy9nY2YtYXJ0aWZhY3RzL2FpcC0tdjEtLTNmNTdjX191cy0tY2VudHJhbDFfX2NyZWF0ZV9reWNfc2Vzc2lvbjp2ZXJzaW9uXzEYsdb68v0EIkZwcm9qZWN0cy9haXAtdjEtM2Y1N2MvbG9jYXRpb25zL3VzLWNlbnRyYWwxL2Z1bmN0aW9ucy9jcmVhdGVLeWNTZXNzaW9uKgwI6YjA0gYQgNPpsgEyCG5vZGVqczIwOnYKI2djci5pby9nYWUtcnVudGltZXMvbm9kZWpzMjA6c3RhYmxlEk91cy1jZW50cmFsMS1kb2NrZXIucGtnLmRldi9zZXJ2ZXJsZXNzLXJ1bnRpbWVzL2dvb2dsZS0yMi1mdWxsL3J1bnRpbWVzL25vZGVqczIwQAE= for region us-central1
[debug] [2026-07-09T20:28:34.964Z] <<< [apiv2][status] GET https://cloudfunctions.googleapis.com/v2/projects/aip-v1-3f57c/locations/us-central1/operations/operation-1783628914100-6563377d60afb-8579fa08-9a74316c 200
[debug] [2026-07-09T20:28:34.964Z] <<< [apiv2][body] GET https://cloudfunctions.googleapis.com/v2/projects/aip-v1-3f57c/locations/us-central1/operations/operation-1783628914100-6563377d60afb-8579fa08-9a74316c {"name":"projects/aip-v1-3f57c/locations/us-central1/operations/operation-1783628914100-6563377d60afb-8579fa08-9a74316c","metadata":{"@type":"type.googleapis.com/google.cloud.functions.v2.OperationMetadata","createTime":"2026-07-09T20:28:34.631777195Z","target":"projects/aip-v1-3f57c/locations/us-central1/functions/cleanupKycSessions","verb":"create","cancelRequested":false,"apiVersion":"v2","requestResource":{"@type":"type.googleapis.com/google.cloud.functions.v2.Function","name":"projects/aip-v1-3f57c/locations/us-central1/functions/cleanupKycSessions","buildConfig":{"runtime":"nodejs20","entryPoint":"cleanupKycSessions","source":{"storageSource":{"bucket":"gcf-v2-sources-171234470705-us-central1","object":"cleanupKycSessions/function-source.zip","generation":"1783628914390941"}},"environmentVariables":{"GOOGLE_NODE_RUN_SCRIPTS":""},"sourceToken":"Cldwcm9qZWN0cy8xNzEyMzQ0NzA3MDUvbG9jYXRpb25zL3VzLWNlbnRyYWwxL2J1aWxkcy85OWZiNjA2YS1lY2Q1LTQ1NzktOWM5Mi04OWEzZGFiNmVjMmEScHVzLWNlbnRyYWwxLWRvY2tlci5wa2cuZGV2L2FpcC12MS0zZjU3Yy9nY2YtYXJ0aWZhY3RzL2FpcC0tdjEtLTNmNTdjX191cy0tY2VudHJhbDFfX2NyZWF0ZV9reWNfc2Vzc2lvbjp2ZXJzaW9uXzEYsdb68v0EIkZwcm9qZWN0cy9haXAtdjEtM2Y1N2MvbG9jYXRpb25zL3VzLWNlbnRyYWwxL2Z1bmN0aW9ucy9jcmVhdGVLeWNTZXNzaW9uKgwI6YjA0gYQgNPpsgEyCG5vZGVqczIwOnYKI2djci5pby9nYWUtcnVudGltZXMvbm9kZWpzMjA6c3RhYmxlEk91cy1jZW50cmFsMS1kb2NrZXIucGtnLmRldi9zZXJ2ZXJsZXNzLXJ1bnRpbWVzL2dvb2dsZS0yMi1mdWxsL3J1bnRpbWVzL25vZGVqczIwQAE=","serviceAccount":"projects/aip-v1-3f57c/serviceAccounts/171234470705-compute@developer.gserviceaccount.com","automaticUpdatePolicy":{}},"serviceConfig":{"service":"projects/aip-v1-3f57c/locations/us-central1/services/cleanupkycsessions","timeoutSeconds":60,"environmentVariables":{"SENDGRID_WEBHOOK_KEY":"tu_clave_secreta_aqui","META_WEBHOOK_VERIFY_TOKEN":"tu_token_de_verificacion","META_WHATSAPP_ACCESS_TOKEN":"tu_access_token_de_meta","FIREBASE_CONFIG":"{\"projectId\":\"aip-v1-3f57c\",\"storageBucket\":\"aip-v1-3f57c.firebasestorage.app\"}","GCLOUD_PROJECT":"aip-v1-3f57c","EVENTARC_CLOUD_EVENT_SOURCE":"projects/aip-v1-3f57c/locations/us-central1/services/cleanupKycSessions","FUNCTION_TARGET":"cleanupKycSessions","LOG_EXECUTION_ID":"true","FUNCTION_SIGNATURE_TYPE":"http"},"ingressSettings":"ALLOW_ALL","serviceAccountEmail":"171234470705-compute@developer.gserviceaccount.com","availableMemory":"256Mi","maxInstanceRequestConcurrency":80,"availableCpu":"1"},"labels":{"deployment-tool":"cli-firebase","deployment-scheduled":"true","firebase-functions-hash":"1fef5414712d901cd2c8056debfc465a0058a8e3"},"environment":"GEN_2"},"stages":[{"name":"BUILD","message":"Reusing build","state":"COMPLETE","resource":"projects/171234470705/locations/us-central1/builds/99fb606a-ecd5-4579-9c92-89a3dab6ec2a","stateMessages":[{"severity":"WARNING","type":"BuildAnalysisWarning","message":"Node.js 20 is no longer supported by the Node.js community as of 30 April, 2026. Runtime nodejs20 is currently deprecated for Cloud Functions. We recommend you to upgrade to the latest version of Node.js as soon as possible."}]},{"name":"SERVICE","message":"Creating Cloud Run service","state":"IN_PROGRESS","resource":"projects/aip-v1-3f57c/locations/us-central1/services/cleanupkycsessions","resourceUri":"https://console.cloud.google.com/run/detail/us-central1/cleanupkycsessions?project=aip-v1-3f57c"}],"sourceToken":"Cldwcm9qZWN0cy8xNzEyMzQ0NzA3MDUvbG9jYXRpb25zL3VzLWNlbnRyYWwxL2J1aWxkcy85OWZiNjA2YS1lY2Q1LTQ1NzktOWM5Mi04OWEzZGFiNmVjMmEScHVzLWNlbnRyYWwxLWRvY2tlci5wa2cuZGV2L2FpcC12MS0zZjU3Yy9nY2YtYXJ0aWZhY3RzL2FpcC0tdjEtLTNmNTdjX191cy0tY2VudHJhbDFfX2NyZWF0ZV9reWNfc2Vzc2lvbjp2ZXJzaW9uXzEYsdb68v0EIkZwcm9qZWN0cy9haXAtdjEtM2Y1N2MvbG9jYXRpb25zL3VzLWNlbnRyYWwxL2Z1bmN0aW9ucy9jcmVhdGVLeWNTZXNzaW9uKgwI6YjA0gYQgNPpsgEyCG5vZGVqczIwOnYKI2djci5pby9nYWUtcnVudGltZXMvbm9kZWpzMjA6c3RhYmxlEk91cy1jZW50cmFsMS1kb2NrZXIucGtnLmRldi9zZXJ2ZXJsZXNzLXJ1bnRpbWVzL2dvb2dsZS0yMi1mdWxsL3J1bnRpbWVzL25vZGVqczIwQAE=","operationType":"CREATE_FUNCTION","buildName":"projects/171234470705/locations/us-central1/builds/99fb606a-ecd5-4579-9c92-89a3dab6ec2a"},"done":false}
[debug] [2026-07-09T20:28:34.964Z] Got source token Cldwcm9qZWN0cy8xNzEyMzQ0NzA3MDUvbG9jYXRpb25zL3VzLWNlbnRyYWwxL2J1aWxkcy85OWZiNjA2YS1lY2Q1LTQ1NzktOWM5Mi04OWEzZGFiNmVjMmEScHVzLWNlbnRyYWwxLWRvY2tlci5wa2cuZGV2L2FpcC12MS0zZjU3Yy9nY2YtYXJ0aWZhY3RzL2FpcC0tdjEtLTNmNTdjX191cy0tY2VudHJhbDFfX2NyZWF0ZV9reWNfc2Vzc2lvbjp2ZXJzaW9uXzEYsdb68v0EIkZwcm9qZWN0cy9haXAtdjEtM2Y1N2MvbG9jYXRpb25zL3VzLWNlbnRyYWwxL2Z1bmN0aW9ucy9jcmVhdGVLeWNTZXNzaW9uKgwI6YjA0gYQgNPpsgEyCG5vZGVqczIwOnYKI2djci5pby9nYWUtcnVudGltZXMvbm9kZWpzMjA6c3RhYmxlEk91cy1jZW50cmFsMS1kb2NrZXIucGtnLmRldi9zZXJ2ZXJsZXNzLXJ1bnRpbWVzL2dvb2dsZS0yMi1mdWxsL3J1bnRpbWVzL25vZGVqczIwQAE= for region us-central1
[debug] [2026-07-09T20:28:35.305Z] [create-default-us-central1-kycInit] Retrying task index 0
[debug] [2026-07-09T20:28:35.305Z] Checked if tokens are valid: true, expires at: 1783632331561
[debug] [2026-07-09T20:28:35.305Z] Checked if tokens are valid: true, expires at: 1783632331561
[debug] [2026-07-09T20:28:35.305Z] >>> [apiv2][query] GET https://cloudfunctions.googleapis.com/v2/projects/aip-v1-3f57c/locations/us-central1/operations/operation-1783628914018-6563377d4c8eb-6b849440-9fbe7d40 [none]
[debug] [2026-07-09T20:28:35.367Z] [create-default-us-central1-kycAttest] Retrying task index 0
[debug] [2026-07-09T20:28:35.367Z] Checked if tokens are valid: true, expires at: 1783632331561
[debug] [2026-07-09T20:28:35.367Z] Checked if tokens are valid: true, expires at: 1783632331561
[debug] [2026-07-09T20:28:35.367Z] >>> [apiv2][query] GET https://cloudfunctions.googleapis.com/v2/projects/aip-v1-3f57c/locations/us-central1/operations/operation-1783628914085-6563377d5cef4-21562818-dbe56e97 [none]
[debug] [2026-07-09T20:28:35.392Z] <<< [apiv2][status] GET https://cloudfunctions.googleapis.com/v2/projects/aip-v1-3f57c/locations/us-central1/operations/operation-1783628914098-6563377d601a9-b653705f-6a01750a 200
[debug] [2026-07-09T20:28:35.392Z] <<< [apiv2][body] GET https://cloudfunctions.googleapis.com/v2/projects/aip-v1-3f57c/locations/us-central1/operations/operation-1783628914098-6563377d601a9-b653705f-6a01750a {"name":"projects/aip-v1-3f57c/locations/us-central1/operations/operation-1783628914098-6563377d601a9-b653705f-6a01750a","metadata":{"@type":"type.googleapis.com/google.cloud.functions.v2.OperationMetadata","createTime":"2026-07-09T20:28:35.149391903Z","target":"projects/aip-v1-3f57c/locations/us-central1/functions/whatsappWebhook","verb":"update","cancelRequested":false,"apiVersion":"v2","requestResource":{"@type":"type.googleapis.com/google.cloud.functions.v2.Function","name":"projects/aip-v1-3f57c/locations/us-central1/functions/whatsappWebhook","buildConfig":{"runtime":"nodejs20","entryPoint":"whatsappWebhook","source":{"storageSource":{"bucket":"gcf-v2-sources-171234470705-us-central1","object":"whatsappWebhook/function-source.zip","generation":"1783628915101390"}},"environmentVariables":{"GOOGLE_NODE_RUN_SCRIPTS":""},"dockerRepository":"projects/aip-v1-3f57c/locations/us-central1/repositories/gcf-artifacts","sourceProvenance":{"resolvedStorageSource":{"bucket":"gcf-v2-sources-171234470705-us-central1","object":"whatsappWebhook/function-source.zip","generation":"1782942754866357"}},"dockerRegistry":"ARTIFACT_REGISTRY","sourceToken":"Cldwcm9qZWN0cy8xNzEyMzQ0NzA3MDUvbG9jYXRpb25zL3VzLWNlbnRyYWwxL2J1aWxkcy85OWZiNjA2YS1lY2Q1LTQ1NzktOWM5Mi04OWEzZGFiNmVjMmEScHVzLWNlbnRyYWwxLWRvY2tlci5wa2cuZGV2L2FpcC12MS0zZjU3Yy9nY2YtYXJ0aWZhY3RzL2FpcC0tdjEtLTNmNTdjX191cy0tY2VudHJhbDFfX2NyZWF0ZV9reWNfc2Vzc2lvbjp2ZXJzaW9uXzEYsdb68v0EIkZwcm9qZWN0cy9haXAtdjEtM2Y1N2MvbG9jYXRpb25zL3VzLWNlbnRyYWwxL2Z1bmN0aW9ucy9jcmVhdGVLeWNTZXNzaW9uKgwI6YjA0gYQgNPpsgEyCG5vZGVqczIwOnYKI2djci5pby9nYWUtcnVudGltZXMvbm9kZWpzMjA6c3RhYmxlEk91cy1jZW50cmFsMS1kb2NrZXIucGtnLmRldi9zZXJ2ZXJsZXNzLXJ1bnRpbWVzL2dvb2dsZS0yMi1mdWxsL3J1bnRpbWVzL25vZGVqczIwQAE=","serviceAccount":"projects/aip-v1-3f57c/serviceAccounts/171234470705-compute@developer.gserviceaccount.com","automaticUpdatePolicy":{}},"serviceConfig":{"service":"projects/aip-v1-3f57c/locations/us-central1/services/whatsappwebhook","timeoutSeconds":60,"environmentVariables":{"SENDGRID_WEBHOOK_KEY":"tu_clave_secreta_aqui","META_WEBHOOK_VERIFY_TOKEN":"tu_token_de_verificacion","META_WHATSAPP_ACCESS_TOKEN":"tu_access_token_de_meta","FIREBASE_CONFIG":"{\"projectId\":\"aip-v1-3f57c\",\"storageBucket\":\"aip-v1-3f57c.firebasestorage.app\"}","GCLOUD_PROJECT":"aip-v1-3f57c","EVENTARC_CLOUD_EVENT_SOURCE":"projects/aip-v1-3f57c/locations/us-central1/services/whatsappWebhook","FUNCTION_TARGET":"whatsappWebhook","LOG_EXECUTION_ID":"true","FUNCTION_SIGNATURE_TYPE":"http"},"maxInstanceCount":5,"ingressSettings":"ALLOW_ALL","uri":"https://whatsappwebhook-xo4zljy57a-uc.a.run.app","serviceAccountEmail":"171234470705-compute@developer.gserviceaccount.com","availableMemory":"256Mi","allTrafficOnLatestRevision":true,"revision":"whatsappwebhook-00006-wef","maxInstanceRequestConcurrency":80,"availableCpu":"1"},"state":"ACTIVE","labels":{"deployment-tool":"cloud-console","firebase-functions-hash":"1fef5414712d901cd2c8056debfc465a0058a8e3"},"environment":"GEN_2","url":"https://us-central1-aip-v1-3f57c.cloudfunctions.net/whatsappWebhook","satisfiesPzi":true},"stages":[{"name":"BUILD","message":"Reusing build","state":"COMPLETE","resource":"projects/171234470705/locations/us-central1/builds/99fb606a-ecd5-4579-9c92-89a3dab6ec2a","stateMessages":[{"severity":"WARNING","type":"BuildAnalysisWarning","message":"Node.js 20 is no longer supported by the Node.js community as of 30 April, 2026. Runtime nodejs20 is currently deprecated for Cloud Functions. We recommend you to upgrade to the latest version of Node.js as soon as possible."}]},{"name":"SERVICE","message":"Updating Cloud Run service","state":"IN_PROGRESS","resource":"projects/aip-v1-3f57c/locations/us-central1/services/whatsappwebhook","resourceUri":"https://console.cloud.google.com/run/detail/us-central1/whatsappwebhook?project=aip-v1-3f57c","stateMessages":[{"severity":"INFO","type":"CloudRunServiceNewRevisionTrafficInfo","message":"A new revision will be deployed serving with 100% traffic."}]}],"sourceToken":"Cldwcm9qZWN0cy8xNzEyMzQ0NzA3MDUvbG9jYXRpb25zL3VzLWNlbnRyYWwxL2J1aWxkcy85OWZiNjA2YS1lY2Q1LTQ1NzktOWM5Mi04OWEzZGFiNmVjMmEScHVzLWNlbnRyYWwxLWRvY2tlci5wa2cuZGV2L2FpcC12MS0zZjU3Yy9nY2YtYXJ0aWZhY3RzL2FpcC0tdjEtLTNmNTdjX191cy0tY2VudHJhbDFfX2NyZWF0ZV9reWNfc2Vzc2lvbjp2ZXJzaW9uXzEYsdb68v0EIkZwcm9qZWN0cy9haXAtdjEtM2Y1N2MvbG9jYXRpb25zL3VzLWNlbnRyYWwxL2Z1bmN0aW9ucy9jcmVhdGVLeWNTZXNzaW9uKgwI6YjA0gYQgNPpsgEyCG5vZGVqczIwOnYKI2djci5pby9nYWUtcnVudGltZXMvbm9kZWpzMjA6c3RhYmxlEk91cy1jZW50cmFsMS1kb2NrZXIucGtnLmRldi9zZXJ2ZXJsZXNzLXJ1bnRpbWVzL2dvb2dsZS0yMi1mdWxsL3J1bnRpbWVzL25vZGVqczIwQAE=","operationType":"UPDATE_FUNCTION","buildName":"projects/171234470705/locations/us-central1/builds/99fb606a-ecd5-4579-9c92-89a3dab6ec2a"},"done":false}
[debug] [2026-07-09T20:28:35.392Z] Got source token Cldwcm9qZWN0cy8xNzEyMzQ0NzA3MDUvbG9jYXRpb25zL3VzLWNlbnRyYWwxL2J1aWxkcy85OWZiNjA2YS1lY2Q1LTQ1NzktOWM5Mi04OWEzZGFiNmVjMmEScHVzLWNlbnRyYWwxLWRvY2tlci5wa2cuZGV2L2FpcC12MS0zZjU3Yy9nY2YtYXJ0aWZhY3RzL2FpcC0tdjEtLTNmNTdjX191cy0tY2VudHJhbDFfX2NyZWF0ZV9reWNfc2Vzc2lvbjp2ZXJzaW9uXzEYsdb68v0EIkZwcm9qZWN0cy9haXAtdjEtM2Y1N2MvbG9jYXRpb25zL3VzLWNlbnRyYWwxL2Z1bmN0aW9ucy9jcmVhdGVLeWNTZXNzaW9uKgwI6YjA0gYQgNPpsgEyCG5vZGVqczIwOnYKI2djci5pby9nYWUtcnVudGltZXMvbm9kZWpzMjA6c3RhYmxlEk91cy1jZW50cmFsMS1kb2NrZXIucGtnLmRldi9zZXJ2ZXJsZXNzLXJ1bnRpbWVzL2dvb2dsZS0yMi1mdWxsL3J1bnRpbWVzL25vZGVqczIwQAE= for region us-central1
[debug] [2026-07-09T20:28:35.402Z] <<< [apiv2][status] GET https://cloudfunctions.googleapis.com/v2/projects/aip-v1-3f57c/locations/us-central1/operations/operation-1783628914114-6563377d64087-27cdf0e2-1ac52cfb 200
[debug] [2026-07-09T20:28:35.402Z] <<< [apiv2][body] GET https://cloudfunctions.googleapis.com/v2/projects/aip-v1-3f57c/locations/us-central1/operations/operation-1783628914114-6563377d64087-27cdf0e2-1ac52cfb {"name":"projects/aip-v1-3f57c/locations/us-central1/operations/operation-1783628914114-6563377d64087-27cdf0e2-1ac52cfb","metadata":{"@type":"type.googleapis.com/google.cloud.functions.v2.OperationMetadata","createTime":"2026-07-09T20:28:35.150237043Z","target":"projects/aip-v1-3f57c/locations/us-central1/functions/executeUserAction","verb":"update","cancelRequested":false,"apiVersion":"v2","requestResource":{"@type":"type.googleapis.com/google.cloud.functions.v2.Function","name":"projects/aip-v1-3f57c/locations/us-central1/functions/executeUserAction","buildConfig":{"runtime":"nodejs20","entryPoint":"executeUserAction","source":{"storageSource":{"bucket":"gcf-v2-sources-171234470705-us-central1","object":"executeUserAction/function-source.zip","generation":"1783628915094628"}},"environmentVariables":{"GOOGLE_NODE_RUN_SCRIPTS":""},"dockerRepository":"projects/aip-v1-3f57c/locations/us-central1/repositories/gcf-artifacts","sourceProvenance":{"resolvedStorageSource":{"bucket":"gcf-v2-sources-171234470705-us-central1","object":"executeUserAction/function-source.zip","generation":"1782942710965334"}},"dockerRegistry":"ARTIFACT_REGISTRY","sourceToken":"Cldwcm9qZWN0cy8xNzEyMzQ0NzA3MDUvbG9jYXRpb25zL3VzLWNlbnRyYWwxL2J1aWxkcy85OWZiNjA2YS1lY2Q1LTQ1NzktOWM5Mi04OWEzZGFiNmVjMmEScHVzLWNlbnRyYWwxLWRvY2tlci5wa2cuZGV2L2FpcC12MS0zZjU3Yy9nY2YtYXJ0aWZhY3RzL2FpcC0tdjEtLTNmNTdjX191cy0tY2VudHJhbDFfX2NyZWF0ZV9reWNfc2Vzc2lvbjp2ZXJzaW9uXzEYsdb68v0EIkZwcm9qZWN0cy9haXAtdjEtM2Y1N2MvbG9jYXRpb25zL3VzLWNlbnRyYWwxL2Z1bmN0aW9ucy9jcmVhdGVLeWNTZXNzaW9uKgwI6YjA0gYQgNPpsgEyCG5vZGVqczIwOnYKI2djci5pby9nYWUtcnVudGltZXMvbm9kZWpzMjA6c3RhYmxlEk91cy1jZW50cmFsMS1kb2NrZXIucGtnLmRldi9zZXJ2ZXJsZXNzLXJ1bnRpbWVzL2dvb2dsZS0yMi1mdWxsL3J1bnRpbWVzL25vZGVqczIwQAE=","serviceAccount":"projects/aip-v1-3f57c/serviceAccounts/171234470705-compute@developer.gserviceaccount.com","automaticUpdatePolicy":{}},"serviceConfig":{"service":"projects/aip-v1-3f57c/locations/us-central1/services/executeuseraction","timeoutSeconds":60,"environmentVariables":{"SENDGRID_WEBHOOK_KEY":"tu_clave_secreta_aqui","META_WEBHOOK_VERIFY_TOKEN":"tu_token_de_verificacion","META_WHATSAPP_ACCESS_TOKEN":"tu_access_token_de_meta","FIREBASE_CONFIG":"{\"projectId\":\"aip-v1-3f57c\",\"storageBucket\":\"aip-v1-3f57c.firebasestorage.app\"}","GCLOUD_PROJECT":"aip-v1-3f57c","EVENTARC_CLOUD_EVENT_SOURCE":"projects/aip-v1-3f57c/locations/us-central1/services/executeUserAction","FUNCTION_TARGET":"executeUserAction","LOG_EXECUTION_ID":"true","FUNCTION_SIGNATURE_TYPE":"http"},"ingressSettings":"ALLOW_ALL","uri":"https://executeuseraction-xo4zljy57a-uc.a.run.app","serviceAccountEmail":"171234470705-compute@developer.gserviceaccount.com","minInstanceCount":1,"availableMemory":"256Mi","allTrafficOnLatestRevision":true,"revision":"executeuseraction-00007-toy","maxInstanceRequestConcurrency":80,"availableCpu":"1"},"state":"ACTIVE","labels":{"deployment-tool":"cloudfunctions","deployment-callable":"true","firebase-functions-hash":"1fef5414712d901cd2c8056debfc465a0058a8e3"},"environment":"GEN_2","url":"https://us-central1-aip-v1-3f57c.cloudfunctions.net/executeUserAction","satisfiesPzi":true},"stages":[{"name":"BUILD","message":"Reusing build","state":"COMPLETE","resource":"projects/171234470705/locations/us-central1/builds/99fb606a-ecd5-4579-9c92-89a3dab6ec2a","stateMessages":[{"severity":"WARNING","type":"BuildAnalysisWarning","message":"Node.js 20 is no longer supported by the Node.js community as of 30 April, 2026. Runtime nodejs20 is currently deprecated for Cloud Functions. We recommend you to upgrade to the latest version of Node.js as soon as possible."}]},{"name":"SERVICE","message":"Updating Cloud Run service","state":"IN_PROGRESS","resource":"projects/aip-v1-3f57c/locations/us-central1/services/executeuseraction","resourceUri":"https://console.cloud.google.com/run/detail/us-central1/executeuseraction?project=aip-v1-3f57c","stateMessages":[{"severity":"INFO","type":"CloudRunServiceNewRevisionTrafficInfo","message":"A new revision will be deployed serving with 100% traffic."}]}],"sourceToken":"Cldwcm9qZWN0cy8xNzEyMzQ0NzA3MDUvbG9jYXRpb25zL3VzLWNlbnRyYWwxL2J1aWxkcy85OWZiNjA2YS1lY2Q1LTQ1NzktOWM5Mi04OWEzZGFiNmVjMmEScHVzLWNlbnRyYWwxLWRvY2tlci5wa2cuZGV2L2FpcC12MS0zZjU3Yy9nY2YtYXJ0aWZhY3RzL2FpcC0tdjEtLTNmNTdjX191cy0tY2VudHJhbDFfX2NyZWF0ZV9reWNfc2Vzc2lvbjp2ZXJzaW9uXzEYsdb68v0EIkZwcm9qZWN0cy9haXAtdjEtM2Y1N2MvbG9jYXRpb25zL3VzLWNlbnRyYWwxL2Z1bmN0aW9ucy9jcmVhdGVLeWNTZXNzaW9uKgwI6YjA0gYQgNPpsgEyCG5vZGVqczIwOnYKI2djci5pby9nYWUtcnVudGltZXMvbm9kZWpzMjA6c3RhYmxlEk91cy1jZW50cmFsMS1kb2NrZXIucGtnLmRldi9zZXJ2ZXJsZXNzLXJ1bnRpbWVzL2dvb2dsZS0yMi1mdWxsL3J1bnRpbWVzL25vZGVqczIwQAE=","operationType":"UPDATE_FUNCTION","buildName":"projects/171234470705/locations/us-central1/builds/99fb606a-ecd5-4579-9c92-89a3dab6ec2a"},"done":false}
[debug] [2026-07-09T20:28:35.402Z] Got source token Cldwcm9qZWN0cy8xNzEyMzQ0NzA3MDUvbG9jYXRpb25zL3VzLWNlbnRyYWwxL2J1aWxkcy85OWZiNjA2YS1lY2Q1LTQ1NzktOWM5Mi04OWEzZGFiNmVjMmEScHVzLWNlbnRyYWwxLWRvY2tlci5wa2cuZGV2L2FpcC12MS0zZjU3Yy9nY2YtYXJ0aWZhY3RzL2FpcC0tdjEtLTNmNTdjX191cy0tY2VudHJhbDFfX2NyZWF0ZV9reWNfc2Vzc2lvbjp2ZXJzaW9uXzEYsdb68v0EIkZwcm9qZWN0cy9haXAtdjEtM2Y1N2MvbG9jYXRpb25zL3VzLWNlbnRyYWwxL2Z1bmN0aW9ucy9jcmVhdGVLeWNTZXNzaW9uKgwI6YjA0gYQgNPpsgEyCG5vZGVqczIwOnYKI2djci5pby9nYWUtcnVudGltZXMvbm9kZWpzMjA6c3RhYmxlEk91cy1jZW50cmFsMS1kb2NrZXIucGtnLmRldi9zZXJ2ZXJsZXNzLXJ1bnRpbWVzL2dvb2dsZS0yMi1mdWxsL3J1bnRpbWVzL25vZGVqczIwQAE= for region us-central1
[debug] [2026-07-09T20:28:35.467Z] [create-default-us-central1-cleanupKycSessions] Retrying task index 0
[debug] [2026-07-09T20:28:35.467Z] Checked if tokens are valid: true, expires at: 1783632331561
[debug] [2026-07-09T20:28:35.467Z] Checked if tokens are valid: true, expires at: 1783632331561
[debug] [2026-07-09T20:28:35.468Z] >>> [apiv2][query] GET https://cloudfunctions.googleapis.com/v2/projects/aip-v1-3f57c/locations/us-central1/operations/operation-1783628914100-6563377d60afb-8579fa08-9a74316c [none]
[debug] [2026-07-09T20:28:35.495Z] <<< [apiv2][status] GET https://cloudfunctions.googleapis.com/v2/projects/aip-v1-3f57c/locations/us-central1/operations/operation-1783628914097-6563377d5fc27-af76b00d-192497a6 200
[debug] [2026-07-09T20:28:35.495Z] <<< [apiv2][body] GET https://cloudfunctions.googleapis.com/v2/projects/aip-v1-3f57c/locations/us-central1/operations/operation-1783628914097-6563377d5fc27-af76b00d-192497a6 {"name":"projects/aip-v1-3f57c/locations/us-central1/operations/operation-1783628914097-6563377d5fc27-af76b00d-192497a6","metadata":{"@type":"type.googleapis.com/google.cloud.functions.v2.OperationMetadata","createTime":"2026-07-09T20:28:35.189410325Z","target":"projects/aip-v1-3f57c/locations/us-central1/functions/emailWebhook","verb":"update","cancelRequested":false,"apiVersion":"v2","requestResource":{"@type":"type.googleapis.com/google.cloud.functions.v2.Function","name":"projects/aip-v1-3f57c/locations/us-central1/functions/emailWebhook","buildConfig":{"runtime":"nodejs20","entryPoint":"emailWebhook","source":{"storageSource":{"bucket":"gcf-v2-sources-171234470705-us-central1","object":"emailWebhook/function-source.zip","generation":"1783628915127904"}},"environmentVariables":{"GOOGLE_NODE_RUN_SCRIPTS":""},"dockerRepository":"projects/aip-v1-3f57c/locations/us-central1/repositories/gcf-artifacts","sourceProvenance":{"resolvedStorageSource":{"bucket":"gcf-v2-sources-171234470705-us-central1","object":"emailWebhook/function-source.zip","generation":"1782986803824652"}},"dockerRegistry":"ARTIFACT_REGISTRY","sourceToken":"Cldwcm9qZWN0cy8xNzEyMzQ0NzA3MDUvbG9jYXRpb25zL3VzLWNlbnRyYWwxL2J1aWxkcy85OWZiNjA2YS1lY2Q1LTQ1NzktOWM5Mi04OWEzZGFiNmVjMmEScHVzLWNlbnRyYWwxLWRvY2tlci5wa2cuZGV2L2FpcC12MS0zZjU3Yy9nY2YtYXJ0aWZhY3RzL2FpcC0tdjEtLTNmNTdjX191cy0tY2VudHJhbDFfX2NyZWF0ZV9reWNfc2Vzc2lvbjp2ZXJzaW9uXzEYsdb68v0EIkZwcm9qZWN0cy9haXAtdjEtM2Y1N2MvbG9jYXRpb25zL3VzLWNlbnRyYWwxL2Z1bmN0aW9ucy9jcmVhdGVLeWNTZXNzaW9uKgwI6YjA0gYQgNPpsgEyCG5vZGVqczIwOnYKI2djci5pby9nYWUtcnVudGltZXMvbm9kZWpzMjA6c3RhYmxlEk91cy1jZW50cmFsMS1kb2NrZXIucGtnLmRldi9zZXJ2ZXJsZXNzLXJ1bnRpbWVzL2dvb2dsZS0yMi1mdWxsL3J1bnRpbWVzL25vZGVqczIwQAE=","serviceAccount":"projects/aip-v1-3f57c/serviceAccounts/171234470705-compute@developer.gserviceaccount.com","automaticUpdatePolicy":{}},"serviceConfig":{"service":"projects/aip-v1-3f57c/locations/us-central1/services/emailwebhook","timeoutSeconds":60,"environmentVariables":{"SENDGRID_WEBHOOK_KEY":"tu_clave_secreta_aqui","META_WEBHOOK_VERIFY_TOKEN":"tu_token_de_verificacion","META_WHATSAPP_ACCESS_TOKEN":"tu_access_token_de_meta","FIREBASE_CONFIG":"{\"projectId\":\"aip-v1-3f57c\",\"storageBucket\":\"aip-v1-3f57c.firebasestorage.app\"}","GCLOUD_PROJECT":"aip-v1-3f57c","EVENTARC_CLOUD_EVENT_SOURCE":"projects/aip-v1-3f57c/locations/us-central1/services/emailWebhook","FUNCTION_TARGET":"emailWebhook","LOG_EXECUTION_ID":"true","FUNCTION_SIGNATURE_TYPE":"http"},"maxInstanceCount":5,"ingressSettings":"ALLOW_ALL","uri":"https://emailwebhook-xo4zljy57a-uc.a.run.app","serviceAccountEmail":"171234470705-compute@developer.gserviceaccount.com","availableMemory":"256Mi","allTrafficOnLatestRevision":true,"revision":"emailwebhook-00007-hox","maxInstanceRequestConcurrency":80,"availableCpu":"1"},"state":"ACTIVE","labels":{"deployment-tool":"cloud-console","firebase-functions-hash":"1fef5414712d901cd2c8056debfc465a0058a8e3"},"environment":"GEN_2","url":"https://us-central1-aip-v1-3f57c.cloudfunctions.net/emailWebhook","satisfiesPzi":true},"stages":[{"name":"BUILD","message":"Reusing build","state":"COMPLETE","resource":"projects/171234470705/locations/us-central1/builds/99fb606a-ecd5-4579-9c92-89a3dab6ec2a","stateMessages":[{"severity":"WARNING","type":"BuildAnalysisWarning","message":"Node.js 20 is no longer supported by the Node.js community as of 30 April, 2026. Runtime nodejs20 is currently deprecated for Cloud Functions. We recommend you to upgrade to the latest version of Node.js as soon as possible."}]},{"name":"SERVICE","message":"Updating Cloud Run service","state":"IN_PROGRESS","resource":"projects/aip-v1-3f57c/locations/us-central1/services/emailwebhook","resourceUri":"https://console.cloud.google.com/run/detail/us-central1/emailwebhook?project=aip-v1-3f57c","stateMessages":[{"severity":"INFO","type":"CloudRunServiceNewRevisionTrafficInfo","message":"A new revision will be deployed serving with 100% traffic."}]}],"sourceToken":"Cldwcm9qZWN0cy8xNzEyMzQ0NzA3MDUvbG9jYXRpb25zL3VzLWNlbnRyYWwxL2J1aWxkcy85OWZiNjA2YS1lY2Q1LTQ1NzktOWM5Mi04OWEzZGFiNmVjMmEScHVzLWNlbnRyYWwxLWRvY2tlci5wa2cuZGV2L2FpcC12MS0zZjU3Yy9nY2YtYXJ0aWZhY3RzL2FpcC0tdjEtLTNmNTdjX191cy0tY2VudHJhbDFfX2NyZWF0ZV9reWNfc2Vzc2lvbjp2ZXJzaW9uXzEYsdb68v0EIkZwcm9qZWN0cy9haXAtdjEtM2Y1N2MvbG9jYXRpb25zL3VzLWNlbnRyYWwxL2Z1bmN0aW9ucy9jcmVhdGVLeWNTZXNzaW9uKgwI6YjA0gYQgNPpsgEyCG5vZGVqczIwOnYKI2djci5pby9nYWUtcnVudGltZXMvbm9kZWpzMjA6c3RhYmxlEk91cy1jZW50cmFsMS1kb2NrZXIucGtnLmRldi9zZXJ2ZXJsZXNzLXJ1bnRpbWVzL2dvb2dsZS0yMi1mdWxsL3J1bnRpbWVzL25vZGVqczIwQAE=","operationType":"UPDATE_FUNCTION","buildName":"projects/171234470705/locations/us-central1/builds/99fb606a-ecd5-4579-9c92-89a3dab6ec2a"},"done":false}
[debug] [2026-07-09T20:28:35.495Z] Got source token Cldwcm9qZWN0cy8xNzEyMzQ0NzA3MDUvbG9jYXRpb25zL3VzLWNlbnRyYWwxL2J1aWxkcy85OWZiNjA2YS1lY2Q1LTQ1NzktOWM5Mi04OWEzZGFiNmVjMmEScHVzLWNlbnRyYWwxLWRvY2tlci5wa2cuZGV2L2FpcC12MS0zZjU3Yy9nY2YtYXJ0aWZhY3RzL2FpcC0tdjEtLTNmNTdjX191cy0tY2VudHJhbDFfX2NyZWF0ZV9reWNfc2Vzc2lvbjp2ZXJzaW9uXzEYsdb68v0EIkZwcm9qZWN0cy9haXAtdjEtM2Y1N2MvbG9jYXRpb25zL3VzLWNlbnRyYWwxL2Z1bmN0aW9ucy9jcmVhdGVLeWNTZXNzaW9uKgwI6YjA0gYQgNPpsgEyCG5vZGVqczIwOnYKI2djci5pby9nYWUtcnVudGltZXMvbm9kZWpzMjA6c3RhYmxlEk91cy1jZW50cmFsMS1kb2NrZXIucGtnLmRldi9zZXJ2ZXJsZXNzLXJ1bnRpbWVzL2dvb2dsZS0yMi1mdWxsL3J1bnRpbWVzL25vZGVqczIwQAE= for region us-central1
[debug] [2026-07-09T20:28:35.893Z] [update-default-us-central1-whatsappWebhook] Retrying task index 0
[debug] [2026-07-09T20:28:35.894Z] Checked if tokens are valid: true, expires at: 1783632331561
[debug] [2026-07-09T20:28:35.894Z] Checked if tokens are valid: true, expires at: 1783632331561
[debug] [2026-07-09T20:28:35.894Z] >>> [apiv2][query] GET https://cloudfunctions.googleapis.com/v2/projects/aip-v1-3f57c/locations/us-central1/operations/operation-1783628914098-6563377d601a9-b653705f-6a01750a [none]
[debug] [2026-07-09T20:28:35.902Z] [update-default-us-central1-executeUserAction] Retrying task index 0
[debug] [2026-07-09T20:28:35.903Z] Checked if tokens are valid: true, expires at: 1783632331561
[debug] [2026-07-09T20:28:35.903Z] Checked if tokens are valid: true, expires at: 1783632331561
[debug] [2026-07-09T20:28:35.903Z] >>> [apiv2][query] GET https://cloudfunctions.googleapis.com/v2/projects/aip-v1-3f57c/locations/us-central1/operations/operation-1783628914114-6563377d64087-27cdf0e2-1ac52cfb [none]
[debug] [2026-07-09T20:28:35.997Z] [update-default-us-central1-emailWebhook] Retrying task index 0
[debug] [2026-07-09T20:28:35.997Z] Checked if tokens are valid: true, expires at: 1783632331561
[debug] [2026-07-09T20:28:35.997Z] Checked if tokens are valid: true, expires at: 1783632331561
[debug] [2026-07-09T20:28:35.997Z] >>> [apiv2][query] GET https://cloudfunctions.googleapis.com/v2/projects/aip-v1-3f57c/locations/us-central1/operations/operation-1783628914097-6563377d5fc27-af76b00d-192497a6 [none]
[debug] [2026-07-09T20:28:36.095Z] <<< [apiv2][status] GET https://cloudfunctions.googleapis.com/v2/projects/aip-v1-3f57c/locations/us-central1/operations/operation-1783628914085-6563377d5cef4-21562818-dbe56e97 200
[debug] [2026-07-09T20:28:36.095Z] <<< [apiv2][body] GET https://cloudfunctions.googleapis.com/v2/projects/aip-v1-3f57c/locations/us-central1/operations/operation-1783628914085-6563377d5cef4-21562818-dbe56e97 {"name":"projects/aip-v1-3f57c/locations/us-central1/operations/operation-1783628914085-6563377d5cef4-21562818-dbe56e97","metadata":{"@type":"type.googleapis.com/google.cloud.functions.v2.OperationMetadata","createTime":"2026-07-09T20:28:34.662294655Z","target":"projects/aip-v1-3f57c/locations/us-central1/functions/kycAttest","verb":"create","cancelRequested":false,"apiVersion":"v2","requestResource":{"@type":"type.googleapis.com/google.cloud.functions.v2.Function","name":"projects/aip-v1-3f57c/locations/us-central1/functions/kycAttest","buildConfig":{"runtime":"nodejs20","entryPoint":"kycAttest","source":{"storageSource":{"bucket":"gcf-v2-sources-171234470705-us-central1","object":"kycAttest/function-source.zip","generation":"1783628914433039"}},"environmentVariables":{"GOOGLE_NODE_RUN_SCRIPTS":""},"sourceToken":"Cldwcm9qZWN0cy8xNzEyMzQ0NzA3MDUvbG9jYXRpb25zL3VzLWNlbnRyYWwxL2J1aWxkcy85OWZiNjA2YS1lY2Q1LTQ1NzktOWM5Mi04OWEzZGFiNmVjMmEScHVzLWNlbnRyYWwxLWRvY2tlci5wa2cuZGV2L2FpcC12MS0zZjU3Yy9nY2YtYXJ0aWZhY3RzL2FpcC0tdjEtLTNmNTdjX191cy0tY2VudHJhbDFfX2NyZWF0ZV9reWNfc2Vzc2lvbjp2ZXJzaW9uXzEYsdb68v0EIkZwcm9qZWN0cy9haXAtdjEtM2Y1N2MvbG9jYXRpb25zL3VzLWNlbnRyYWwxL2Z1bmN0aW9ucy9jcmVhdGVLeWNTZXNzaW9uKgwI6YjA0gYQgNPpsgEyCG5vZGVqczIwOnYKI2djci5pby9nYWUtcnVudGltZXMvbm9kZWpzMjA6c3RhYmxlEk91cy1jZW50cmFsMS1kb2NrZXIucGtnLmRldi9zZXJ2ZXJsZXNzLXJ1bnRpbWVzL2dvb2dsZS0yMi1mdWxsL3J1bnRpbWVzL25vZGVqczIwQAE=","serviceAccount":"projects/aip-v1-3f57c/serviceAccounts/171234470705-compute@developer.gserviceaccount.com","automaticUpdatePolicy":{}},"serviceConfig":{"service":"projects/aip-v1-3f57c/locations/us-central1/services/kycattest","timeoutSeconds":60,"environmentVariables":{"SENDGRID_WEBHOOK_KEY":"tu_clave_secreta_aqui","META_WEBHOOK_VERIFY_TOKEN":"tu_token_de_verificacion","META_WHATSAPP_ACCESS_TOKEN":"tu_access_token_de_meta","FIREBASE_CONFIG":"{\"projectId\":\"aip-v1-3f57c\",\"storageBucket\":\"aip-v1-3f57c.firebasestorage.app\"}","GCLOUD_PROJECT":"aip-v1-3f57c","EVENTARC_CLOUD_EVENT_SOURCE":"projects/aip-v1-3f57c/locations/us-central1/services/kycAttest","FUNCTION_TARGET":"kycAttest","LOG_EXECUTION_ID":"true","FUNCTION_SIGNATURE_TYPE":"http"},"ingressSettings":"ALLOW_ALL","serviceAccountEmail":"171234470705-compute@developer.gserviceaccount.com","minInstanceCount":1,"availableMemory":"256Mi","maxInstanceRequestConcurrency":80,"availableCpu":"1"},"labels":{"deployment-tool":"cli-firebase","deployment-callable":"true","firebase-functions-hash":"1fef5414712d901cd2c8056debfc465a0058a8e3"},"environment":"GEN_2"},"stages":[{"name":"BUILD","message":"Reusing build","state":"COMPLETE","resource":"projects/171234470705/locations/us-central1/builds/99fb606a-ecd5-4579-9c92-89a3dab6ec2a","stateMessages":[{"severity":"WARNING","type":"BuildAnalysisWarning","message":"Node.js 20 is no longer supported by the Node.js community as of 30 April, 2026. Runtime nodejs20 is currently deprecated for Cloud Functions. We recommend you to upgrade to the latest version of Node.js as soon as possible."}]},{"name":"SERVICE","message":"Creating Cloud Run service","state":"IN_PROGRESS","resource":"projects/aip-v1-3f57c/locations/us-central1/services/kycattest","resourceUri":"https://console.cloud.google.com/run/detail/us-central1/kycattest?project=aip-v1-3f57c"}],"sourceToken":"Cldwcm9qZWN0cy8xNzEyMzQ0NzA3MDUvbG9jYXRpb25zL3VzLWNlbnRyYWwxL2J1aWxkcy85OWZiNjA2YS1lY2Q1LTQ1NzktOWM5Mi04OWEzZGFiNmVjMmEScHVzLWNlbnRyYWwxLWRvY2tlci5wa2cuZGV2L2FpcC12MS0zZjU3Yy9nY2YtYXJ0aWZhY3RzL2FpcC0tdjEtLTNmNTdjX191cy0tY2VudHJhbDFfX2NyZWF0ZV9reWNfc2Vzc2lvbjp2ZXJzaW9uXzEYsdb68v0EIkZwcm9qZWN0cy9haXAtdjEtM2Y1N2MvbG9jYXRpb25zL3VzLWNlbnRyYWwxL2Z1bmN0aW9ucy9jcmVhdGVLeWNTZXNzaW9uKgwI6YjA0gYQgNPpsgEyCG5vZGVqczIwOnYKI2djci5pby9nYWUtcnVudGltZXMvbm9kZWpzMjA6c3RhYmxlEk91cy1jZW50cmFsMS1kb2NrZXIucGtnLmRldi9zZXJ2ZXJsZXNzLXJ1bnRpbWVzL2dvb2dsZS0yMi1mdWxsL3J1bnRpbWVzL25vZGVqczIwQAE=","operationType":"CREATE_FUNCTION","buildName":"projects/171234470705/locations/us-central1/builds/99fb606a-ecd5-4579-9c92-89a3dab6ec2a"},"done":false}
[debug] [2026-07-09T20:28:36.095Z] Got source token Cldwcm9qZWN0cy8xNzEyMzQ0NzA3MDUvbG9jYXRpb25zL3VzLWNlbnRyYWwxL2J1aWxkcy85OWZiNjA2YS1lY2Q1LTQ1NzktOWM5Mi04OWEzZGFiNmVjMmEScHVzLWNlbnRyYWwxLWRvY2tlci5wa2cuZGV2L2FpcC12MS0zZjU3Yy9nY2YtYXJ0aWZhY3RzL2FpcC0tdjEtLTNmNTdjX191cy0tY2VudHJhbDFfX2NyZWF0ZV9reWNfc2Vzc2lvbjp2ZXJzaW9uXzEYsdb68v0EIkZwcm9qZWN0cy9haXAtdjEtM2Y1N2MvbG9jYXRpb25zL3VzLWNlbnRyYWwxL2Z1bmN0aW9ucy9jcmVhdGVLeWNTZXNzaW9uKgwI6YjA0gYQgNPpsgEyCG5vZGVqczIwOnYKI2djci5pby9nYWUtcnVudGltZXMvbm9kZWpzMjA6c3RhYmxlEk91cy1jZW50cmFsMS1kb2NrZXIucGtnLmRldi9zZXJ2ZXJsZXNzLXJ1bnRpbWVzL2dvb2dsZS0yMi1mdWxsL3J1bnRpbWVzL25vZGVqczIwQAE= for region us-central1
[debug] [2026-07-09T20:28:36.095Z] <<< [apiv2][status] GET https://cloudfunctions.googleapis.com/v2/projects/aip-v1-3f57c/locations/us-central1/operations/operation-1783628914018-6563377d4c8eb-6b849440-9fbe7d40 200
[debug] [2026-07-09T20:28:36.096Z] <<< [apiv2][body] GET https://cloudfunctions.googleapis.com/v2/projects/aip-v1-3f57c/locations/us-central1/operations/operation-1783628914018-6563377d4c8eb-6b849440-9fbe7d40 {"name":"projects/aip-v1-3f57c/locations/us-central1/operations/operation-1783628914018-6563377d4c8eb-6b849440-9fbe7d40","metadata":{"@type":"type.googleapis.com/google.cloud.functions.v2.OperationMetadata","createTime":"2026-07-09T20:28:34.567203868Z","target":"projects/aip-v1-3f57c/locations/us-central1/functions/kycInit","verb":"create","cancelRequested":false,"apiVersion":"v2","requestResource":{"@type":"type.googleapis.com/google.cloud.functions.v2.Function","name":"projects/aip-v1-3f57c/locations/us-central1/functions/kycInit","buildConfig":{"runtime":"nodejs20","entryPoint":"kycInit","source":{"storageSource":{"bucket":"gcf-v2-sources-171234470705-us-central1","object":"kycInit/function-source.zip","generation":"1783628914313622"}},"environmentVariables":{"GOOGLE_NODE_RUN_SCRIPTS":""},"sourceToken":"Cldwcm9qZWN0cy8xNzEyMzQ0NzA3MDUvbG9jYXRpb25zL3VzLWNlbnRyYWwxL2J1aWxkcy85OWZiNjA2YS1lY2Q1LTQ1NzktOWM5Mi04OWEzZGFiNmVjMmEScHVzLWNlbnRyYWwxLWRvY2tlci5wa2cuZGV2L2FpcC12MS0zZjU3Yy9nY2YtYXJ0aWZhY3RzL2FpcC0tdjEtLTNmNTdjX191cy0tY2VudHJhbDFfX2NyZWF0ZV9reWNfc2Vzc2lvbjp2ZXJzaW9uXzEYsdb68v0EIkZwcm9qZWN0cy9haXAtdjEtM2Y1N2MvbG9jYXRpb25zL3VzLWNlbnRyYWwxL2Z1bmN0aW9ucy9jcmVhdGVLeWNTZXNzaW9uKgwI6YjA0gYQgNPpsgEyCG5vZGVqczIwOnYKI2djci5pby9nYWUtcnVudGltZXMvbm9kZWpzMjA6c3RhYmxlEk91cy1jZW50cmFsMS1kb2NrZXIucGtnLmRldi9zZXJ2ZXJsZXNzLXJ1bnRpbWVzL2dvb2dsZS0yMi1mdWxsL3J1bnRpbWVzL25vZGVqczIwQAE=","serviceAccount":"projects/aip-v1-3f57c/serviceAccounts/171234470705-compute@developer.gserviceaccount.com","automaticUpdatePolicy":{}},"serviceConfig":{"service":"projects/aip-v1-3f57c/locations/us-central1/services/kycinit","timeoutSeconds":60,"environmentVariables":{"SENDGRID_WEBHOOK_KEY":"tu_clave_secreta_aqui","META_WEBHOOK_VERIFY_TOKEN":"tu_token_de_verificacion","META_WHATSAPP_ACCESS_TOKEN":"tu_access_token_de_meta","FIREBASE_CONFIG":"{\"projectId\":\"aip-v1-3f57c\",\"storageBucket\":\"aip-v1-3f57c.firebasestorage.app\"}","GCLOUD_PROJECT":"aip-v1-3f57c","EVENTARC_CLOUD_EVENT_SOURCE":"projects/aip-v1-3f57c/locations/us-central1/services/kycInit","FUNCTION_TARGET":"kycInit","LOG_EXECUTION_ID":"true","FUNCTION_SIGNATURE_TYPE":"http"},"ingressSettings":"ALLOW_ALL","serviceAccountEmail":"171234470705-compute@developer.gserviceaccount.com","minInstanceCount":1,"availableMemory":"256Mi","maxInstanceRequestConcurrency":80,"availableCpu":"1"},"labels":{"deployment-tool":"cli-firebase","deployment-callable":"true","firebase-functions-hash":"1fef5414712d901cd2c8056debfc465a0058a8e3"},"environment":"GEN_2"},"stages":[{"name":"BUILD","message":"Reusing build","state":"COMPLETE","resource":"projects/171234470705/locations/us-central1/builds/99fb606a-ecd5-4579-9c92-89a3dab6ec2a","stateMessages":[{"severity":"WARNING","type":"BuildAnalysisWarning","message":"Node.js 20 is no longer supported by the Node.js community as of 30 April, 2026. Runtime nodejs20 is currently deprecated for Cloud Functions. We recommend you to upgrade to the latest version of Node.js as soon as possible."}]},{"name":"SERVICE","message":"Creating Cloud Run service","state":"IN_PROGRESS","resource":"projects/aip-v1-3f57c/locations/us-central1/services/kycinit","resourceUri":"https://console.cloud.google.com/run/detail/us-central1/kycinit?project=aip-v1-3f57c"}],"sourceToken":"Cldwcm9qZWN0cy8xNzEyMzQ0NzA3MDUvbG9jYXRpb25zL3VzLWNlbnRyYWwxL2J1aWxkcy85OWZiNjA2YS1lY2Q1LTQ1NzktOWM5Mi04OWEzZGFiNmVjMmEScHVzLWNlbnRyYWwxLWRvY2tlci5wa2cuZGV2L2FpcC12MS0zZjU3Yy9nY2YtYXJ0aWZhY3RzL2FpcC0tdjEtLTNmNTdjX191cy0tY2VudHJhbDFfX2NyZWF0ZV9reWNfc2Vzc2lvbjp2ZXJzaW9uXzEYsdb68v0EIkZwcm9qZWN0cy9haXAtdjEtM2Y1N2MvbG9jYXRpb25zL3VzLWNlbnRyYWwxL2Z1bmN0aW9ucy9jcmVhdGVLeWNTZXNzaW9uKgwI6YjA0gYQgNPpsgEyCG5vZGVqczIwOnYKI2djci5pby9nYWUtcnVudGltZXMvbm9kZWpzMjA6c3RhYmxlEk91cy1jZW50cmFsMS1kb2NrZXIucGtnLmRldi9zZXJ2ZXJsZXNzLXJ1bnRpbWVzL2dvb2dsZS0yMi1mdWxsL3J1bnRpbWVzL25vZGVqczIwQAE=","operationType":"CREATE_FUNCTION","buildName":"projects/171234470705/locations/us-central1/builds/99fb606a-ecd5-4579-9c92-89a3dab6ec2a"},"done":false}
[debug] [2026-07-09T20:28:36.096Z] Got source token Cldwcm9qZWN0cy8xNzEyMzQ0NzA3MDUvbG9jYXRpb25zL3VzLWNlbnRyYWwxL2J1aWxkcy85OWZiNjA2YS1lY2Q1LTQ1NzktOWM5Mi04OWEzZGFiNmVjMmEScHVzLWNlbnRyYWwxLWRvY2tlci5wa2cuZGV2L2FpcC12MS0zZjU3Yy9nY2YtYXJ0aWZhY3RzL2FpcC0tdjEtLTNmNTdjX191cy0tY2VudHJhbDFfX2NyZWF0ZV9reWNfc2Vzc2lvbjp2ZXJzaW9uXzEYsdb68v0EIkZwcm9qZWN0cy9haXAtdjEtM2Y1N2MvbG9jYXRpb25zL3VzLWNlbnRyYWwxL2Z1bmN0aW9ucy9jcmVhdGVLeWNTZXNzaW9uKgwI6YjA0gYQgNPpsgEyCG5vZGVqczIwOnYKI2djci5pby9nYWUtcnVudGltZXMvbm9kZWpzMjA6c3RhYmxlEk91cy1jZW50cmFsMS1kb2NrZXIucGtnLmRldi9zZXJ2ZXJsZXNzLXJ1bnRpbWVzL2dvb2dsZS0yMi1mdWxsL3J1bnRpbWVzL25vZGVqczIwQAE= for region us-central1
[debug] [2026-07-09T20:28:36.225Z] <<< [apiv2][status] GET https://cloudfunctions.googleapis.com/v2/projects/aip-v1-3f57c/locations/us-central1/operations/operation-1783628914100-6563377d60afb-8579fa08-9a74316c 200
[debug] [2026-07-09T20:28:36.225Z] <<< [apiv2][body] GET https://cloudfunctions.googleapis.com/v2/projects/aip-v1-3f57c/locations/us-central1/operations/operation-1783628914100-6563377d60afb-8579fa08-9a74316c {"name":"projects/aip-v1-3f57c/locations/us-central1/operations/operation-1783628914100-6563377d60afb-8579fa08-9a74316c","metadata":{"@type":"type.googleapis.com/google.cloud.functions.v2.OperationMetadata","createTime":"2026-07-09T20:28:34.631777195Z","target":"projects/aip-v1-3f57c/locations/us-central1/functions/cleanupKycSessions","verb":"create","cancelRequested":false,"apiVersion":"v2","requestResource":{"@type":"type.googleapis.com/google.cloud.functions.v2.Function","name":"projects/aip-v1-3f57c/locations/us-central1/functions/cleanupKycSessions","buildConfig":{"runtime":"nodejs20","entryPoint":"cleanupKycSessions","source":{"storageSource":{"bucket":"gcf-v2-sources-171234470705-us-central1","object":"cleanupKycSessions/function-source.zip","generation":"1783628914390941"}},"environmentVariables":{"GOOGLE_NODE_RUN_SCRIPTS":""},"sourceToken":"Cldwcm9qZWN0cy8xNzEyMzQ0NzA3MDUvbG9jYXRpb25zL3VzLWNlbnRyYWwxL2J1aWxkcy85OWZiNjA2YS1lY2Q1LTQ1NzktOWM5Mi04OWEzZGFiNmVjMmEScHVzLWNlbnRyYWwxLWRvY2tlci5wa2cuZGV2L2FpcC12MS0zZjU3Yy9nY2YtYXJ0aWZhY3RzL2FpcC0tdjEtLTNmNTdjX191cy0tY2VudHJhbDFfX2NyZWF0ZV9reWNfc2Vzc2lvbjp2ZXJzaW9uXzEYsdb68v0EIkZwcm9qZWN0cy9haXAtdjEtM2Y1N2MvbG9jYXRpb25zL3VzLWNlbnRyYWwxL2Z1bmN0aW9ucy9jcmVhdGVLeWNTZXNzaW9uKgwI6YjA0gYQgNPpsgEyCG5vZGVqczIwOnYKI2djci5pby9nYWUtcnVudGltZXMvbm9kZWpzMjA6c3RhYmxlEk91cy1jZW50cmFsMS1kb2NrZXIucGtnLmRldi9zZXJ2ZXJsZXNzLXJ1bnRpbWVzL2dvb2dsZS0yMi1mdWxsL3J1bnRpbWVzL25vZGVqczIwQAE=","serviceAccount":"projects/aip-v1-3f57c/serviceAccounts/171234470705-compute@developer.gserviceaccount.com","automaticUpdatePolicy":{}},"serviceConfig":{"service":"projects/aip-v1-3f57c/locations/us-central1/services/cleanupkycsessions","timeoutSeconds":60,"environmentVariables":{"SENDGRID_WEBHOOK_KEY":"tu_clave_secreta_aqui","META_WEBHOOK_VERIFY_TOKEN":"tu_token_de_verificacion","META_WHATSAPP_ACCESS_TOKEN":"tu_access_token_de_meta","FIREBASE_CONFIG":"{\"projectId\":\"aip-v1-3f57c\",\"storageBucket\":\"aip-v1-3f57c.firebasestorage.app\"}","GCLOUD_PROJECT":"aip-v1-3f57c","EVENTARC_CLOUD_EVENT_SOURCE":"projects/aip-v1-3f57c/locations/us-central1/services/cleanupKycSessions","FUNCTION_TARGET":"cleanupKycSessions","LOG_EXECUTION_ID":"true","FUNCTION_SIGNATURE_TYPE":"http"},"ingressSettings":"ALLOW_ALL","serviceAccountEmail":"171234470705-compute@developer.gserviceaccount.com","availableMemory":"256Mi","maxInstanceRequestConcurrency":80,"availableCpu":"1"},"labels":{"deployment-tool":"cli-firebase","deployment-scheduled":"true","firebase-functions-hash":"1fef5414712d901cd2c8056debfc465a0058a8e3"},"environment":"GEN_2"},"stages":[{"name":"BUILD","message":"Reusing build","state":"COMPLETE","resource":"projects/171234470705/locations/us-central1/builds/99fb606a-ecd5-4579-9c92-89a3dab6ec2a","stateMessages":[{"severity":"WARNING","type":"BuildAnalysisWarning","message":"Node.js 20 is no longer supported by the Node.js community as of 30 April, 2026. Runtime nodejs20 is currently deprecated for Cloud Functions. We recommend you to upgrade to the latest version of Node.js as soon as possible."}]},{"name":"SERVICE","message":"Creating Cloud Run service","state":"IN_PROGRESS","resource":"projects/aip-v1-3f57c/locations/us-central1/services/cleanupkycsessions","resourceUri":"https://console.cloud.google.com/run/detail/us-central1/cleanupkycsessions?project=aip-v1-3f57c"}],"sourceToken":"Cldwcm9qZWN0cy8xNzEyMzQ0NzA3MDUvbG9jYXRpb25zL3VzLWNlbnRyYWwxL2J1aWxkcy85OWZiNjA2YS1lY2Q1LTQ1NzktOWM5Mi04OWEzZGFiNmVjMmEScHVzLWNlbnRyYWwxLWRvY2tlci5wa2cuZGV2L2FpcC12MS0zZjU3Yy9nY2YtYXJ0aWZhY3RzL2FpcC0tdjEtLTNmNTdjX191cy0tY2VudHJhbDFfX2NyZWF0ZV9reWNfc2Vzc2lvbjp2ZXJzaW9uXzEYsdb68v0EIkZwcm9qZWN0cy9haXAtdjEtM2Y1N2MvbG9jYXRpb25zL3VzLWNlbnRyYWwxL2Z1bmN0aW9ucy9jcmVhdGVLeWNTZXNzaW9uKgwI6YjA0gYQgNPpsgEyCG5vZGVqczIwOnYKI2djci5pby9nYWUtcnVudGltZXMvbm9kZWpzMjA6c3RhYmxlEk91cy1jZW50cmFsMS1kb2NrZXIucGtnLmRldi9zZXJ2ZXJsZXNzLXJ1bnRpbWVzL2dvb2dsZS0yMi1mdWxsL3J1bnRpbWVzL25vZGVqczIwQAE=","operationType":"CREATE_FUNCTION","buildName":"projects/171234470705/locations/us-central1/builds/99fb606a-ecd5-4579-9c92-89a3dab6ec2a"},"done":false}
[debug] [2026-07-09T20:28:36.225Z] Got source token Cldwcm9qZWN0cy8xNzEyMzQ0NzA3MDUvbG9jYXRpb25zL3VzLWNlbnRyYWwxL2J1aWxkcy85OWZiNjA2YS1lY2Q1LTQ1NzktOWM5Mi04OWEzZGFiNmVjMmEScHVzLWNlbnRyYWwxLWRvY2tlci5wa2cuZGV2L2FpcC12MS0zZjU3Yy9nY2YtYXJ0aWZhY3RzL2FpcC0tdjEtLTNmNTdjX191cy0tY2VudHJhbDFfX2NyZWF0ZV9reWNfc2Vzc2lvbjp2ZXJzaW9uXzEYsdb68v0EIkZwcm9qZWN0cy9haXAtdjEtM2Y1N2MvbG9jYXRpb25zL3VzLWNlbnRyYWwxL2Z1bmN0aW9ucy9jcmVhdGVLeWNTZXNzaW9uKgwI6YjA0gYQgNPpsgEyCG5vZGVqczIwOnYKI2djci5pby9nYWUtcnVudGltZXMvbm9kZWpzMjA6c3RhYmxlEk91cy1jZW50cmFsMS1kb2NrZXIucGtnLmRldi9zZXJ2ZXJsZXNzLXJ1bnRpbWVzL2dvb2dsZS0yMi1mdWxsL3J1bnRpbWVzL25vZGVqczIwQAE= for region us-central1
[debug] [2026-07-09T20:28:36.577Z] <<< [apiv2][status] GET https://cloudfunctions.googleapis.com/v2/projects/aip-v1-3f57c/locations/us-central1/operations/operation-1783628914098-6563377d601a9-b653705f-6a01750a 200
[debug] [2026-07-09T20:28:36.577Z] <<< [apiv2][body] GET https://cloudfunctions.googleapis.com/v2/projects/aip-v1-3f57c/locations/us-central1/operations/operation-1783628914098-6563377d601a9-b653705f-6a01750a {"name":"projects/aip-v1-3f57c/locations/us-central1/operations/operation-1783628914098-6563377d601a9-b653705f-6a01750a","metadata":{"@type":"type.googleapis.com/google.cloud.functions.v2.OperationMetadata","createTime":"2026-07-09T20:28:35.149391903Z","target":"projects/aip-v1-3f57c/locations/us-central1/functions/whatsappWebhook","verb":"update","cancelRequested":false,"apiVersion":"v2","requestResource":{"@type":"type.googleapis.com/google.cloud.functions.v2.Function","name":"projects/aip-v1-3f57c/locations/us-central1/functions/whatsappWebhook","buildConfig":{"runtime":"nodejs20","entryPoint":"whatsappWebhook","source":{"storageSource":{"bucket":"gcf-v2-sources-171234470705-us-central1","object":"whatsappWebhook/function-source.zip","generation":"1783628915101390"}},"environmentVariables":{"GOOGLE_NODE_RUN_SCRIPTS":""},"dockerRepository":"projects/aip-v1-3f57c/locations/us-central1/repositories/gcf-artifacts","sourceProvenance":{"resolvedStorageSource":{"bucket":"gcf-v2-sources-171234470705-us-central1","object":"whatsappWebhook/function-source.zip","generation":"1782942754866357"}},"dockerRegistry":"ARTIFACT_REGISTRY","sourceToken":"Cldwcm9qZWN0cy8xNzEyMzQ0NzA3MDUvbG9jYXRpb25zL3VzLWNlbnRyYWwxL2J1aWxkcy85OWZiNjA2YS1lY2Q1LTQ1NzktOWM5Mi04OWEzZGFiNmVjMmEScHVzLWNlbnRyYWwxLWRvY2tlci5wa2cuZGV2L2FpcC12MS0zZjU3Yy9nY2YtYXJ0aWZhY3RzL2FpcC0tdjEtLTNmNTdjX191cy0tY2VudHJhbDFfX2NyZWF0ZV9reWNfc2Vzc2lvbjp2ZXJzaW9uXzEYsdb68v0EIkZwcm9qZWN0cy9haXAtdjEtM2Y1N2MvbG9jYXRpb25zL3VzLWNlbnRyYWwxL2Z1bmN0aW9ucy9jcmVhdGVLeWNTZXNzaW9uKgwI6YjA0gYQgNPpsgEyCG5vZGVqczIwOnYKI2djci5pby9nYWUtcnVudGltZXMvbm9kZWpzMjA6c3RhYmxlEk91cy1jZW50cmFsMS1kb2NrZXIucGtnLmRldi9zZXJ2ZXJsZXNzLXJ1bnRpbWVzL2dvb2dsZS0yMi1mdWxsL3J1bnRpbWVzL25vZGVqczIwQAE=","serviceAccount":"projects/aip-v1-3f57c/serviceAccounts/171234470705-compute@developer.gserviceaccount.com","automaticUpdatePolicy":{}},"serviceConfig":{"service":"projects/aip-v1-3f57c/locations/us-central1/services/whatsappwebhook","timeoutSeconds":60,"environmentVariables":{"SENDGRID_WEBHOOK_KEY":"tu_clave_secreta_aqui","META_WEBHOOK_VERIFY_TOKEN":"tu_token_de_verificacion","META_WHATSAPP_ACCESS_TOKEN":"tu_access_token_de_meta","FIREBASE_CONFIG":"{\"projectId\":\"aip-v1-3f57c\",\"storageBucket\":\"aip-v1-3f57c.firebasestorage.app\"}","GCLOUD_PROJECT":"aip-v1-3f57c","EVENTARC_CLOUD_EVENT_SOURCE":"projects/aip-v1-3f57c/locations/us-central1/services/whatsappWebhook","FUNCTION_TARGET":"whatsappWebhook","LOG_EXECUTION_ID":"true","FUNCTION_SIGNATURE_TYPE":"http"},"maxInstanceCount":5,"ingressSettings":"ALLOW_ALL","uri":"https://whatsappwebhook-xo4zljy57a-uc.a.run.app","serviceAccountEmail":"171234470705-compute@developer.gserviceaccount.com","availableMemory":"256Mi","allTrafficOnLatestRevision":true,"revision":"whatsappwebhook-00006-wef","maxInstanceRequestConcurrency":80,"availableCpu":"1"},"state":"ACTIVE","labels":{"deployment-tool":"cloud-console","firebase-functions-hash":"1fef5414712d901cd2c8056debfc465a0058a8e3"},"environment":"GEN_2","url":"https://us-central1-aip-v1-3f57c.cloudfunctions.net/whatsappWebhook","satisfiesPzi":true},"stages":[{"name":"BUILD","message":"Reusing build","state":"COMPLETE","resource":"projects/171234470705/locations/us-central1/builds/99fb606a-ecd5-4579-9c92-89a3dab6ec2a","stateMessages":[{"severity":"WARNING","type":"BuildAnalysisWarning","message":"Node.js 20 is no longer supported by the Node.js community as of 30 April, 2026. Runtime nodejs20 is currently deprecated for Cloud Functions. We recommend you to upgrade to the latest version of Node.js as soon as possible."}]},{"name":"SERVICE","message":"Updating Cloud Run service","state":"IN_PROGRESS","resource":"projects/aip-v1-3f57c/locations/us-central1/services/whatsappwebhook","resourceUri":"https://console.cloud.google.com/run/detail/us-central1/whatsappwebhook?project=aip-v1-3f57c","stateMessages":[{"severity":"INFO","type":"CloudRunServiceNewRevisionTrafficInfo","message":"A new revision will be deployed serving with 100% traffic."}]}],"sourceToken":"Cldwcm9qZWN0cy8xNzEyMzQ0NzA3MDUvbG9jYXRpb25zL3VzLWNlbnRyYWwxL2J1aWxkcy85OWZiNjA2YS1lY2Q1LTQ1NzktOWM5Mi04OWEzZGFiNmVjMmEScHVzLWNlbnRyYWwxLWRvY2tlci5wa2cuZGV2L2FpcC12MS0zZjU3Yy9nY2YtYXJ0aWZhY3RzL2FpcC0tdjEtLTNmNTdjX191cy0tY2VudHJhbDFfX2NyZWF0ZV9reWNfc2Vzc2lvbjp2ZXJzaW9uXzEYsdb68v0EIkZwcm9qZWN0cy9haXAtdjEtM2Y1N2MvbG9jYXRpb25zL3VzLWNlbnRyYWwxL2Z1bmN0aW9ucy9jcmVhdGVLeWNTZXNzaW9uKgwI6YjA0gYQgNPpsgEyCG5vZGVqczIwOnYKI2djci5pby9nYWUtcnVudGltZXMvbm9kZWpzMjA6c3RhYmxlEk91cy1jZW50cmFsMS1kb2NrZXIucGtnLmRldi9zZXJ2ZXJsZXNzLXJ1bnRpbWVzL2dvb2dsZS0yMi1mdWxsL3J1bnRpbWVzL25vZGVqczIwQAE=","operationType":"UPDATE_FUNCTION","buildName":"projects/171234470705/locations/us-central1/builds/99fb606a-ecd5-4579-9c92-89a3dab6ec2a"},"done":false}
[debug] [2026-07-09T20:28:36.577Z] Got source token Cldwcm9qZWN0cy8xNzEyMzQ0NzA3MDUvbG9jYXRpb25zL3VzLWNlbnRyYWwxL2J1aWxkcy85OWZiNjA2YS1lY2Q1LTQ1NzktOWM5Mi04OWEzZGFiNmVjMmEScHVzLWNlbnRyYWwxLWRvY2tlci5wa2cuZGV2L2FpcC12MS0zZjU3Yy9nY2YtYXJ0aWZhY3RzL2FpcC0tdjEtLTNmNTdjX191cy0tY2VudHJhbDFfX2NyZWF0ZV9reWNfc2Vzc2lvbjp2ZXJzaW9uXzEYsdb68v0EIkZwcm9qZWN0cy9haXAtdjEtM2Y1N2MvbG9jYXRpb25zL3VzLWNlbnRyYWwxL2Z1bmN0aW9ucy9jcmVhdGVLeWNTZXNzaW9uKgwI6YjA0gYQgNPpsgEyCG5vZGVqczIwOnYKI2djci5pby9nYWUtcnVudGltZXMvbm9kZWpzMjA6c3RhYmxlEk91cy1jZW50cmFsMS1kb2NrZXIucGtnLmRldi9zZXJ2ZXJsZXNzLXJ1bnRpbWVzL2dvb2dsZS0yMi1mdWxsL3J1bnRpbWVzL25vZGVqczIwQAE= for region us-central1
[debug] [2026-07-09T20:28:36.665Z] <<< [apiv2][status] GET https://cloudfunctions.googleapis.com/v2/projects/aip-v1-3f57c/locations/us-central1/operations/operation-1783628914114-6563377d64087-27cdf0e2-1ac52cfb 200
[debug] [2026-07-09T20:28:36.665Z] <<< [apiv2][body] GET https://cloudfunctions.googleapis.com/v2/projects/aip-v1-3f57c/locations/us-central1/operations/operation-1783628914114-6563377d64087-27cdf0e2-1ac52cfb {"name":"projects/aip-v1-3f57c/locations/us-central1/operations/operation-1783628914114-6563377d64087-27cdf0e2-1ac52cfb","metadata":{"@type":"type.googleapis.com/google.cloud.functions.v2.OperationMetadata","createTime":"2026-07-09T20:28:35.150237043Z","target":"projects/aip-v1-3f57c/locations/us-central1/functions/executeUserAction","verb":"update","cancelRequested":false,"apiVersion":"v2","requestResource":{"@type":"type.googleapis.com/google.cloud.functions.v2.Function","name":"projects/aip-v1-3f57c/locations/us-central1/functions/executeUserAction","buildConfig":{"runtime":"nodejs20","entryPoint":"executeUserAction","source":{"storageSource":{"bucket":"gcf-v2-sources-171234470705-us-central1","object":"executeUserAction/function-source.zip","generation":"1783628915094628"}},"environmentVariables":{"GOOGLE_NODE_RUN_SCRIPTS":""},"dockerRepository":"projects/aip-v1-3f57c/locations/us-central1/repositories/gcf-artifacts","sourceProvenance":{"resolvedStorageSource":{"bucket":"gcf-v2-sources-171234470705-us-central1","object":"executeUserAction/function-source.zip","generation":"1782942710965334"}},"dockerRegistry":"ARTIFACT_REGISTRY","sourceToken":"Cldwcm9qZWN0cy8xNzEyMzQ0NzA3MDUvbG9jYXRpb25zL3VzLWNlbnRyYWwxL2J1aWxkcy85OWZiNjA2YS1lY2Q1LTQ1NzktOWM5Mi04OWEzZGFiNmVjMmEScHVzLWNlbnRyYWwxLWRvY2tlci5wa2cuZGV2L2FpcC12MS0zZjU3Yy9nY2YtYXJ0aWZhY3RzL2FpcC0tdjEtLTNmNTdjX191cy0tY2VudHJhbDFfX2NyZWF0ZV9reWNfc2Vzc2lvbjp2ZXJzaW9uXzEYsdb68v0EIkZwcm9qZWN0cy9haXAtdjEtM2Y1N2MvbG9jYXRpb25zL3VzLWNlbnRyYWwxL2Z1bmN0aW9ucy9jcmVhdGVLeWNTZXNzaW9uKgwI6YjA0gYQgNPpsgEyCG5vZGVqczIwOnYKI2djci5pby9nYWUtcnVudGltZXMvbm9kZWpzMjA6c3RhYmxlEk91cy1jZW50cmFsMS1kb2NrZXIucGtnLmRldi9zZXJ2ZXJsZXNzLXJ1bnRpbWVzL2dvb2dsZS0yMi1mdWxsL3J1bnRpbWVzL25vZGVqczIwQAE=","serviceAccount":"projects/aip-v1-3f57c/serviceAccounts/171234470705-compute@developer.gserviceaccount.com","automaticUpdatePolicy":{}},"serviceConfig":{"service":"projects/aip-v1-3f57c/locations/us-central1/services/executeuseraction","timeoutSeconds":60,"environmentVariables":{"SENDGRID_WEBHOOK_KEY":"tu_clave_secreta_aqui","META_WEBHOOK_VERIFY_TOKEN":"tu_token_de_verificacion","META_WHATSAPP_ACCESS_TOKEN":"tu_access_token_de_meta","FIREBASE_CONFIG":"{\"projectId\":\"aip-v1-3f57c\",\"storageBucket\":\"aip-v1-3f57c.firebasestorage.app\"}","GCLOUD_PROJECT":"aip-v1-3f57c","EVENTARC_CLOUD_EVENT_SOURCE":"projects/aip-v1-3f57c/locations/us-central1/services/executeUserAction","FUNCTION_TARGET":"executeUserAction","LOG_EXECUTION_ID":"true","FUNCTION_SIGNATURE_TYPE":"http"},"ingressSettings":"ALLOW_ALL","uri":"https://executeuseraction-xo4zljy57a-uc.a.run.app","serviceAccountEmail":"171234470705-compute@developer.gserviceaccount.com","minInstanceCount":1,"availableMemory":"256Mi","allTrafficOnLatestRevision":true,"revision":"executeuseraction-00007-toy","maxInstanceRequestConcurrency":80,"availableCpu":"1"},"state":"ACTIVE","labels":{"deployment-tool":"cloudfunctions","deployment-callable":"true","firebase-functions-hash":"1fef5414712d901cd2c8056debfc465a0058a8e3"},"environment":"GEN_2","url":"https://us-central1-aip-v1-3f57c.cloudfunctions.net/executeUserAction","satisfiesPzi":true},"stages":[{"name":"BUILD","message":"Reusing build","state":"COMPLETE","resource":"projects/171234470705/locations/us-central1/builds/99fb606a-ecd5-4579-9c92-89a3dab6ec2a","stateMessages":[{"severity":"WARNING","type":"BuildAnalysisWarning","message":"Node.js 20 is no longer supported by the Node.js community as of 30 April, 2026. Runtime nodejs20 is currently deprecated for Cloud Functions. We recommend you to upgrade to the latest version of Node.js as soon as possible."}]},{"name":"SERVICE","message":"Updating Cloud Run service","state":"IN_PROGRESS","resource":"projects/aip-v1-3f57c/locations/us-central1/services/executeuseraction","resourceUri":"https://console.cloud.google.com/run/detail/us-central1/executeuseraction?project=aip-v1-3f57c","stateMessages":[{"severity":"INFO","type":"CloudRunServiceNewRevisionTrafficInfo","message":"A new revision will be deployed serving with 100% traffic."}]}],"sourceToken":"Cldwcm9qZWN0cy8xNzEyMzQ0NzA3MDUvbG9jYXRpb25zL3VzLWNlbnRyYWwxL2J1aWxkcy85OWZiNjA2YS1lY2Q1LTQ1NzktOWM5Mi04OWEzZGFiNmVjMmEScHVzLWNlbnRyYWwxLWRvY2tlci5wa2cuZGV2L2FpcC12MS0zZjU3Yy9nY2YtYXJ0aWZhY3RzL2FpcC0tdjEtLTNmNTdjX191cy0tY2VudHJhbDFfX2NyZWF0ZV9reWNfc2Vzc2lvbjp2ZXJzaW9uXzEYsdb68v0EIkZwcm9qZWN0cy9haXAtdjEtM2Y1N2MvbG9jYXRpb25zL3VzLWNlbnRyYWwxL2Z1bmN0aW9ucy9jcmVhdGVLeWNTZXNzaW9uKgwI6YjA0gYQgNPpsgEyCG5vZGVqczIwOnYKI2djci5pby9nYWUtcnVudGltZXMvbm9kZWpzMjA6c3RhYmxlEk91cy1jZW50cmFsMS1kb2NrZXIucGtnLmRldi9zZXJ2ZXJsZXNzLXJ1bnRpbWVzL2dvb2dsZS0yMi1mdWxsL3J1bnRpbWVzL25vZGVqczIwQAE=","operationType":"UPDATE_FUNCTION","buildName":"projects/171234470705/locations/us-central1/builds/99fb606a-ecd5-4579-9c92-89a3dab6ec2a"},"done":false}
[debug] [2026-07-09T20:28:36.665Z] Got source token Cldwcm9qZWN0cy8xNzEyMzQ0NzA3MDUvbG9jYXRpb25zL3VzLWNlbnRyYWwxL2J1aWxkcy85OWZiNjA2YS1lY2Q1LTQ1NzktOWM5Mi04OWEzZGFiNmVjMmEScHVzLWNlbnRyYWwxLWRvY2tlci5wa2cuZGV2L2FpcC12MS0zZjU3Yy9nY2YtYXJ0aWZhY3RzL2FpcC0tdjEtLTNmNTdjX191cy0tY2VudHJhbDFfX2NyZWF0ZV9reWNfc2Vzc2lvbjp2ZXJzaW9uXzEYsdb68v0EIkZwcm9qZWN0cy9haXAtdjEtM2Y1N2MvbG9jYXRpb25zL3VzLWNlbnRyYWwxL2Z1bmN0aW9ucy9jcmVhdGVLeWNTZXNzaW9uKgwI6YjA0gYQgNPpsgEyCG5vZGVqczIwOnYKI2djci5pby9nYWUtcnVudGltZXMvbm9kZWpzMjA6c3RhYmxlEk91cy1jZW50cmFsMS1kb2NrZXIucGtnLmRldi9zZXJ2ZXJsZXNzLXJ1bnRpbWVzL2dvb2dsZS0yMi1mdWxsL3J1bnRpbWVzL25vZGVqczIwQAE= for region us-central1
[debug] [2026-07-09T20:28:36.797Z] <<< [apiv2][status] GET https://cloudfunctions.googleapis.com/v2/projects/aip-v1-3f57c/locations/us-central1/operations/operation-1783628914097-6563377d5fc27-af76b00d-192497a6 200
[debug] [2026-07-09T20:28:36.797Z] <<< [apiv2][body] GET https://cloudfunctions.googleapis.com/v2/projects/aip-v1-3f57c/locations/us-central1/operations/operation-1783628914097-6563377d5fc27-af76b00d-192497a6 {"name":"projects/aip-v1-3f57c/locations/us-central1/operations/operation-1783628914097-6563377d5fc27-af76b00d-192497a6","metadata":{"@type":"type.googleapis.com/google.cloud.functions.v2.OperationMetadata","createTime":"2026-07-09T20:28:35.189410325Z","target":"projects/aip-v1-3f57c/locations/us-central1/functions/emailWebhook","verb":"update","cancelRequested":false,"apiVersion":"v2","requestResource":{"@type":"type.googleapis.com/google.cloud.functions.v2.Function","name":"projects/aip-v1-3f57c/locations/us-central1/functions/emailWebhook","buildConfig":{"runtime":"nodejs20","entryPoint":"emailWebhook","source":{"storageSource":{"bucket":"gcf-v2-sources-171234470705-us-central1","object":"emailWebhook/function-source.zip","generation":"1783628915127904"}},"environmentVariables":{"GOOGLE_NODE_RUN_SCRIPTS":""},"dockerRepository":"projects/aip-v1-3f57c/locations/us-central1/repositories/gcf-artifacts","sourceProvenance":{"resolvedStorageSource":{"bucket":"gcf-v2-sources-171234470705-us-central1","object":"emailWebhook/function-source.zip","generation":"1782986803824652"}},"dockerRegistry":"ARTIFACT_REGISTRY","sourceToken":"Cldwcm9qZWN0cy8xNzEyMzQ0NzA3MDUvbG9jYXRpb25zL3VzLWNlbnRyYWwxL2J1aWxkcy85OWZiNjA2YS1lY2Q1LTQ1NzktOWM5Mi04OWEzZGFiNmVjMmEScHVzLWNlbnRyYWwxLWRvY2tlci5wa2cuZGV2L2FpcC12MS0zZjU3Yy9nY2YtYXJ0aWZhY3RzL2FpcC0tdjEtLTNmNTdjX191cy0tY2VudHJhbDFfX2NyZWF0ZV9reWNfc2Vzc2lvbjp2ZXJzaW9uXzEYsdb68v0EIkZwcm9qZWN0cy9haXAtdjEtM2Y1N2MvbG9jYXRpb25zL3VzLWNlbnRyYWwxL2Z1bmN0aW9ucy9jcmVhdGVLeWNTZXNzaW9uKgwI6YjA0gYQgNPpsgEyCG5vZGVqczIwOnYKI2djci5pby9nYWUtcnVudGltZXMvbm9kZWpzMjA6c3RhYmxlEk91cy1jZW50cmFsMS1kb2NrZXIucGtnLmRldi9zZXJ2ZXJsZXNzLXJ1bnRpbWVzL2dvb2dsZS0yMi1mdWxsL3J1bnRpbWVzL25vZGVqczIwQAE=","serviceAccount":"projects/aip-v1-3f57c/serviceAccounts/171234470705-compute@developer.gserviceaccount.com","automaticUpdatePolicy":{}},"serviceConfig":{"service":"projects/aip-v1-3f57c/locations/us-central1/services/emailwebhook","timeoutSeconds":60,"environmentVariables":{"SENDGRID_WEBHOOK_KEY":"tu_clave_secreta_aqui","META_WEBHOOK_VERIFY_TOKEN":"tu_token_de_verificacion","META_WHATSAPP_ACCESS_TOKEN":"tu_access_token_de_meta","FIREBASE_CONFIG":"{\"projectId\":\"aip-v1-3f57c\",\"storageBucket\":\"aip-v1-3f57c.firebasestorage.app\"}","GCLOUD_PROJECT":"aip-v1-3f57c","EVENTARC_CLOUD_EVENT_SOURCE":"projects/aip-v1-3f57c/locations/us-central1/services/emailWebhook","FUNCTION_TARGET":"emailWebhook","LOG_EXECUTION_ID":"true","FUNCTION_SIGNATURE_TYPE":"http"},"maxInstanceCount":5,"ingressSettings":"ALLOW_ALL","uri":"https://emailwebhook-xo4zljy57a-uc.a.run.app","serviceAccountEmail":"171234470705-compute@developer.gserviceaccount.com","availableMemory":"256Mi","allTrafficOnLatestRevision":true,"revision":"emailwebhook-00007-hox","maxInstanceRequestConcurrency":80,"availableCpu":"1"},"state":"ACTIVE","labels":{"deployment-tool":"cloud-console","firebase-functions-hash":"1fef5414712d901cd2c8056debfc465a0058a8e3"},"environment":"GEN_2","url":"https://us-central1-aip-v1-3f57c.cloudfunctions.net/emailWebhook","satisfiesPzi":true},"stages":[{"name":"BUILD","message":"Reusing build","state":"COMPLETE","resource":"projects/171234470705/locations/us-central1/builds/99fb606a-ecd5-4579-9c92-89a3dab6ec2a","stateMessages":[{"severity":"WARNING","type":"BuildAnalysisWarning","message":"Node.js 20 is no longer supported by the Node.js community as of 30 April, 2026. Runtime nodejs20 is currently deprecated for Cloud Functions. We recommend you to upgrade to the latest version of Node.js as soon as possible."}]},{"name":"SERVICE","message":"Updating Cloud Run service","state":"IN_PROGRESS","resource":"projects/aip-v1-3f57c/locations/us-central1/services/emailwebhook","resourceUri":"https://console.cloud.google.com/run/detail/us-central1/emailwebhook?project=aip-v1-3f57c","stateMessages":[{"severity":"INFO","type":"CloudRunServiceNewRevisionTrafficInfo","message":"A new revision will be deployed serving with 100% traffic."}]}],"sourceToken":"Cldwcm9qZWN0cy8xNzEyMzQ0NzA3MDUvbG9jYXRpb25zL3VzLWNlbnRyYWwxL2J1aWxkcy85OWZiNjA2YS1lY2Q1LTQ1NzktOWM5Mi04OWEzZGFiNmVjMmEScHVzLWNlbnRyYWwxLWRvY2tlci5wa2cuZGV2L2FpcC12MS0zZjU3Yy9nY2YtYXJ0aWZhY3RzL2FpcC0tdjEtLTNmNTdjX191cy0tY2VudHJhbDFfX2NyZWF0ZV9reWNfc2Vzc2lvbjp2ZXJzaW9uXzEYsdb68v0EIkZwcm9qZWN0cy9haXAtdjEtM2Y1N2MvbG9jYXRpb25zL3VzLWNlbnRyYWwxL2Z1bmN0aW9ucy9jcmVhdGVLeWNTZXNzaW9uKgwI6YjA0gYQgNPpsgEyCG5vZGVqczIwOnYKI2djci5pby9nYWUtcnVudGltZXMvbm9kZWpzMjA6c3RhYmxlEk91cy1jZW50cmFsMS1kb2NrZXIucGtnLmRldi9zZXJ2ZXJsZXNzLXJ1bnRpbWVzL2dvb2dsZS0yMi1mdWxsL3J1bnRpbWVzL25vZGVqczIwQAE=","operationType":"UPDATE_FUNCTION","buildName":"projects/171234470705/locations/us-central1/builds/99fb606a-ecd5-4579-9c92-89a3dab6ec2a"},"done":false}
[debug] [2026-07-09T20:28:36.797Z] Got source token Cldwcm9qZWN0cy8xNzEyMzQ0NzA3MDUvbG9jYXRpb25zL3VzLWNlbnRyYWwxL2J1aWxkcy85OWZiNjA2YS1lY2Q1LTQ1NzktOWM5Mi04OWEzZGFiNmVjMmEScHVzLWNlbnRyYWwxLWRvY2tlci5wa2cuZGV2L2FpcC12MS0zZjU3Yy9nY2YtYXJ0aWZhY3RzL2FpcC0tdjEtLTNmNTdjX191cy0tY2VudHJhbDFfX2NyZWF0ZV9reWNfc2Vzc2lvbjp2ZXJzaW9uXzEYsdb68v0EIkZwcm9qZWN0cy9haXAtdjEtM2Y1N2MvbG9jYXRpb25zL3VzLWNlbnRyYWwxL2Z1bmN0aW9ucy9jcmVhdGVLeWNTZXNzaW9uKgwI6YjA0gYQgNPpsgEyCG5vZGVqczIwOnYKI2djci5pby9nYWUtcnVudGltZXMvbm9kZWpzMjA6c3RhYmxlEk91cy1jZW50cmFsMS1kb2NrZXIucGtnLmRldi9zZXJ2ZXJsZXNzLXJ1bnRpbWVzL2dvb2dsZS0yMi1mdWxsL3J1bnRpbWVzL25vZGVqczIwQAE= for region us-central1
[debug] [2026-07-09T20:28:37.100Z] [create-default-us-central1-kycAttest] Retrying task index 0
[debug] [2026-07-09T20:28:37.100Z] Checked if tokens are valid: true, expires at: 1783632331561
[debug] [2026-07-09T20:28:37.100Z] Checked if tokens are valid: true, expires at: 1783632331561
[debug] [2026-07-09T20:28:37.100Z] >>> [apiv2][query] GET https://cloudfunctions.googleapis.com/v2/projects/aip-v1-3f57c/locations/us-central1/operations/operation-1783628914085-6563377d5cef4-21562818-dbe56e97 [none]
[debug] [2026-07-09T20:28:37.101Z] [create-default-us-central1-kycInit] Retrying task index 0
[debug] [2026-07-09T20:28:37.101Z] Checked if tokens are valid: true, expires at: 1783632331561
[debug] [2026-07-09T20:28:37.101Z] Checked if tokens are valid: true, expires at: 1783632331561
[debug] [2026-07-09T20:28:37.101Z] >>> [apiv2][query] GET https://cloudfunctions.googleapis.com/v2/projects/aip-v1-3f57c/locations/us-central1/operations/operation-1783628914018-6563377d4c8eb-6b849440-9fbe7d40 [none]
[debug] [2026-07-09T20:28:37.234Z] [create-default-us-central1-cleanupKycSessions] Retrying task index 0
[debug] [2026-07-09T20:28:37.235Z] Checked if tokens are valid: true, expires at: 1783632331561
[debug] [2026-07-09T20:28:37.235Z] Checked if tokens are valid: true, expires at: 1783632331561
[debug] [2026-07-09T20:28:37.235Z] >>> [apiv2][query] GET https://cloudfunctions.googleapis.com/v2/projects/aip-v1-3f57c/locations/us-central1/operations/operation-1783628914100-6563377d60afb-8579fa08-9a74316c [none]
[debug] [2026-07-09T20:28:37.580Z] [update-default-us-central1-whatsappWebhook] Retrying task index 0
[debug] [2026-07-09T20:28:37.580Z] Checked if tokens are valid: true, expires at: 1783632331561
[debug] [2026-07-09T20:28:37.580Z] Checked if tokens are valid: true, expires at: 1783632331561
[debug] [2026-07-09T20:28:37.580Z] >>> [apiv2][query] GET https://cloudfunctions.googleapis.com/v2/projects/aip-v1-3f57c/locations/us-central1/operations/operation-1783628914098-6563377d601a9-b653705f-6a01750a [none]
[debug] [2026-07-09T20:28:37.669Z] [update-default-us-central1-executeUserAction] Retrying task index 0
[debug] [2026-07-09T20:28:37.669Z] Checked if tokens are valid: true, expires at: 1783632331561
[debug] [2026-07-09T20:28:37.669Z] Checked if tokens are valid: true, expires at: 1783632331561
[debug] [2026-07-09T20:28:37.669Z] >>> [apiv2][query] GET https://cloudfunctions.googleapis.com/v2/projects/aip-v1-3f57c/locations/us-central1/operations/operation-1783628914114-6563377d64087-27cdf0e2-1ac52cfb [none]
[debug] [2026-07-09T20:28:37.806Z] [update-default-us-central1-emailWebhook] Retrying task index 0
[debug] [2026-07-09T20:28:37.807Z] Checked if tokens are valid: true, expires at: 1783632331561
[debug] [2026-07-09T20:28:37.807Z] Checked if tokens are valid: true, expires at: 1783632331561
[debug] [2026-07-09T20:28:37.807Z] >>> [apiv2][query] GET https://cloudfunctions.googleapis.com/v2/projects/aip-v1-3f57c/locations/us-central1/operations/operation-1783628914097-6563377d5fc27-af76b00d-192497a6 [none]
[debug] [2026-07-09T20:28:38.188Z] <<< [apiv2][status] GET https://cloudfunctions.googleapis.com/v2/projects/aip-v1-3f57c/locations/us-central1/operations/operation-1783628914085-6563377d5cef4-21562818-dbe56e97 200
[debug] [2026-07-09T20:28:38.188Z] <<< [apiv2][body] GET https://cloudfunctions.googleapis.com/v2/projects/aip-v1-3f57c/locations/us-central1/operations/operation-1783628914085-6563377d5cef4-21562818-dbe56e97 {"name":"projects/aip-v1-3f57c/locations/us-central1/operations/operation-1783628914085-6563377d5cef4-21562818-dbe56e97","metadata":{"@type":"type.googleapis.com/google.cloud.functions.v2.OperationMetadata","createTime":"2026-07-09T20:28:34.662294655Z","target":"projects/aip-v1-3f57c/locations/us-central1/functions/kycAttest","verb":"create","cancelRequested":false,"apiVersion":"v2","requestResource":{"@type":"type.googleapis.com/google.cloud.functions.v2.Function","name":"projects/aip-v1-3f57c/locations/us-central1/functions/kycAttest","buildConfig":{"runtime":"nodejs20","entryPoint":"kycAttest","source":{"storageSource":{"bucket":"gcf-v2-sources-171234470705-us-central1","object":"kycAttest/function-source.zip","generation":"1783628914433039"}},"environmentVariables":{"GOOGLE_NODE_RUN_SCRIPTS":""},"sourceToken":"Cldwcm9qZWN0cy8xNzEyMzQ0NzA3MDUvbG9jYXRpb25zL3VzLWNlbnRyYWwxL2J1aWxkcy85OWZiNjA2YS1lY2Q1LTQ1NzktOWM5Mi04OWEzZGFiNmVjMmEScHVzLWNlbnRyYWwxLWRvY2tlci5wa2cuZGV2L2FpcC12MS0zZjU3Yy9nY2YtYXJ0aWZhY3RzL2FpcC0tdjEtLTNmNTdjX191cy0tY2VudHJhbDFfX2NyZWF0ZV9reWNfc2Vzc2lvbjp2ZXJzaW9uXzEYsdb68v0EIkZwcm9qZWN0cy9haXAtdjEtM2Y1N2MvbG9jYXRpb25zL3VzLWNlbnRyYWwxL2Z1bmN0aW9ucy9jcmVhdGVLeWNTZXNzaW9uKgwI6YjA0gYQgNPpsgEyCG5vZGVqczIwOnYKI2djci5pby9nYWUtcnVudGltZXMvbm9kZWpzMjA6c3RhYmxlEk91cy1jZW50cmFsMS1kb2NrZXIucGtnLmRldi9zZXJ2ZXJsZXNzLXJ1bnRpbWVzL2dvb2dsZS0yMi1mdWxsL3J1bnRpbWVzL25vZGVqczIwQAE=","serviceAccount":"projects/aip-v1-3f57c/serviceAccounts/171234470705-compute@developer.gserviceaccount.com","automaticUpdatePolicy":{}},"serviceConfig":{"service":"projects/aip-v1-3f57c/locations/us-central1/services/kycattest","timeoutSeconds":60,"environmentVariables":{"SENDGRID_WEBHOOK_KEY":"tu_clave_secreta_aqui","META_WEBHOOK_VERIFY_TOKEN":"tu_token_de_verificacion","META_WHATSAPP_ACCESS_TOKEN":"tu_access_token_de_meta","FIREBASE_CONFIG":"{\"projectId\":\"aip-v1-3f57c\",\"storageBucket\":\"aip-v1-3f57c.firebasestorage.app\"}","GCLOUD_PROJECT":"aip-v1-3f57c","EVENTARC_CLOUD_EVENT_SOURCE":"projects/aip-v1-3f57c/locations/us-central1/services/kycAttest","FUNCTION_TARGET":"kycAttest","LOG_EXECUTION_ID":"true","FUNCTION_SIGNATURE_TYPE":"http"},"ingressSettings":"ALLOW_ALL","serviceAccountEmail":"171234470705-compute@developer.gserviceaccount.com","minInstanceCount":1,"availableMemory":"256Mi","maxInstanceRequestConcurrency":80,"availableCpu":"1"},"labels":{"deployment-tool":"cli-firebase","deployment-callable":"true","firebase-functions-hash":"1fef5414712d901cd2c8056debfc465a0058a8e3"},"environment":"GEN_2"},"stages":[{"name":"BUILD","message":"Reusing build","state":"COMPLETE","resource":"projects/171234470705/locations/us-central1/builds/99fb606a-ecd5-4579-9c92-89a3dab6ec2a","stateMessages":[{"severity":"WARNING","type":"BuildAnalysisWarning","message":"Node.js 20 is no longer supported by the Node.js community as of 30 April, 2026. Runtime nodejs20 is currently deprecated for Cloud Functions. We recommend you to upgrade to the latest version of Node.js as soon as possible."}]},{"name":"SERVICE","message":"Creating Cloud Run service","state":"IN_PROGRESS","resource":"projects/aip-v1-3f57c/locations/us-central1/services/kycattest","resourceUri":"https://console.cloud.google.com/run/detail/us-central1/kycattest?project=aip-v1-3f57c"}],"sourceToken":"Cldwcm9qZWN0cy8xNzEyMzQ0NzA3MDUvbG9jYXRpb25zL3VzLWNlbnRyYWwxL2J1aWxkcy85OWZiNjA2YS1lY2Q1LTQ1NzktOWM5Mi04OWEzZGFiNmVjMmEScHVzLWNlbnRyYWwxLWRvY2tlci5wa2cuZGV2L2FpcC12MS0zZjU3Yy9nY2YtYXJ0aWZhY3RzL2FpcC0tdjEtLTNmNTdjX191cy0tY2VudHJhbDFfX2NyZWF0ZV9reWNfc2Vzc2lvbjp2ZXJzaW9uXzEYsdb68v0EIkZwcm9qZWN0cy9haXAtdjEtM2Y1N2MvbG9jYXRpb25zL3VzLWNlbnRyYWwxL2Z1bmN0aW9ucy9jcmVhdGVLeWNTZXNzaW9uKgwI6YjA0gYQgNPpsgEyCG5vZGVqczIwOnYKI2djci5pby9nYWUtcnVudGltZXMvbm9kZWpzMjA6c3RhYmxlEk91cy1jZW50cmFsMS1kb2NrZXIucGtnLmRldi9zZXJ2ZXJsZXNzLXJ1bnRpbWVzL2dvb2dsZS0yMi1mdWxsL3J1bnRpbWVzL25vZGVqczIwQAE=","operationType":"CREATE_FUNCTION","buildName":"projects/171234470705/locations/us-central1/builds/99fb606a-ecd5-4579-9c92-89a3dab6ec2a"},"done":false}
[debug] [2026-07-09T20:28:38.188Z] Got source token Cldwcm9qZWN0cy8xNzEyMzQ0NzA3MDUvbG9jYXRpb25zL3VzLWNlbnRyYWwxL2J1aWxkcy85OWZiNjA2YS1lY2Q1LTQ1NzktOWM5Mi04OWEzZGFiNmVjMmEScHVzLWNlbnRyYWwxLWRvY2tlci5wa2cuZGV2L2FpcC12MS0zZjU3Yy9nY2YtYXJ0aWZhY3RzL2FpcC0tdjEtLTNmNTdjX191cy0tY2VudHJhbDFfX2NyZWF0ZV9reWNfc2Vzc2lvbjp2ZXJzaW9uXzEYsdb68v0EIkZwcm9qZWN0cy9haXAtdjEtM2Y1N2MvbG9jYXRpb25zL3VzLWNlbnRyYWwxL2Z1bmN0aW9ucy9jcmVhdGVLeWNTZXNzaW9uKgwI6YjA0gYQgNPpsgEyCG5vZGVqczIwOnYKI2djci5pby9nYWUtcnVudGltZXMvbm9kZWpzMjA6c3RhYmxlEk91cy1jZW50cmFsMS1kb2NrZXIucGtnLmRldi9zZXJ2ZXJsZXNzLXJ1bnRpbWVzL2dvb2dsZS0yMi1mdWxsL3J1bnRpbWVzL25vZGVqczIwQAE= for region us-central1
[debug] [2026-07-09T20:28:38.222Z] <<< [apiv2][status] GET https://cloudfunctions.googleapis.com/v2/projects/aip-v1-3f57c/locations/us-central1/operations/operation-1783628914018-6563377d4c8eb-6b849440-9fbe7d40 200
[debug] [2026-07-09T20:28:38.223Z] <<< [apiv2][body] GET https://cloudfunctions.googleapis.com/v2/projects/aip-v1-3f57c/locations/us-central1/operations/operation-1783628914018-6563377d4c8eb-6b849440-9fbe7d40 {"name":"projects/aip-v1-3f57c/locations/us-central1/operations/operation-1783628914018-6563377d4c8eb-6b849440-9fbe7d40","metadata":{"@type":"type.googleapis.com/google.cloud.functions.v2.OperationMetadata","createTime":"2026-07-09T20:28:34.567203868Z","target":"projects/aip-v1-3f57c/locations/us-central1/functions/kycInit","verb":"create","cancelRequested":false,"apiVersion":"v2","requestResource":{"@type":"type.googleapis.com/google.cloud.functions.v2.Function","name":"projects/aip-v1-3f57c/locations/us-central1/functions/kycInit","buildConfig":{"runtime":"nodejs20","entryPoint":"kycInit","source":{"storageSource":{"bucket":"gcf-v2-sources-171234470705-us-central1","object":"kycInit/function-source.zip","generation":"1783628914313622"}},"environmentVariables":{"GOOGLE_NODE_RUN_SCRIPTS":""},"sourceToken":"Cldwcm9qZWN0cy8xNzEyMzQ0NzA3MDUvbG9jYXRpb25zL3VzLWNlbnRyYWwxL2J1aWxkcy85OWZiNjA2YS1lY2Q1LTQ1NzktOWM5Mi04OWEzZGFiNmVjMmEScHVzLWNlbnRyYWwxLWRvY2tlci5wa2cuZGV2L2FpcC12MS0zZjU3Yy9nY2YtYXJ0aWZhY3RzL2FpcC0tdjEtLTNmNTdjX191cy0tY2VudHJhbDFfX2NyZWF0ZV9reWNfc2Vzc2lvbjp2ZXJzaW9uXzEYsdb68v0EIkZwcm9qZWN0cy9haXAtdjEtM2Y1N2MvbG9jYXRpb25zL3VzLWNlbnRyYWwxL2Z1bmN0aW9ucy9jcmVhdGVLeWNTZXNzaW9uKgwI6YjA0gYQgNPpsgEyCG5vZGVqczIwOnYKI2djci5pby9nYWUtcnVudGltZXMvbm9kZWpzMjA6c3RhYmxlEk91cy1jZW50cmFsMS1kb2NrZXIucGtnLmRldi9zZXJ2ZXJsZXNzLXJ1bnRpbWVzL2dvb2dsZS0yMi1mdWxsL3J1bnRpbWVzL25vZGVqczIwQAE=","serviceAccount":"projects/aip-v1-3f57c/serviceAccounts/171234470705-compute@developer.gserviceaccount.com","automaticUpdatePolicy":{}},"serviceConfig":{"service":"projects/aip-v1-3f57c/locations/us-central1/services/kycinit","timeoutSeconds":60,"environmentVariables":{"SENDGRID_WEBHOOK_KEY":"tu_clave_secreta_aqui","META_WEBHOOK_VERIFY_TOKEN":"tu_token_de_verificacion","META_WHATSAPP_ACCESS_TOKEN":"tu_access_token_de_meta","FIREBASE_CONFIG":"{\"projectId\":\"aip-v1-3f57c\",\"storageBucket\":\"aip-v1-3f57c.firebasestorage.app\"}","GCLOUD_PROJECT":"aip-v1-3f57c","EVENTARC_CLOUD_EVENT_SOURCE":"projects/aip-v1-3f57c/locations/us-central1/services/kycInit","FUNCTION_TARGET":"kycInit","LOG_EXECUTION_ID":"true","FUNCTION_SIGNATURE_TYPE":"http"},"ingressSettings":"ALLOW_ALL","serviceAccountEmail":"171234470705-compute@developer.gserviceaccount.com","minInstanceCount":1,"availableMemory":"256Mi","maxInstanceRequestConcurrency":80,"availableCpu":"1"},"labels":{"deployment-tool":"cli-firebase","deployment-callable":"true","firebase-functions-hash":"1fef5414712d901cd2c8056debfc465a0058a8e3"},"environment":"GEN_2"},"stages":[{"name":"BUILD","message":"Reusing build","state":"COMPLETE","resource":"projects/171234470705/locations/us-central1/builds/99fb606a-ecd5-4579-9c92-89a3dab6ec2a","stateMessages":[{"severity":"WARNING","type":"BuildAnalysisWarning","message":"Node.js 20 is no longer supported by the Node.js community as of 30 April, 2026. Runtime nodejs20 is currently deprecated for Cloud Functions. We recommend you to upgrade to the latest version of Node.js as soon as possible."}]},{"name":"SERVICE","message":"Creating Cloud Run service","state":"IN_PROGRESS","resource":"projects/aip-v1-3f57c/locations/us-central1/services/kycinit","resourceUri":"https://console.cloud.google.com/run/detail/us-central1/kycinit?project=aip-v1-3f57c"}],"sourceToken":"Cldwcm9qZWN0cy8xNzEyMzQ0NzA3MDUvbG9jYXRpb25zL3VzLWNlbnRyYWwxL2J1aWxkcy85OWZiNjA2YS1lY2Q1LTQ1NzktOWM5Mi04OWEzZGFiNmVjMmEScHVzLWNlbnRyYWwxLWRvY2tlci5wa2cuZGV2L2FpcC12MS0zZjU3Yy9nY2YtYXJ0aWZhY3RzL2FpcC0tdjEtLTNmNTdjX191cy0tY2VudHJhbDFfX2NyZWF0ZV9reWNfc2Vzc2lvbjp2ZXJzaW9uXzEYsdb68v0EIkZwcm9qZWN0cy9haXAtdjEtM2Y1N2MvbG9jYXRpb25zL3VzLWNlbnRyYWwxL2Z1bmN0aW9ucy9jcmVhdGVLeWNTZXNzaW9uKgwI6YjA0gYQgNPpsgEyCG5vZGVqczIwOnYKI2djci5pby9nYWUtcnVudGltZXMvbm9kZWpzMjA6c3RhYmxlEk91cy1jZW50cmFsMS1kb2NrZXIucGtnLmRldi9zZXJ2ZXJsZXNzLXJ1bnRpbWVzL2dvb2dsZS0yMi1mdWxsL3J1bnRpbWVzL25vZGVqczIwQAE=","operationType":"CREATE_FUNCTION","buildName":"projects/171234470705/locations/us-central1/builds/99fb606a-ecd5-4579-9c92-89a3dab6ec2a"},"done":false}
[debug] [2026-07-09T20:28:38.223Z] Got source token Cldwcm9qZWN0cy8xNzEyMzQ0NzA3MDUvbG9jYXRpb25zL3VzLWNlbnRyYWwxL2J1aWxkcy85OWZiNjA2YS1lY2Q1LTQ1NzktOWM5Mi04OWEzZGFiNmVjMmEScHVzLWNlbnRyYWwxLWRvY2tlci5wa2cuZGV2L2FpcC12MS0zZjU3Yy9nY2YtYXJ0aWZhY3RzL2FpcC0tdjEtLTNmNTdjX191cy0tY2VudHJhbDFfX2NyZWF0ZV9reWNfc2Vzc2lvbjp2ZXJzaW9uXzEYsdb68v0EIkZwcm9qZWN0cy9haXAtdjEtM2Y1N2MvbG9jYXRpb25zL3VzLWNlbnRyYWwxL2Z1bmN0aW9ucy9jcmVhdGVLeWNTZXNzaW9uKgwI6YjA0gYQgNPpsgEyCG5vZGVqczIwOnYKI2djci5pby9nYWUtcnVudGltZXMvbm9kZWpzMjA6c3RhYmxlEk91cy1jZW50cmFsMS1kb2NrZXIucGtnLmRldi9zZXJ2ZXJsZXNzLXJ1bnRpbWVzL2dvb2dsZS0yMi1mdWxsL3J1bnRpbWVzL25vZGVqczIwQAE= for region us-central1
[debug] [2026-07-09T20:28:38.326Z] <<< [apiv2][status] GET https://cloudfunctions.googleapis.com/v2/projects/aip-v1-3f57c/locations/us-central1/operations/operation-1783628914100-6563377d60afb-8579fa08-9a74316c 200
[debug] [2026-07-09T20:28:38.326Z] <<< [apiv2][body] GET https://cloudfunctions.googleapis.com/v2/projects/aip-v1-3f57c/locations/us-central1/operations/operation-1783628914100-6563377d60afb-8579fa08-9a74316c {"name":"projects/aip-v1-3f57c/locations/us-central1/operations/operation-1783628914100-6563377d60afb-8579fa08-9a74316c","metadata":{"@type":"type.googleapis.com/google.cloud.functions.v2.OperationMetadata","createTime":"2026-07-09T20:28:34.631777195Z","target":"projects/aip-v1-3f57c/locations/us-central1/functions/cleanupKycSessions","verb":"create","cancelRequested":false,"apiVersion":"v2","requestResource":{"@type":"type.googleapis.com/google.cloud.functions.v2.Function","name":"projects/aip-v1-3f57c/locations/us-central1/functions/cleanupKycSessions","buildConfig":{"runtime":"nodejs20","entryPoint":"cleanupKycSessions","source":{"storageSource":{"bucket":"gcf-v2-sources-171234470705-us-central1","object":"cleanupKycSessions/function-source.zip","generation":"1783628914390941"}},"environmentVariables":{"GOOGLE_NODE_RUN_SCRIPTS":""},"sourceToken":"Cldwcm9qZWN0cy8xNzEyMzQ0NzA3MDUvbG9jYXRpb25zL3VzLWNlbnRyYWwxL2J1aWxkcy85OWZiNjA2YS1lY2Q1LTQ1NzktOWM5Mi04OWEzZGFiNmVjMmEScHVzLWNlbnRyYWwxLWRvY2tlci5wa2cuZGV2L2FpcC12MS0zZjU3Yy9nY2YtYXJ0aWZhY3RzL2FpcC0tdjEtLTNmNTdjX191cy0tY2VudHJhbDFfX2NyZWF0ZV9reWNfc2Vzc2lvbjp2ZXJzaW9uXzEYsdb68v0EIkZwcm9qZWN0cy9haXAtdjEtM2Y1N2MvbG9jYXRpb25zL3VzLWNlbnRyYWwxL2Z1bmN0aW9ucy9jcmVhdGVLeWNTZXNzaW9uKgwI6YjA0gYQgNPpsgEyCG5vZGVqczIwOnYKI2djci5pby9nYWUtcnVudGltZXMvbm9kZWpzMjA6c3RhYmxlEk91cy1jZW50cmFsMS1kb2NrZXIucGtnLmRldi9zZXJ2ZXJsZXNzLXJ1bnRpbWVzL2dvb2dsZS0yMi1mdWxsL3J1bnRpbWVzL25vZGVqczIwQAE=","serviceAccount":"projects/aip-v1-3f57c/serviceAccounts/171234470705-compute@developer.gserviceaccount.com","automaticUpdatePolicy":{}},"serviceConfig":{"service":"projects/aip-v1-3f57c/locations/us-central1/services/cleanupkycsessions","timeoutSeconds":60,"environmentVariables":{"SENDGRID_WEBHOOK_KEY":"tu_clave_secreta_aqui","META_WEBHOOK_VERIFY_TOKEN":"tu_token_de_verificacion","META_WHATSAPP_ACCESS_TOKEN":"tu_access_token_de_meta","FIREBASE_CONFIG":"{\"projectId\":\"aip-v1-3f57c\",\"storageBucket\":\"aip-v1-3f57c.firebasestorage.app\"}","GCLOUD_PROJECT":"aip-v1-3f57c","EVENTARC_CLOUD_EVENT_SOURCE":"projects/aip-v1-3f57c/locations/us-central1/services/cleanupKycSessions","FUNCTION_TARGET":"cleanupKycSessions","LOG_EXECUTION_ID":"true","FUNCTION_SIGNATURE_TYPE":"http"},"ingressSettings":"ALLOW_ALL","serviceAccountEmail":"171234470705-compute@developer.gserviceaccount.com","availableMemory":"256Mi","maxInstanceRequestConcurrency":80,"availableCpu":"1"},"labels":{"deployment-tool":"cli-firebase","deployment-scheduled":"true","firebase-functions-hash":"1fef5414712d901cd2c8056debfc465a0058a8e3"},"environment":"GEN_2"},"stages":[{"name":"BUILD","message":"Reusing build","state":"COMPLETE","resource":"projects/171234470705/locations/us-central1/builds/99fb606a-ecd5-4579-9c92-89a3dab6ec2a","stateMessages":[{"severity":"WARNING","type":"BuildAnalysisWarning","message":"Node.js 20 is no longer supported by the Node.js community as of 30 April, 2026. Runtime nodejs20 is currently deprecated for Cloud Functions. We recommend you to upgrade to the latest version of Node.js as soon as possible."}]},{"name":"SERVICE","message":"Creating Cloud Run service","state":"IN_PROGRESS","resource":"projects/aip-v1-3f57c/locations/us-central1/services/cleanupkycsessions","resourceUri":"https://console.cloud.google.com/run/detail/us-central1/cleanupkycsessions?project=aip-v1-3f57c"}],"sourceToken":"Cldwcm9qZWN0cy8xNzEyMzQ0NzA3MDUvbG9jYXRpb25zL3VzLWNlbnRyYWwxL2J1aWxkcy85OWZiNjA2YS1lY2Q1LTQ1NzktOWM5Mi04OWEzZGFiNmVjMmEScHVzLWNlbnRyYWwxLWRvY2tlci5wa2cuZGV2L2FpcC12MS0zZjU3Yy9nY2YtYXJ0aWZhY3RzL2FpcC0tdjEtLTNmNTdjX191cy0tY2VudHJhbDFfX2NyZWF0ZV9reWNfc2Vzc2lvbjp2ZXJzaW9uXzEYsdb68v0EIkZwcm9qZWN0cy9haXAtdjEtM2Y1N2MvbG9jYXRpb25zL3VzLWNlbnRyYWwxL2Z1bmN0aW9ucy9jcmVhdGVLeWNTZXNzaW9uKgwI6YjA0gYQgNPpsgEyCG5vZGVqczIwOnYKI2djci5pby9nYWUtcnVudGltZXMvbm9kZWpzMjA6c3RhYmxlEk91cy1jZW50cmFsMS1kb2NrZXIucGtnLmRldi9zZXJ2ZXJsZXNzLXJ1bnRpbWVzL2dvb2dsZS0yMi1mdWxsL3J1bnRpbWVzL25vZGVqczIwQAE=","operationType":"CREATE_FUNCTION","buildName":"projects/171234470705/locations/us-central1/builds/99fb606a-ecd5-4579-9c92-89a3dab6ec2a"},"done":false}
[debug] [2026-07-09T20:28:38.326Z] Got source token Cldwcm9qZWN0cy8xNzEyMzQ0NzA3MDUvbG9jYXRpb25zL3VzLWNlbnRyYWwxL2J1aWxkcy85OWZiNjA2YS1lY2Q1LTQ1NzktOWM5Mi04OWEzZGFiNmVjMmEScHVzLWNlbnRyYWwxLWRvY2tlci5wa2cuZGV2L2FpcC12MS0zZjU3Yy9nY2YtYXJ0aWZhY3RzL2FpcC0tdjEtLTNmNTdjX191cy0tY2VudHJhbDFfX2NyZWF0ZV9reWNfc2Vzc2lvbjp2ZXJzaW9uXzEYsdb68v0EIkZwcm9qZWN0cy9haXAtdjEtM2Y1N2MvbG9jYXRpb25zL3VzLWNlbnRyYWwxL2Z1bmN0aW9ucy9jcmVhdGVLeWNTZXNzaW9uKgwI6YjA0gYQgNPpsgEyCG5vZGVqczIwOnYKI2djci5pby9nYWUtcnVudGltZXMvbm9kZWpzMjA6c3RhYmxlEk91cy1jZW50cmFsMS1kb2NrZXIucGtnLmRldi9zZXJ2ZXJsZXNzLXJ1bnRpbWVzL2dvb2dsZS0yMi1mdWxsL3J1bnRpbWVzL25vZGVqczIwQAE= for region us-central1
[debug] [2026-07-09T20:28:38.574Z] <<< [apiv2][status] GET https://cloudfunctions.googleapis.com/v2/projects/aip-v1-3f57c/locations/us-central1/operations/operation-1783628914097-6563377d5fc27-af76b00d-192497a6 200
[debug] [2026-07-09T20:28:38.574Z] <<< [apiv2][body] GET https://cloudfunctions.googleapis.com/v2/projects/aip-v1-3f57c/locations/us-central1/operations/operation-1783628914097-6563377d5fc27-af76b00d-192497a6 {"name":"projects/aip-v1-3f57c/locations/us-central1/operations/operation-1783628914097-6563377d5fc27-af76b00d-192497a6","metadata":{"@type":"type.googleapis.com/google.cloud.functions.v2.OperationMetadata","createTime":"2026-07-09T20:28:35.189410325Z","target":"projects/aip-v1-3f57c/locations/us-central1/functions/emailWebhook","verb":"update","cancelRequested":false,"apiVersion":"v2","requestResource":{"@type":"type.googleapis.com/google.cloud.functions.v2.Function","name":"projects/aip-v1-3f57c/locations/us-central1/functions/emailWebhook","buildConfig":{"runtime":"nodejs20","entryPoint":"emailWebhook","source":{"storageSource":{"bucket":"gcf-v2-sources-171234470705-us-central1","object":"emailWebhook/function-source.zip","generation":"1783628915127904"}},"environmentVariables":{"GOOGLE_NODE_RUN_SCRIPTS":""},"dockerRepository":"projects/aip-v1-3f57c/locations/us-central1/repositories/gcf-artifacts","sourceProvenance":{"resolvedStorageSource":{"bucket":"gcf-v2-sources-171234470705-us-central1","object":"emailWebhook/function-source.zip","generation":"1782986803824652"}},"dockerRegistry":"ARTIFACT_REGISTRY","sourceToken":"Cldwcm9qZWN0cy8xNzEyMzQ0NzA3MDUvbG9jYXRpb25zL3VzLWNlbnRyYWwxL2J1aWxkcy85OWZiNjA2YS1lY2Q1LTQ1NzktOWM5Mi04OWEzZGFiNmVjMmEScHVzLWNlbnRyYWwxLWRvY2tlci5wa2cuZGV2L2FpcC12MS0zZjU3Yy9nY2YtYXJ0aWZhY3RzL2FpcC0tdjEtLTNmNTdjX191cy0tY2VudHJhbDFfX2NyZWF0ZV9reWNfc2Vzc2lvbjp2ZXJzaW9uXzEYsdb68v0EIkZwcm9qZWN0cy9haXAtdjEtM2Y1N2MvbG9jYXRpb25zL3VzLWNlbnRyYWwxL2Z1bmN0aW9ucy9jcmVhdGVLeWNTZXNzaW9uKgwI6YjA0gYQgNPpsgEyCG5vZGVqczIwOnYKI2djci5pby9nYWUtcnVudGltZXMvbm9kZWpzMjA6c3RhYmxlEk91cy1jZW50cmFsMS1kb2NrZXIucGtnLmRldi9zZXJ2ZXJsZXNzLXJ1bnRpbWVzL2dvb2dsZS0yMi1mdWxsL3J1bnRpbWVzL25vZGVqczIwQAE=","serviceAccount":"projects/aip-v1-3f57c/serviceAccounts/171234470705-compute@developer.gserviceaccount.com","automaticUpdatePolicy":{}},"serviceConfig":{"service":"projects/aip-v1-3f57c/locations/us-central1/services/emailwebhook","timeoutSeconds":60,"environmentVariables":{"SENDGRID_WEBHOOK_KEY":"tu_clave_secreta_aqui","META_WEBHOOK_VERIFY_TOKEN":"tu_token_de_verificacion","META_WHATSAPP_ACCESS_TOKEN":"tu_access_token_de_meta","FIREBASE_CONFIG":"{\"projectId\":\"aip-v1-3f57c\",\"storageBucket\":\"aip-v1-3f57c.firebasestorage.app\"}","GCLOUD_PROJECT":"aip-v1-3f57c","EVENTARC_CLOUD_EVENT_SOURCE":"projects/aip-v1-3f57c/locations/us-central1/services/emailWebhook","FUNCTION_TARGET":"emailWebhook","LOG_EXECUTION_ID":"true","FUNCTION_SIGNATURE_TYPE":"http"},"maxInstanceCount":5,"ingressSettings":"ALLOW_ALL","uri":"https://emailwebhook-xo4zljy57a-uc.a.run.app","serviceAccountEmail":"171234470705-compute@developer.gserviceaccount.com","availableMemory":"256Mi","allTrafficOnLatestRevision":true,"revision":"emailwebhook-00007-hox","maxInstanceRequestConcurrency":80,"availableCpu":"1"},"state":"ACTIVE","labels":{"deployment-tool":"cloud-console","firebase-functions-hash":"1fef5414712d901cd2c8056debfc465a0058a8e3"},"environment":"GEN_2","url":"https://us-central1-aip-v1-3f57c.cloudfunctions.net/emailWebhook","satisfiesPzi":true},"stages":[{"name":"BUILD","message":"Reusing build","state":"COMPLETE","resource":"projects/171234470705/locations/us-central1/builds/99fb606a-ecd5-4579-9c92-89a3dab6ec2a","stateMessages":[{"severity":"WARNING","type":"BuildAnalysisWarning","message":"Node.js 20 is no longer supported by the Node.js community as of 30 April, 2026. Runtime nodejs20 is currently deprecated for Cloud Functions. We recommend you to upgrade to the latest version of Node.js as soon as possible."}]},{"name":"SERVICE","message":"Updating Cloud Run service","state":"IN_PROGRESS","resource":"projects/aip-v1-3f57c/locations/us-central1/services/emailwebhook","resourceUri":"https://console.cloud.google.com/run/detail/us-central1/emailwebhook?project=aip-v1-3f57c","stateMessages":[{"severity":"INFO","type":"CloudRunServiceNewRevisionTrafficInfo","message":"A new revision will be deployed serving with 100% traffic."}]}],"sourceToken":"Cldwcm9qZWN0cy8xNzEyMzQ0NzA3MDUvbG9jYXRpb25zL3VzLWNlbnRyYWwxL2J1aWxkcy85OWZiNjA2YS1lY2Q1LTQ1NzktOWM5Mi04OWEzZGFiNmVjMmEScHVzLWNlbnRyYWwxLWRvY2tlci5wa2cuZGV2L2FpcC12MS0zZjU3Yy9nY2YtYXJ0aWZhY3RzL2FpcC0tdjEtLTNmNTdjX191cy0tY2VudHJhbDFfX2NyZWF0ZV9reWNfc2Vzc2lvbjp2ZXJzaW9uXzEYsdb68v0EIkZwcm9qZWN0cy9haXAtdjEtM2Y1N2MvbG9jYXRpb25zL3VzLWNlbnRyYWwxL2Z1bmN0aW9ucy9jcmVhdGVLeWNTZXNzaW9uKgwI6YjA0gYQgNPpsgEyCG5vZGVqczIwOnYKI2djci5pby9nYWUtcnVudGltZXMvbm9kZWpzMjA6c3RhYmxlEk91cy1jZW50cmFsMS1kb2NrZXIucGtnLmRldi9zZXJ2ZXJsZXNzLXJ1bnRpbWVzL2dvb2dsZS0yMi1mdWxsL3J1bnRpbWVzL25vZGVqczIwQAE=","operationType":"UPDATE_FUNCTION","buildName":"projects/171234470705/locations/us-central1/builds/99fb606a-ecd5-4579-9c92-89a3dab6ec2a"},"done":false}
[debug] [2026-07-09T20:28:38.574Z] Got source token Cldwcm9qZWN0cy8xNzEyMzQ0NzA3MDUvbG9jYXRpb25zL3VzLWNlbnRyYWwxL2J1aWxkcy85OWZiNjA2YS1lY2Q1LTQ1NzktOWM5Mi04OWEzZGFiNmVjMmEScHVzLWNlbnRyYWwxLWRvY2tlci5wa2cuZGV2L2FpcC12MS0zZjU3Yy9nY2YtYXJ0aWZhY3RzL2FpcC0tdjEtLTNmNTdjX191cy0tY2VudHJhbDFfX2NyZWF0ZV9reWNfc2Vzc2lvbjp2ZXJzaW9uXzEYsdb68v0EIkZwcm9qZWN0cy9haXAtdjEtM2Y1N2MvbG9jYXRpb25zL3VzLWNlbnRyYWwxL2Z1bmN0aW9ucy9jcmVhdGVLeWNTZXNzaW9uKgwI6YjA0gYQgNPpsgEyCG5vZGVqczIwOnYKI2djci5pby9nYWUtcnVudGltZXMvbm9kZWpzMjA6c3RhYmxlEk91cy1jZW50cmFsMS1kb2NrZXIucGtnLmRldi9zZXJ2ZXJsZXNzLXJ1bnRpbWVzL2dvb2dsZS0yMi1mdWxsL3J1bnRpbWVzL25vZGVqczIwQAE= for region us-central1
[debug] [2026-07-09T20:28:38.784Z] <<< [apiv2][status] GET https://cloudfunctions.googleapis.com/v2/projects/aip-v1-3f57c/locations/us-central1/operations/operation-1783628914114-6563377d64087-27cdf0e2-1ac52cfb 200
[debug] [2026-07-09T20:28:38.784Z] <<< [apiv2][body] GET https://cloudfunctions.googleapis.com/v2/projects/aip-v1-3f57c/locations/us-central1/operations/operation-1783628914114-6563377d64087-27cdf0e2-1ac52cfb {"name":"projects/aip-v1-3f57c/locations/us-central1/operations/operation-1783628914114-6563377d64087-27cdf0e2-1ac52cfb","metadata":{"@type":"type.googleapis.com/google.cloud.functions.v2.OperationMetadata","createTime":"2026-07-09T20:28:35.150237043Z","target":"projects/aip-v1-3f57c/locations/us-central1/functions/executeUserAction","verb":"update","cancelRequested":false,"apiVersion":"v2","requestResource":{"@type":"type.googleapis.com/google.cloud.functions.v2.Function","name":"projects/aip-v1-3f57c/locations/us-central1/functions/executeUserAction","buildConfig":{"runtime":"nodejs20","entryPoint":"executeUserAction","source":{"storageSource":{"bucket":"gcf-v2-sources-171234470705-us-central1","object":"executeUserAction/function-source.zip","generation":"1783628915094628"}},"environmentVariables":{"GOOGLE_NODE_RUN_SCRIPTS":""},"dockerRepository":"projects/aip-v1-3f57c/locations/us-central1/repositories/gcf-artifacts","sourceProvenance":{"resolvedStorageSource":{"bucket":"gcf-v2-sources-171234470705-us-central1","object":"executeUserAction/function-source.zip","generation":"1782942710965334"}},"dockerRegistry":"ARTIFACT_REGISTRY","sourceToken":"Cldwcm9qZWN0cy8xNzEyMzQ0NzA3MDUvbG9jYXRpb25zL3VzLWNlbnRyYWwxL2J1aWxkcy85OWZiNjA2YS1lY2Q1LTQ1NzktOWM5Mi04OWEzZGFiNmVjMmEScHVzLWNlbnRyYWwxLWRvY2tlci5wa2cuZGV2L2FpcC12MS0zZjU3Yy9nY2YtYXJ0aWZhY3RzL2FpcC0tdjEtLTNmNTdjX191cy0tY2VudHJhbDFfX2NyZWF0ZV9reWNfc2Vzc2lvbjp2ZXJzaW9uXzEYsdb68v0EIkZwcm9qZWN0cy9haXAtdjEtM2Y1N2MvbG9jYXRpb25zL3VzLWNlbnRyYWwxL2Z1bmN0aW9ucy9jcmVhdGVLeWNTZXNzaW9uKgwI6YjA0gYQgNPpsgEyCG5vZGVqczIwOnYKI2djci5pby9nYWUtcnVudGltZXMvbm9kZWpzMjA6c3RhYmxlEk91cy1jZW50cmFsMS1kb2NrZXIucGtnLmRldi9zZXJ2ZXJsZXNzLXJ1bnRpbWVzL2dvb2dsZS0yMi1mdWxsL3J1bnRpbWVzL25vZGVqczIwQAE=","serviceAccount":"projects/aip-v1-3f57c/serviceAccounts/171234470705-compute@developer.gserviceaccount.com","automaticUpdatePolicy":{}},"serviceConfig":{"service":"projects/aip-v1-3f57c/locations/us-central1/services/executeuseraction","timeoutSeconds":60,"environmentVariables":{"SENDGRID_WEBHOOK_KEY":"tu_clave_secreta_aqui","META_WEBHOOK_VERIFY_TOKEN":"tu_token_de_verificacion","META_WHATSAPP_ACCESS_TOKEN":"tu_access_token_de_meta","FIREBASE_CONFIG":"{\"projectId\":\"aip-v1-3f57c\",\"storageBucket\":\"aip-v1-3f57c.firebasestorage.app\"}","GCLOUD_PROJECT":"aip-v1-3f57c","EVENTARC_CLOUD_EVENT_SOURCE":"projects/aip-v1-3f57c/locations/us-central1/services/executeUserAction","FUNCTION_TARGET":"executeUserAction","LOG_EXECUTION_ID":"true","FUNCTION_SIGNATURE_TYPE":"http"},"ingressSettings":"ALLOW_ALL","uri":"https://executeuseraction-xo4zljy57a-uc.a.run.app","serviceAccountEmail":"171234470705-compute@developer.gserviceaccount.com","minInstanceCount":1,"availableMemory":"256Mi","allTrafficOnLatestRevision":true,"revision":"executeuseraction-00007-toy","maxInstanceRequestConcurrency":80,"availableCpu":"1"},"state":"ACTIVE","labels":{"deployment-tool":"cloudfunctions","deployment-callable":"true","firebase-functions-hash":"1fef5414712d901cd2c8056debfc465a0058a8e3"},"environment":"GEN_2","url":"https://us-central1-aip-v1-3f57c.cloudfunctions.net/executeUserAction","satisfiesPzi":true},"stages":[{"name":"BUILD","message":"Reusing build","state":"COMPLETE","resource":"projects/171234470705/locations/us-central1/builds/99fb606a-ecd5-4579-9c92-89a3dab6ec2a","stateMessages":[{"severity":"WARNING","type":"BuildAnalysisWarning","message":"Node.js 20 is no longer supported by the Node.js community as of 30 April, 2026. Runtime nodejs20 is currently deprecated for Cloud Functions. We recommend you to upgrade to the latest version of Node.js as soon as possible."}]},{"name":"SERVICE","message":"Updating Cloud Run service","state":"IN_PROGRESS","resource":"projects/aip-v1-3f57c/locations/us-central1/services/executeuseraction","resourceUri":"https://console.cloud.google.com/run/detail/us-central1/executeuseraction?project=aip-v1-3f57c","stateMessages":[{"severity":"INFO","type":"CloudRunServiceNewRevisionTrafficInfo","message":"A new revision will be deployed serving with 100% traffic."}]}],"sourceToken":"Cldwcm9qZWN0cy8xNzEyMzQ0NzA3MDUvbG9jYXRpb25zL3VzLWNlbnRyYWwxL2J1aWxkcy85OWZiNjA2YS1lY2Q1LTQ1NzktOWM5Mi04OWEzZGFiNmVjMmEScHVzLWNlbnRyYWwxLWRvY2tlci5wa2cuZGV2L2FpcC12MS0zZjU3Yy9nY2YtYXJ0aWZhY3RzL2FpcC0tdjEtLTNmNTdjX191cy0tY2VudHJhbDFfX2NyZWF0ZV9reWNfc2Vzc2lvbjp2ZXJzaW9uXzEYsdb68v0EIkZwcm9qZWN0cy9haXAtdjEtM2Y1N2MvbG9jYXRpb25zL3VzLWNlbnRyYWwxL2Z1bmN0aW9ucy9jcmVhdGVLeWNTZXNzaW9uKgwI6YjA0gYQgNPpsgEyCG5vZGVqczIwOnYKI2djci5pby9nYWUtcnVudGltZXMvbm9kZWpzMjA6c3RhYmxlEk91cy1jZW50cmFsMS1kb2NrZXIucGtnLmRldi9zZXJ2ZXJsZXNzLXJ1bnRpbWVzL2dvb2dsZS0yMi1mdWxsL3J1bnRpbWVzL25vZGVqczIwQAE=","operationType":"UPDATE_FUNCTION","buildName":"projects/171234470705/locations/us-central1/builds/99fb606a-ecd5-4579-9c92-89a3dab6ec2a"},"done":false}
[debug] [2026-07-09T20:28:38.784Z] Got source token Cldwcm9qZWN0cy8xNzEyMzQ0NzA3MDUvbG9jYXRpb25zL3VzLWNlbnRyYWwxL2J1aWxkcy85OWZiNjA2YS1lY2Q1LTQ1NzktOWM5Mi04OWEzZGFiNmVjMmEScHVzLWNlbnRyYWwxLWRvY2tlci5wa2cuZGV2L2FpcC12MS0zZjU3Yy9nY2YtYXJ0aWZhY3RzL2FpcC0tdjEtLTNmNTdjX191cy0tY2VudHJhbDFfX2NyZWF0ZV9reWNfc2Vzc2lvbjp2ZXJzaW9uXzEYsdb68v0EIkZwcm9qZWN0cy9haXAtdjEtM2Y1N2MvbG9jYXRpb25zL3VzLWNlbnRyYWwxL2Z1bmN0aW9ucy9jcmVhdGVLeWNTZXNzaW9uKgwI6YjA0gYQgNPpsgEyCG5vZGVqczIwOnYKI2djci5pby9nYWUtcnVudGltZXMvbm9kZWpzMjA6c3RhYmxlEk91cy1jZW50cmFsMS1kb2NrZXIucGtnLmRldi9zZXJ2ZXJsZXNzLXJ1bnRpbWVzL2dvb2dsZS0yMi1mdWxsL3J1bnRpbWVzL25vZGVqczIwQAE= for region us-central1
[debug] [2026-07-09T20:28:38.785Z] <<< [apiv2][status] GET https://cloudfunctions.googleapis.com/v2/projects/aip-v1-3f57c/locations/us-central1/operations/operation-1783628914098-6563377d601a9-b653705f-6a01750a 200
[debug] [2026-07-09T20:28:38.785Z] <<< [apiv2][body] GET https://cloudfunctions.googleapis.com/v2/projects/aip-v1-3f57c/locations/us-central1/operations/operation-1783628914098-6563377d601a9-b653705f-6a01750a {"name":"projects/aip-v1-3f57c/locations/us-central1/operations/operation-1783628914098-6563377d601a9-b653705f-6a01750a","metadata":{"@type":"type.googleapis.com/google.cloud.functions.v2.OperationMetadata","createTime":"2026-07-09T20:28:35.149391903Z","target":"projects/aip-v1-3f57c/locations/us-central1/functions/whatsappWebhook","verb":"update","cancelRequested":false,"apiVersion":"v2","requestResource":{"@type":"type.googleapis.com/google.cloud.functions.v2.Function","name":"projects/aip-v1-3f57c/locations/us-central1/functions/whatsappWebhook","buildConfig":{"runtime":"nodejs20","entryPoint":"whatsappWebhook","source":{"storageSource":{"bucket":"gcf-v2-sources-171234470705-us-central1","object":"whatsappWebhook/function-source.zip","generation":"1783628915101390"}},"environmentVariables":{"GOOGLE_NODE_RUN_SCRIPTS":""},"dockerRepository":"projects/aip-v1-3f57c/locations/us-central1/repositories/gcf-artifacts","sourceProvenance":{"resolvedStorageSource":{"bucket":"gcf-v2-sources-171234470705-us-central1","object":"whatsappWebhook/function-source.zip","generation":"1782942754866357"}},"dockerRegistry":"ARTIFACT_REGISTRY","sourceToken":"Cldwcm9qZWN0cy8xNzEyMzQ0NzA3MDUvbG9jYXRpb25zL3VzLWNlbnRyYWwxL2J1aWxkcy85OWZiNjA2YS1lY2Q1LTQ1NzktOWM5Mi04OWEzZGFiNmVjMmEScHVzLWNlbnRyYWwxLWRvY2tlci5wa2cuZGV2L2FpcC12MS0zZjU3Yy9nY2YtYXJ0aWZhY3RzL2FpcC0tdjEtLTNmNTdjX191cy0tY2VudHJhbDFfX2NyZWF0ZV9reWNfc2Vzc2lvbjp2ZXJzaW9uXzEYsdb68v0EIkZwcm9qZWN0cy9haXAtdjEtM2Y1N2MvbG9jYXRpb25zL3VzLWNlbnRyYWwxL2Z1bmN0aW9ucy9jcmVhdGVLeWNTZXNzaW9uKgwI6YjA0gYQgNPpsgEyCG5vZGVqczIwOnYKI2djci5pby9nYWUtcnVudGltZXMvbm9kZWpzMjA6c3RhYmxlEk91cy1jZW50cmFsMS1kb2NrZXIucGtnLmRldi9zZXJ2ZXJsZXNzLXJ1bnRpbWVzL2dvb2dsZS0yMi1mdWxsL3J1bnRpbWVzL25vZGVqczIwQAE=","serviceAccount":"projects/aip-v1-3f57c/serviceAccounts/171234470705-compute@developer.gserviceaccount.com","automaticUpdatePolicy":{}},"serviceConfig":{"service":"projects/aip-v1-3f57c/locations/us-central1/services/whatsappwebhook","timeoutSeconds":60,"environmentVariables":{"SENDGRID_WEBHOOK_KEY":"tu_clave_secreta_aqui","META_WEBHOOK_VERIFY_TOKEN":"tu_token_de_verificacion","META_WHATSAPP_ACCESS_TOKEN":"tu_access_token_de_meta","FIREBASE_CONFIG":"{\"projectId\":\"aip-v1-3f57c\",\"storageBucket\":\"aip-v1-3f57c.firebasestorage.app\"}","GCLOUD_PROJECT":"aip-v1-3f57c","EVENTARC_CLOUD_EVENT_SOURCE":"projects/aip-v1-3f57c/locations/us-central1/services/whatsappWebhook","FUNCTION_TARGET":"whatsappWebhook","LOG_EXECUTION_ID":"true","FUNCTION_SIGNATURE_TYPE":"http"},"maxInstanceCount":5,"ingressSettings":"ALLOW_ALL","uri":"https://whatsappwebhook-xo4zljy57a-uc.a.run.app","serviceAccountEmail":"171234470705-compute@developer.gserviceaccount.com","availableMemory":"256Mi","allTrafficOnLatestRevision":true,"revision":"whatsappwebhook-00006-wef","maxInstanceRequestConcurrency":80,"availableCpu":"1"},"state":"ACTIVE","labels":{"deployment-tool":"cloud-console","firebase-functions-hash":"1fef5414712d901cd2c8056debfc465a0058a8e3"},"environment":"GEN_2","url":"https://us-central1-aip-v1-3f57c.cloudfunctions.net/whatsappWebhook","satisfiesPzi":true},"stages":[{"name":"BUILD","message":"Reusing build","state":"COMPLETE","resource":"projects/171234470705/locations/us-central1/builds/99fb606a-ecd5-4579-9c92-89a3dab6ec2a","stateMessages":[{"severity":"WARNING","type":"BuildAnalysisWarning","message":"Node.js 20 is no longer supported by the Node.js community as of 30 April, 2026. Runtime nodejs20 is currently deprecated for Cloud Functions. We recommend you to upgrade to the latest version of Node.js as soon as possible."}]},{"name":"SERVICE","message":"Updating Cloud Run service","state":"IN_PROGRESS","resource":"projects/aip-v1-3f57c/locations/us-central1/services/whatsappwebhook","resourceUri":"https://console.cloud.google.com/run/detail/us-central1/whatsappwebhook?project=aip-v1-3f57c","stateMessages":[{"severity":"INFO","type":"CloudRunServiceNewRevisionTrafficInfo","message":"A new revision will be deployed serving with 100% traffic."}]}],"sourceToken":"Cldwcm9qZWN0cy8xNzEyMzQ0NzA3MDUvbG9jYXRpb25zL3VzLWNlbnRyYWwxL2J1aWxkcy85OWZiNjA2YS1lY2Q1LTQ1NzktOWM5Mi04OWEzZGFiNmVjMmEScHVzLWNlbnRyYWwxLWRvY2tlci5wa2cuZGV2L2FpcC12MS0zZjU3Yy9nY2YtYXJ0aWZhY3RzL2FpcC0tdjEtLTNmNTdjX191cy0tY2VudHJhbDFfX2NyZWF0ZV9reWNfc2Vzc2lvbjp2ZXJzaW9uXzEYsdb68v0EIkZwcm9qZWN0cy9haXAtdjEtM2Y1N2MvbG9jYXRpb25zL3VzLWNlbnRyYWwxL2Z1bmN0aW9ucy9jcmVhdGVLeWNTZXNzaW9uKgwI6YjA0gYQgNPpsgEyCG5vZGVqczIwOnYKI2djci5pby9nYWUtcnVudGltZXMvbm9kZWpzMjA6c3RhYmxlEk91cy1jZW50cmFsMS1kb2NrZXIucGtnLmRldi9zZXJ2ZXJsZXNzLXJ1bnRpbWVzL2dvb2dsZS0yMi1mdWxsL3J1bnRpbWVzL25vZGVqczIwQAE=","operationType":"UPDATE_FUNCTION","buildName":"projects/171234470705/locations/us-central1/builds/99fb606a-ecd5-4579-9c92-89a3dab6ec2a"},"done":false}
[debug] [2026-07-09T20:28:38.785Z] Got source token Cldwcm9qZWN0cy8xNzEyMzQ0NzA3MDUvbG9jYXRpb25zL3VzLWNlbnRyYWwxL2J1aWxkcy85OWZiNjA2YS1lY2Q1LTQ1NzktOWM5Mi04OWEzZGFiNmVjMmEScHVzLWNlbnRyYWwxLWRvY2tlci5wa2cuZGV2L2FpcC12MS0zZjU3Yy9nY2YtYXJ0aWZhY3RzL2FpcC0tdjEtLTNmNTdjX191cy0tY2VudHJhbDFfX2NyZWF0ZV9reWNfc2Vzc2lvbjp2ZXJzaW9uXzEYsdb68v0EIkZwcm9qZWN0cy9haXAtdjEtM2Y1N2MvbG9jYXRpb25zL3VzLWNlbnRyYWwxL2Z1bmN0aW9ucy9jcmVhdGVLeWNTZXNzaW9uKgwI6YjA0gYQgNPpsgEyCG5vZGVqczIwOnYKI2djci5pby9nYWUtcnVudGltZXMvbm9kZWpzMjA6c3RhYmxlEk91cy1jZW50cmFsMS1kb2NrZXIucGtnLmRldi9zZXJ2ZXJsZXNzLXJ1bnRpbWVzL2dvb2dsZS0yMi1mdWxsL3J1bnRpbWVzL25vZGVqczIwQAE= for region us-central1
[debug] [2026-07-09T20:28:40.200Z] [create-default-us-central1-kycAttest] Retrying task index 0
[debug] [2026-07-09T20:28:40.201Z] Checked if tokens are valid: true, expires at: 1783632331561
[debug] [2026-07-09T20:28:40.201Z] Checked if tokens are valid: true, expires at: 1783632331561
[debug] [2026-07-09T20:28:40.201Z] >>> [apiv2][query] GET https://cloudfunctions.googleapis.com/v2/projects/aip-v1-3f57c/locations/us-central1/operations/operation-1783628914085-6563377d5cef4-21562818-dbe56e97 [none]
[debug] [2026-07-09T20:28:40.232Z] [create-default-us-central1-kycInit] Retrying task index 0
[debug] [2026-07-09T20:28:40.232Z] Checked if tokens are valid: true, expires at: 1783632331561
[debug] [2026-07-09T20:28:40.232Z] Checked if tokens are valid: true, expires at: 1783632331561
[debug] [2026-07-09T20:28:40.232Z] >>> [apiv2][query] GET https://cloudfunctions.googleapis.com/v2/projects/aip-v1-3f57c/locations/us-central1/operations/operation-1783628914018-6563377d4c8eb-6b849440-9fbe7d40 [none]
[debug] [2026-07-09T20:28:40.335Z] [create-default-us-central1-cleanupKycSessions] Retrying task index 0
[debug] [2026-07-09T20:28:40.336Z] Checked if tokens are valid: true, expires at: 1783632331561
[debug] [2026-07-09T20:28:40.336Z] Checked if tokens are valid: true, expires at: 1783632331561
[debug] [2026-07-09T20:28:40.336Z] >>> [apiv2][query] GET https://cloudfunctions.googleapis.com/v2/projects/aip-v1-3f57c/locations/us-central1/operations/operation-1783628914100-6563377d60afb-8579fa08-9a74316c [none]
[debug] [2026-07-09T20:28:40.575Z] [update-default-us-central1-emailWebhook] Retrying task index 0
[debug] [2026-07-09T20:28:40.576Z] Checked if tokens are valid: true, expires at: 1783632331561
[debug] [2026-07-09T20:28:40.576Z] Checked if tokens are valid: true, expires at: 1783632331561
[debug] [2026-07-09T20:28:40.576Z] >>> [apiv2][query] GET https://cloudfunctions.googleapis.com/v2/projects/aip-v1-3f57c/locations/us-central1/operations/operation-1783628914097-6563377d5fc27-af76b00d-192497a6 [none]
[debug] [2026-07-09T20:28:40.791Z] [update-default-us-central1-executeUserAction] Retrying task index 0
[debug] [2026-07-09T20:28:40.791Z] Checked if tokens are valid: true, expires at: 1783632331561
[debug] [2026-07-09T20:28:40.791Z] Checked if tokens are valid: true, expires at: 1783632331561
[debug] [2026-07-09T20:28:40.792Z] >>> [apiv2][query] GET https://cloudfunctions.googleapis.com/v2/projects/aip-v1-3f57c/locations/us-central1/operations/operation-1783628914114-6563377d64087-27cdf0e2-1ac52cfb [none]
[debug] [2026-07-09T20:28:40.792Z] [update-default-us-central1-whatsappWebhook] Retrying task index 0
[debug] [2026-07-09T20:28:40.793Z] Checked if tokens are valid: true, expires at: 1783632331561
[debug] [2026-07-09T20:28:40.793Z] Checked if tokens are valid: true, expires at: 1783632331561
[debug] [2026-07-09T20:28:40.793Z] >>> [apiv2][query] GET https://cloudfunctions.googleapis.com/v2/projects/aip-v1-3f57c/locations/us-central1/operations/operation-1783628914098-6563377d601a9-b653705f-6a01750a [none]
[debug] [2026-07-09T20:28:40.875Z] <<< [apiv2][status] GET https://cloudfunctions.googleapis.com/v2/projects/aip-v1-3f57c/locations/us-central1/operations/operation-1783628914085-6563377d5cef4-21562818-dbe56e97 200
[debug] [2026-07-09T20:28:40.876Z] <<< [apiv2][body] GET https://cloudfunctions.googleapis.com/v2/projects/aip-v1-3f57c/locations/us-central1/operations/operation-1783628914085-6563377d5cef4-21562818-dbe56e97 {"name":"projects/aip-v1-3f57c/locations/us-central1/operations/operation-1783628914085-6563377d5cef4-21562818-dbe56e97","metadata":{"@type":"type.googleapis.com/google.cloud.functions.v2.OperationMetadata","createTime":"2026-07-09T20:28:34.662294655Z","target":"projects/aip-v1-3f57c/locations/us-central1/functions/kycAttest","verb":"create","cancelRequested":false,"apiVersion":"v2","requestResource":{"@type":"type.googleapis.com/google.cloud.functions.v2.Function","name":"projects/aip-v1-3f57c/locations/us-central1/functions/kycAttest","buildConfig":{"runtime":"nodejs20","entryPoint":"kycAttest","source":{"storageSource":{"bucket":"gcf-v2-sources-171234470705-us-central1","object":"kycAttest/function-source.zip","generation":"1783628914433039"}},"environmentVariables":{"GOOGLE_NODE_RUN_SCRIPTS":""},"sourceToken":"Cldwcm9qZWN0cy8xNzEyMzQ0NzA3MDUvbG9jYXRpb25zL3VzLWNlbnRyYWwxL2J1aWxkcy85OWZiNjA2YS1lY2Q1LTQ1NzktOWM5Mi04OWEzZGFiNmVjMmEScHVzLWNlbnRyYWwxLWRvY2tlci5wa2cuZGV2L2FpcC12MS0zZjU3Yy9nY2YtYXJ0aWZhY3RzL2FpcC0tdjEtLTNmNTdjX191cy0tY2VudHJhbDFfX2NyZWF0ZV9reWNfc2Vzc2lvbjp2ZXJzaW9uXzEYsdb68v0EIkZwcm9qZWN0cy9haXAtdjEtM2Y1N2MvbG9jYXRpb25zL3VzLWNlbnRyYWwxL2Z1bmN0aW9ucy9jcmVhdGVLeWNTZXNzaW9uKgwI6YjA0gYQgNPpsgEyCG5vZGVqczIwOnYKI2djci5pby9nYWUtcnVudGltZXMvbm9kZWpzMjA6c3RhYmxlEk91cy1jZW50cmFsMS1kb2NrZXIucGtnLmRldi9zZXJ2ZXJsZXNzLXJ1bnRpbWVzL2dvb2dsZS0yMi1mdWxsL3J1bnRpbWVzL25vZGVqczIwQAE=","serviceAccount":"projects/aip-v1-3f57c/serviceAccounts/171234470705-compute@developer.gserviceaccount.com","automaticUpdatePolicy":{}},"serviceConfig":{"service":"projects/aip-v1-3f57c/locations/us-central1/services/kycattest","timeoutSeconds":60,"environmentVariables":{"SENDGRID_WEBHOOK_KEY":"tu_clave_secreta_aqui","META_WEBHOOK_VERIFY_TOKEN":"tu_token_de_verificacion","META_WHATSAPP_ACCESS_TOKEN":"tu_access_token_de_meta","FIREBASE_CONFIG":"{\"projectId\":\"aip-v1-3f57c\",\"storageBucket\":\"aip-v1-3f57c.firebasestorage.app\"}","GCLOUD_PROJECT":"aip-v1-3f57c","EVENTARC_CLOUD_EVENT_SOURCE":"projects/aip-v1-3f57c/locations/us-central1/services/kycAttest","FUNCTION_TARGET":"kycAttest","LOG_EXECUTION_ID":"true","FUNCTION_SIGNATURE_TYPE":"http"},"ingressSettings":"ALLOW_ALL","serviceAccountEmail":"171234470705-compute@developer.gserviceaccount.com","minInstanceCount":1,"availableMemory":"256Mi","maxInstanceRequestConcurrency":80,"availableCpu":"1"},"labels":{"deployment-tool":"cli-firebase","deployment-callable":"true","firebase-functions-hash":"1fef5414712d901cd2c8056debfc465a0058a8e3"},"environment":"GEN_2"},"stages":[{"name":"BUILD","message":"Reusing build","state":"COMPLETE","resource":"projects/171234470705/locations/us-central1/builds/99fb606a-ecd5-4579-9c92-89a3dab6ec2a","stateMessages":[{"severity":"WARNING","type":"BuildAnalysisWarning","message":"Node.js 20 is no longer supported by the Node.js community as of 30 April, 2026. Runtime nodejs20 is currently deprecated for Cloud Functions. We recommend you to upgrade to the latest version of Node.js as soon as possible."}]},{"name":"SERVICE","message":"Creating Cloud Run service","state":"IN_PROGRESS","resource":"projects/aip-v1-3f57c/locations/us-central1/services/kycattest","resourceUri":"https://console.cloud.google.com/run/detail/us-central1/kycattest?project=aip-v1-3f57c"}],"sourceToken":"Cldwcm9qZWN0cy8xNzEyMzQ0NzA3MDUvbG9jYXRpb25zL3VzLWNlbnRyYWwxL2J1aWxkcy85OWZiNjA2YS1lY2Q1LTQ1NzktOWM5Mi04OWEzZGFiNmVjMmEScHVzLWNlbnRyYWwxLWRvY2tlci5wa2cuZGV2L2FpcC12MS0zZjU3Yy9nY2YtYXJ0aWZhY3RzL2FpcC0tdjEtLTNmNTdjX191cy0tY2VudHJhbDFfX2NyZWF0ZV9reWNfc2Vzc2lvbjp2ZXJzaW9uXzEYsdb68v0EIkZwcm9qZWN0cy9haXAtdjEtM2Y1N2MvbG9jYXRpb25zL3VzLWNlbnRyYWwxL2Z1bmN0aW9ucy9jcmVhdGVLeWNTZXNzaW9uKgwI6YjA0gYQgNPpsgEyCG5vZGVqczIwOnYKI2djci5pby9nYWUtcnVudGltZXMvbm9kZWpzMjA6c3RhYmxlEk91cy1jZW50cmFsMS1kb2NrZXIucGtnLmRldi9zZXJ2ZXJsZXNzLXJ1bnRpbWVzL2dvb2dsZS0yMi1mdWxsL3J1bnRpbWVzL25vZGVqczIwQAE=","operationType":"CREATE_FUNCTION","buildName":"projects/171234470705/locations/us-central1/builds/99fb606a-ecd5-4579-9c92-89a3dab6ec2a"},"done":false}
[debug] [2026-07-09T20:28:40.876Z] Got source token Cldwcm9qZWN0cy8xNzEyMzQ0NzA3MDUvbG9jYXRpb25zL3VzLWNlbnRyYWwxL2J1aWxkcy85OWZiNjA2YS1lY2Q1LTQ1NzktOWM5Mi04OWEzZGFiNmVjMmEScHVzLWNlbnRyYWwxLWRvY2tlci5wa2cuZGV2L2FpcC12MS0zZjU3Yy9nY2YtYXJ0aWZhY3RzL2FpcC0tdjEtLTNmNTdjX191cy0tY2VudHJhbDFfX2NyZWF0ZV9reWNfc2Vzc2lvbjp2ZXJzaW9uXzEYsdb68v0EIkZwcm9qZWN0cy9haXAtdjEtM2Y1N2MvbG9jYXRpb25zL3VzLWNlbnRyYWwxL2Z1bmN0aW9ucy9jcmVhdGVLeWNTZXNzaW9uKgwI6YjA0gYQgNPpsgEyCG5vZGVqczIwOnYKI2djci5pby9nYWUtcnVudGltZXMvbm9kZWpzMjA6c3RhYmxlEk91cy1jZW50cmFsMS1kb2NrZXIucGtnLmRldi9zZXJ2ZXJsZXNzLXJ1bnRpbWVzL2dvb2dsZS0yMi1mdWxsL3J1bnRpbWVzL25vZGVqczIwQAE= for region us-central1
[debug] [2026-07-09T20:28:40.941Z] <<< [apiv2][status] GET https://cloudfunctions.googleapis.com/v2/projects/aip-v1-3f57c/locations/us-central1/operations/operation-1783628914018-6563377d4c8eb-6b849440-9fbe7d40 200
[debug] [2026-07-09T20:28:40.941Z] <<< [apiv2][body] GET https://cloudfunctions.googleapis.com/v2/projects/aip-v1-3f57c/locations/us-central1/operations/operation-1783628914018-6563377d4c8eb-6b849440-9fbe7d40 {"name":"projects/aip-v1-3f57c/locations/us-central1/operations/operation-1783628914018-6563377d4c8eb-6b849440-9fbe7d40","metadata":{"@type":"type.googleapis.com/google.cloud.functions.v2.OperationMetadata","createTime":"2026-07-09T20:28:34.567203868Z","target":"projects/aip-v1-3f57c/locations/us-central1/functions/kycInit","verb":"create","cancelRequested":false,"apiVersion":"v2","requestResource":{"@type":"type.googleapis.com/google.cloud.functions.v2.Function","name":"projects/aip-v1-3f57c/locations/us-central1/functions/kycInit","buildConfig":{"runtime":"nodejs20","entryPoint":"kycInit","source":{"storageSource":{"bucket":"gcf-v2-sources-171234470705-us-central1","object":"kycInit/function-source.zip","generation":"1783628914313622"}},"environmentVariables":{"GOOGLE_NODE_RUN_SCRIPTS":""},"sourceToken":"Cldwcm9qZWN0cy8xNzEyMzQ0NzA3MDUvbG9jYXRpb25zL3VzLWNlbnRyYWwxL2J1aWxkcy85OWZiNjA2YS1lY2Q1LTQ1NzktOWM5Mi04OWEzZGFiNmVjMmEScHVzLWNlbnRyYWwxLWRvY2tlci5wa2cuZGV2L2FpcC12MS0zZjU3Yy9nY2YtYXJ0aWZhY3RzL2FpcC0tdjEtLTNmNTdjX191cy0tY2VudHJhbDFfX2NyZWF0ZV9reWNfc2Vzc2lvbjp2ZXJzaW9uXzEYsdb68v0EIkZwcm9qZWN0cy9haXAtdjEtM2Y1N2MvbG9jYXRpb25zL3VzLWNlbnRyYWwxL2Z1bmN0aW9ucy9jcmVhdGVLeWNTZXNzaW9uKgwI6YjA0gYQgNPpsgEyCG5vZGVqczIwOnYKI2djci5pby9nYWUtcnVudGltZXMvbm9kZWpzMjA6c3RhYmxlEk91cy1jZW50cmFsMS1kb2NrZXIucGtnLmRldi9zZXJ2ZXJsZXNzLXJ1bnRpbWVzL2dvb2dsZS0yMi1mdWxsL3J1bnRpbWVzL25vZGVqczIwQAE=","serviceAccount":"projects/aip-v1-3f57c/serviceAccounts/171234470705-compute@developer.gserviceaccount.com","automaticUpdatePolicy":{}},"serviceConfig":{"service":"projects/aip-v1-3f57c/locations/us-central1/services/kycinit","timeoutSeconds":60,"environmentVariables":{"SENDGRID_WEBHOOK_KEY":"tu_clave_secreta_aqui","META_WEBHOOK_VERIFY_TOKEN":"tu_token_de_verificacion","META_WHATSAPP_ACCESS_TOKEN":"tu_access_token_de_meta","FIREBASE_CONFIG":"{\"projectId\":\"aip-v1-3f57c\",\"storageBucket\":\"aip-v1-3f57c.firebasestorage.app\"}","GCLOUD_PROJECT":"aip-v1-3f57c","EVENTARC_CLOUD_EVENT_SOURCE":"projects/aip-v1-3f57c/locations/us-central1/services/kycInit","FUNCTION_TARGET":"kycInit","LOG_EXECUTION_ID":"true","FUNCTION_SIGNATURE_TYPE":"http"},"ingressSettings":"ALLOW_ALL","serviceAccountEmail":"171234470705-compute@developer.gserviceaccount.com","minInstanceCount":1,"availableMemory":"256Mi","maxInstanceRequestConcurrency":80,"availableCpu":"1"},"labels":{"deployment-tool":"cli-firebase","deployment-callable":"true","firebase-functions-hash":"1fef5414712d901cd2c8056debfc465a0058a8e3"},"environment":"GEN_2"},"stages":[{"name":"BUILD","message":"Reusing build","state":"COMPLETE","resource":"projects/171234470705/locations/us-central1/builds/99fb606a-ecd5-4579-9c92-89a3dab6ec2a","stateMessages":[{"severity":"WARNING","type":"BuildAnalysisWarning","message":"Node.js 20 is no longer supported by the Node.js community as of 30 April, 2026. Runtime nodejs20 is currently deprecated for Cloud Functions. We recommend you to upgrade to the latest version of Node.js as soon as possible."}]},{"name":"SERVICE","message":"Creating Cloud Run service","state":"IN_PROGRESS","resource":"projects/aip-v1-3f57c/locations/us-central1/services/kycinit","resourceUri":"https://console.cloud.google.com/run/detail/us-central1/kycinit?project=aip-v1-3f57c"}],"sourceToken":"Cldwcm9qZWN0cy8xNzEyMzQ0NzA3MDUvbG9jYXRpb25zL3VzLWNlbnRyYWwxL2J1aWxkcy85OWZiNjA2YS1lY2Q1LTQ1NzktOWM5Mi04OWEzZGFiNmVjMmEScHVzLWNlbnRyYWwxLWRvY2tlci5wa2cuZGV2L2FpcC12MS0zZjU3Yy9nY2YtYXJ0aWZhY3RzL2FpcC0tdjEtLTNmNTdjX191cy0tY2VudHJhbDFfX2NyZWF0ZV9reWNfc2Vzc2lvbjp2ZXJzaW9uXzEYsdb68v0EIkZwcm9qZWN0cy9haXAtdjEtM2Y1N2MvbG9jYXRpb25zL3VzLWNlbnRyYWwxL2Z1bmN0aW9ucy9jcmVhdGVLeWNTZXNzaW9uKgwI6YjA0gYQgNPpsgEyCG5vZGVqczIwOnYKI2djci5pby9nYWUtcnVudGltZXMvbm9kZWpzMjA6c3RhYmxlEk91cy1jZW50cmFsMS1kb2NrZXIucGtnLmRldi9zZXJ2ZXJsZXNzLXJ1bnRpbWVzL2dvb2dsZS0yMi1mdWxsL3J1bnRpbWVzL25vZGVqczIwQAE=","operationType":"CREATE_FUNCTION","buildName":"projects/171234470705/locations/us-central1/builds/99fb606a-ecd5-4579-9c92-89a3dab6ec2a"},"done":false}
[debug] [2026-07-09T20:28:40.942Z] Got source token Cldwcm9qZWN0cy8xNzEyMzQ0NzA3MDUvbG9jYXRpb25zL3VzLWNlbnRyYWwxL2J1aWxkcy85OWZiNjA2YS1lY2Q1LTQ1NzktOWM5Mi04OWEzZGFiNmVjMmEScHVzLWNlbnRyYWwxLWRvY2tlci5wa2cuZGV2L2FpcC12MS0zZjU3Yy9nY2YtYXJ0aWZhY3RzL2FpcC0tdjEtLTNmNTdjX191cy0tY2VudHJhbDFfX2NyZWF0ZV9reWNfc2Vzc2lvbjp2ZXJzaW9uXzEYsdb68v0EIkZwcm9qZWN0cy9haXAtdjEtM2Y1N2MvbG9jYXRpb25zL3VzLWNlbnRyYWwxL2Z1bmN0aW9ucy9jcmVhdGVLeWNTZXNzaW9uKgwI6YjA0gYQgNPpsgEyCG5vZGVqczIwOnYKI2djci5pby9nYWUtcnVudGltZXMvbm9kZWpzMjA6c3RhYmxlEk91cy1jZW50cmFsMS1kb2NrZXIucGtnLmRldi9zZXJ2ZXJsZXNzLXJ1bnRpbWVzL2dvb2dsZS0yMi1mdWxsL3J1bnRpbWVzL25vZGVqczIwQAE= for region us-central1
[debug] [2026-07-09T20:28:41.024Z] <<< [apiv2][status] GET https://cloudfunctions.googleapis.com/v2/projects/aip-v1-3f57c/locations/us-central1/operations/operation-1783628914100-6563377d60afb-8579fa08-9a74316c 200
[debug] [2026-07-09T20:28:41.024Z] <<< [apiv2][body] GET https://cloudfunctions.googleapis.com/v2/projects/aip-v1-3f57c/locations/us-central1/operations/operation-1783628914100-6563377d60afb-8579fa08-9a74316c {"name":"projects/aip-v1-3f57c/locations/us-central1/operations/operation-1783628914100-6563377d60afb-8579fa08-9a74316c","metadata":{"@type":"type.googleapis.com/google.cloud.functions.v2.OperationMetadata","createTime":"2026-07-09T20:28:34.631777195Z","target":"projects/aip-v1-3f57c/locations/us-central1/functions/cleanupKycSessions","verb":"create","cancelRequested":false,"apiVersion":"v2","requestResource":{"@type":"type.googleapis.com/google.cloud.functions.v2.Function","name":"projects/aip-v1-3f57c/locations/us-central1/functions/cleanupKycSessions","buildConfig":{"runtime":"nodejs20","entryPoint":"cleanupKycSessions","source":{"storageSource":{"bucket":"gcf-v2-sources-171234470705-us-central1","object":"cleanupKycSessions/function-source.zip","generation":"1783628914390941"}},"environmentVariables":{"GOOGLE_NODE_RUN_SCRIPTS":""},"sourceToken":"Cldwcm9qZWN0cy8xNzEyMzQ0NzA3MDUvbG9jYXRpb25zL3VzLWNlbnRyYWwxL2J1aWxkcy85OWZiNjA2YS1lY2Q1LTQ1NzktOWM5Mi04OWEzZGFiNmVjMmEScHVzLWNlbnRyYWwxLWRvY2tlci5wa2cuZGV2L2FpcC12MS0zZjU3Yy9nY2YtYXJ0aWZhY3RzL2FpcC0tdjEtLTNmNTdjX191cy0tY2VudHJhbDFfX2NyZWF0ZV9reWNfc2Vzc2lvbjp2ZXJzaW9uXzEYsdb68v0EIkZwcm9qZWN0cy9haXAtdjEtM2Y1N2MvbG9jYXRpb25zL3VzLWNlbnRyYWwxL2Z1bmN0aW9ucy9jcmVhdGVLeWNTZXNzaW9uKgwI6YjA0gYQgNPpsgEyCG5vZGVqczIwOnYKI2djci5pby9nYWUtcnVudGltZXMvbm9kZWpzMjA6c3RhYmxlEk91cy1jZW50cmFsMS1kb2NrZXIucGtnLmRldi9zZXJ2ZXJsZXNzLXJ1bnRpbWVzL2dvb2dsZS0yMi1mdWxsL3J1bnRpbWVzL25vZGVqczIwQAE=","serviceAccount":"projects/aip-v1-3f57c/serviceAccounts/171234470705-compute@developer.gserviceaccount.com","automaticUpdatePolicy":{}},"serviceConfig":{"service":"projects/aip-v1-3f57c/locations/us-central1/services/cleanupkycsessions","timeoutSeconds":60,"environmentVariables":{"SENDGRID_WEBHOOK_KEY":"tu_clave_secreta_aqui","META_WEBHOOK_VERIFY_TOKEN":"tu_token_de_verificacion","META_WHATSAPP_ACCESS_TOKEN":"tu_access_token_de_meta","FIREBASE_CONFIG":"{\"projectId\":\"aip-v1-3f57c\",\"storageBucket\":\"aip-v1-3f57c.firebasestorage.app\"}","GCLOUD_PROJECT":"aip-v1-3f57c","EVENTARC_CLOUD_EVENT_SOURCE":"projects/aip-v1-3f57c/locations/us-central1/services/cleanupKycSessions","FUNCTION_TARGET":"cleanupKycSessions","LOG_EXECUTION_ID":"true","FUNCTION_SIGNATURE_TYPE":"http"},"ingressSettings":"ALLOW_ALL","serviceAccountEmail":"171234470705-compute@developer.gserviceaccount.com","availableMemory":"256Mi","maxInstanceRequestConcurrency":80,"availableCpu":"1"},"labels":{"deployment-tool":"cli-firebase","deployment-scheduled":"true","firebase-functions-hash":"1fef5414712d901cd2c8056debfc465a0058a8e3"},"environment":"GEN_2"},"stages":[{"name":"BUILD","message":"Reusing build","state":"COMPLETE","resource":"projects/171234470705/locations/us-central1/builds/99fb606a-ecd5-4579-9c92-89a3dab6ec2a","stateMessages":[{"severity":"WARNING","type":"BuildAnalysisWarning","message":"Node.js 20 is no longer supported by the Node.js community as of 30 April, 2026. Runtime nodejs20 is currently deprecated for Cloud Functions. We recommend you to upgrade to the latest version of Node.js as soon as possible."}]},{"name":"SERVICE","message":"Creating Cloud Run service","state":"IN_PROGRESS","resource":"projects/aip-v1-3f57c/locations/us-central1/services/cleanupkycsessions","resourceUri":"https://console.cloud.google.com/run/detail/us-central1/cleanupkycsessions?project=aip-v1-3f57c"}],"sourceToken":"Cldwcm9qZWN0cy8xNzEyMzQ0NzA3MDUvbG9jYXRpb25zL3VzLWNlbnRyYWwxL2J1aWxkcy85OWZiNjA2YS1lY2Q1LTQ1NzktOWM5Mi04OWEzZGFiNmVjMmEScHVzLWNlbnRyYWwxLWRvY2tlci5wa2cuZGV2L2FpcC12MS0zZjU3Yy9nY2YtYXJ0aWZhY3RzL2FpcC0tdjEtLTNmNTdjX191cy0tY2VudHJhbDFfX2NyZWF0ZV9reWNfc2Vzc2lvbjp2ZXJzaW9uXzEYsdb68v0EIkZwcm9qZWN0cy9haXAtdjEtM2Y1N2MvbG9jYXRpb25zL3VzLWNlbnRyYWwxL2Z1bmN0aW9ucy9jcmVhdGVLeWNTZXNzaW9uKgwI6YjA0gYQgNPpsgEyCG5vZGVqczIwOnYKI2djci5pby9nYWUtcnVudGltZXMvbm9kZWpzMjA6c3RhYmxlEk91cy1jZW50cmFsMS1kb2NrZXIucGtnLmRldi9zZXJ2ZXJsZXNzLXJ1bnRpbWVzL2dvb2dsZS0yMi1mdWxsL3J1bnRpbWVzL25vZGVqczIwQAE=","operationType":"CREATE_FUNCTION","buildName":"projects/171234470705/locations/us-central1/builds/99fb606a-ecd5-4579-9c92-89a3dab6ec2a"},"done":false}
[debug] [2026-07-09T20:28:41.025Z] Got source token Cldwcm9qZWN0cy8xNzEyMzQ0NzA3MDUvbG9jYXRpb25zL3VzLWNlbnRyYWwxL2J1aWxkcy85OWZiNjA2YS1lY2Q1LTQ1NzktOWM5Mi04OWEzZGFiNmVjMmEScHVzLWNlbnRyYWwxLWRvY2tlci5wa2cuZGV2L2FpcC12MS0zZjU3Yy9nY2YtYXJ0aWZhY3RzL2FpcC0tdjEtLTNmNTdjX191cy0tY2VudHJhbDFfX2NyZWF0ZV9reWNfc2Vzc2lvbjp2ZXJzaW9uXzEYsdb68v0EIkZwcm9qZWN0cy9haXAtdjEtM2Y1N2MvbG9jYXRpb25zL3VzLWNlbnRyYWwxL2Z1bmN0aW9ucy9jcmVhdGVLeWNTZXNzaW9uKgwI6YjA0gYQgNPpsgEyCG5vZGVqczIwOnYKI2djci5pby9nYWUtcnVudGltZXMvbm9kZWpzMjA6c3RhYmxlEk91cy1jZW50cmFsMS1kb2NrZXIucGtnLmRldi9zZXJ2ZXJsZXNzLXJ1bnRpbWVzL2dvb2dsZS0yMi1mdWxsL3J1bnRpbWVzL25vZGVqczIwQAE= for region us-central1
[debug] [2026-07-09T20:28:41.086Z] <<< [apiv2][status] GET https://cloudfunctions.googleapis.com/v2/projects/aip-v1-3f57c/locations/us-central1/operations/operation-1783628914098-6563377d601a9-b653705f-6a01750a 200
[debug] [2026-07-09T20:28:41.086Z] <<< [apiv2][body] GET https://cloudfunctions.googleapis.com/v2/projects/aip-v1-3f57c/locations/us-central1/operations/operation-1783628914098-6563377d601a9-b653705f-6a01750a {"name":"projects/aip-v1-3f57c/locations/us-central1/operations/operation-1783628914098-6563377d601a9-b653705f-6a01750a","metadata":{"@type":"type.googleapis.com/google.cloud.functions.v2.OperationMetadata","createTime":"2026-07-09T20:28:35.149391903Z","target":"projects/aip-v1-3f57c/locations/us-central1/functions/whatsappWebhook","verb":"update","cancelRequested":false,"apiVersion":"v2","requestResource":{"@type":"type.googleapis.com/google.cloud.functions.v2.Function","name":"projects/aip-v1-3f57c/locations/us-central1/functions/whatsappWebhook","buildConfig":{"runtime":"nodejs20","entryPoint":"whatsappWebhook","source":{"storageSource":{"bucket":"gcf-v2-sources-171234470705-us-central1","object":"whatsappWebhook/function-source.zip","generation":"1783628915101390"}},"environmentVariables":{"GOOGLE_NODE_RUN_SCRIPTS":""},"dockerRepository":"projects/aip-v1-3f57c/locations/us-central1/repositories/gcf-artifacts","sourceProvenance":{"resolvedStorageSource":{"bucket":"gcf-v2-sources-171234470705-us-central1","object":"whatsappWebhook/function-source.zip","generation":"1782942754866357"}},"dockerRegistry":"ARTIFACT_REGISTRY","sourceToken":"Cldwcm9qZWN0cy8xNzEyMzQ0NzA3MDUvbG9jYXRpb25zL3VzLWNlbnRyYWwxL2J1aWxkcy85OWZiNjA2YS1lY2Q1LTQ1NzktOWM5Mi04OWEzZGFiNmVjMmEScHVzLWNlbnRyYWwxLWRvY2tlci5wa2cuZGV2L2FpcC12MS0zZjU3Yy9nY2YtYXJ0aWZhY3RzL2FpcC0tdjEtLTNmNTdjX191cy0tY2VudHJhbDFfX2NyZWF0ZV9reWNfc2Vzc2lvbjp2ZXJzaW9uXzEYsdb68v0EIkZwcm9qZWN0cy9haXAtdjEtM2Y1N2MvbG9jYXRpb25zL3VzLWNlbnRyYWwxL2Z1bmN0aW9ucy9jcmVhdGVLeWNTZXNzaW9uKgwI6YjA0gYQgNPpsgEyCG5vZGVqczIwOnYKI2djci5pby9nYWUtcnVudGltZXMvbm9kZWpzMjA6c3RhYmxlEk91cy1jZW50cmFsMS1kb2NrZXIucGtnLmRldi9zZXJ2ZXJsZXNzLXJ1bnRpbWVzL2dvb2dsZS0yMi1mdWxsL3J1bnRpbWVzL25vZGVqczIwQAE=","serviceAccount":"projects/aip-v1-3f57c/serviceAccounts/171234470705-compute@developer.gserviceaccount.com","automaticUpdatePolicy":{}},"serviceConfig":{"service":"projects/aip-v1-3f57c/locations/us-central1/services/whatsappwebhook","timeoutSeconds":60,"environmentVariables":{"SENDGRID_WEBHOOK_KEY":"tu_clave_secreta_aqui","META_WEBHOOK_VERIFY_TOKEN":"tu_token_de_verificacion","META_WHATSAPP_ACCESS_TOKEN":"tu_access_token_de_meta","FIREBASE_CONFIG":"{\"projectId\":\"aip-v1-3f57c\",\"storageBucket\":\"aip-v1-3f57c.firebasestorage.app\"}","GCLOUD_PROJECT":"aip-v1-3f57c","EVENTARC_CLOUD_EVENT_SOURCE":"projects/aip-v1-3f57c/locations/us-central1/services/whatsappWebhook","FUNCTION_TARGET":"whatsappWebhook","LOG_EXECUTION_ID":"true","FUNCTION_SIGNATURE_TYPE":"http"},"maxInstanceCount":5,"ingressSettings":"ALLOW_ALL","uri":"https://whatsappwebhook-xo4zljy57a-uc.a.run.app","serviceAccountEmail":"171234470705-compute@developer.gserviceaccount.com","availableMemory":"256Mi","allTrafficOnLatestRevision":true,"revision":"whatsappwebhook-00006-wef","maxInstanceRequestConcurrency":80,"availableCpu":"1"},"state":"ACTIVE","labels":{"deployment-tool":"cloud-console","firebase-functions-hash":"1fef5414712d901cd2c8056debfc465a0058a8e3"},"environment":"GEN_2","url":"https://us-central1-aip-v1-3f57c.cloudfunctions.net/whatsappWebhook","satisfiesPzi":true},"stages":[{"name":"BUILD","message":"Reusing build","state":"COMPLETE","resource":"projects/171234470705/locations/us-central1/builds/99fb606a-ecd5-4579-9c92-89a3dab6ec2a","stateMessages":[{"severity":"WARNING","type":"BuildAnalysisWarning","message":"Node.js 20 is no longer supported by the Node.js community as of 30 April, 2026. Runtime nodejs20 is currently deprecated for Cloud Functions. We recommend you to upgrade to the latest version of Node.js as soon as possible."}]},{"name":"SERVICE","message":"Updating Cloud Run service","state":"IN_PROGRESS","resource":"projects/aip-v1-3f57c/locations/us-central1/services/whatsappwebhook","resourceUri":"https://console.cloud.google.com/run/detail/us-central1/whatsappwebhook?project=aip-v1-3f57c","stateMessages":[{"severity":"INFO","type":"CloudRunServiceNewRevisionTrafficInfo","message":"A new revision will be deployed serving with 100% traffic."}]}],"sourceToken":"Cldwcm9qZWN0cy8xNzEyMzQ0NzA3MDUvbG9jYXRpb25zL3VzLWNlbnRyYWwxL2J1aWxkcy85OWZiNjA2YS1lY2Q1LTQ1NzktOWM5Mi04OWEzZGFiNmVjMmEScHVzLWNlbnRyYWwxLWRvY2tlci5wa2cuZGV2L2FpcC12MS0zZjU3Yy9nY2YtYXJ0aWZhY3RzL2FpcC0tdjEtLTNmNTdjX191cy0tY2VudHJhbDFfX2NyZWF0ZV9reWNfc2Vzc2lvbjp2ZXJzaW9uXzEYsdb68v0EIkZwcm9qZWN0cy9haXAtdjEtM2Y1N2MvbG9jYXRpb25zL3VzLWNlbnRyYWwxL2Z1bmN0aW9ucy9jcmVhdGVLeWNTZXNzaW9uKgwI6YjA0gYQgNPpsgEyCG5vZGVqczIwOnYKI2djci5pby9nYWUtcnVudGltZXMvbm9kZWpzMjA6c3RhYmxlEk91cy1jZW50cmFsMS1kb2NrZXIucGtnLmRldi9zZXJ2ZXJsZXNzLXJ1bnRpbWVzL2dvb2dsZS0yMi1mdWxsL3J1bnRpbWVzL25vZGVqczIwQAE=","operationType":"UPDATE_FUNCTION","buildName":"projects/171234470705/locations/us-central1/builds/99fb606a-ecd5-4579-9c92-89a3dab6ec2a"},"done":false}
[debug] [2026-07-09T20:28:41.086Z] Got source token Cldwcm9qZWN0cy8xNzEyMzQ0NzA3MDUvbG9jYXRpb25zL3VzLWNlbnRyYWwxL2J1aWxkcy85OWZiNjA2YS1lY2Q1LTQ1NzktOWM5Mi04OWEzZGFiNmVjMmEScHVzLWNlbnRyYWwxLWRvY2tlci5wa2cuZGV2L2FpcC12MS0zZjU3Yy9nY2YtYXJ0aWZhY3RzL2FpcC0tdjEtLTNmNTdjX191cy0tY2VudHJhbDFfX2NyZWF0ZV9reWNfc2Vzc2lvbjp2ZXJzaW9uXzEYsdb68v0EIkZwcm9qZWN0cy9haXAtdjEtM2Y1N2MvbG9jYXRpb25zL3VzLWNlbnRyYWwxL2Z1bmN0aW9ucy9jcmVhdGVLeWNTZXNzaW9uKgwI6YjA0gYQgNPpsgEyCG5vZGVqczIwOnYKI2djci5pby9nYWUtcnVudGltZXMvbm9kZWpzMjA6c3RhYmxlEk91cy1jZW50cmFsMS1kb2NrZXIucGtnLmRldi9zZXJ2ZXJsZXNzLXJ1bnRpbWVzL2dvb2dsZS0yMi1mdWxsL3J1bnRpbWVzL25vZGVqczIwQAE= for region us-central1
[debug] [2026-07-09T20:28:41.289Z] <<< [apiv2][status] GET https://cloudfunctions.googleapis.com/v2/projects/aip-v1-3f57c/locations/us-central1/operations/operation-1783628914097-6563377d5fc27-af76b00d-192497a6 200
[debug] [2026-07-09T20:28:41.289Z] <<< [apiv2][body] GET https://cloudfunctions.googleapis.com/v2/projects/aip-v1-3f57c/locations/us-central1/operations/operation-1783628914097-6563377d5fc27-af76b00d-192497a6 {"name":"projects/aip-v1-3f57c/locations/us-central1/operations/operation-1783628914097-6563377d5fc27-af76b00d-192497a6","metadata":{"@type":"type.googleapis.com/google.cloud.functions.v2.OperationMetadata","createTime":"2026-07-09T20:28:35.189410325Z","target":"projects/aip-v1-3f57c/locations/us-central1/functions/emailWebhook","verb":"update","cancelRequested":false,"apiVersion":"v2","requestResource":{"@type":"type.googleapis.com/google.cloud.functions.v2.Function","name":"projects/aip-v1-3f57c/locations/us-central1/functions/emailWebhook","buildConfig":{"runtime":"nodejs20","entryPoint":"emailWebhook","source":{"storageSource":{"bucket":"gcf-v2-sources-171234470705-us-central1","object":"emailWebhook/function-source.zip","generation":"1783628915127904"}},"environmentVariables":{"GOOGLE_NODE_RUN_SCRIPTS":""},"dockerRepository":"projects/aip-v1-3f57c/locations/us-central1/repositories/gcf-artifacts","sourceProvenance":{"resolvedStorageSource":{"bucket":"gcf-v2-sources-171234470705-us-central1","object":"emailWebhook/function-source.zip","generation":"1782986803824652"}},"dockerRegistry":"ARTIFACT_REGISTRY","sourceToken":"Cldwcm9qZWN0cy8xNzEyMzQ0NzA3MDUvbG9jYXRpb25zL3VzLWNlbnRyYWwxL2J1aWxkcy85OWZiNjA2YS1lY2Q1LTQ1NzktOWM5Mi04OWEzZGFiNmVjMmEScHVzLWNlbnRyYWwxLWRvY2tlci5wa2cuZGV2L2FpcC12MS0zZjU3Yy9nY2YtYXJ0aWZhY3RzL2FpcC0tdjEtLTNmNTdjX191cy0tY2VudHJhbDFfX2NyZWF0ZV9reWNfc2Vzc2lvbjp2ZXJzaW9uXzEYsdb68v0EIkZwcm9qZWN0cy9haXAtdjEtM2Y1N2MvbG9jYXRpb25zL3VzLWNlbnRyYWwxL2Z1bmN0aW9ucy9jcmVhdGVLeWNTZXNzaW9uKgwI6YjA0gYQgNPpsgEyCG5vZGVqczIwOnYKI2djci5pby9nYWUtcnVudGltZXMvbm9kZWpzMjA6c3RhYmxlEk91cy1jZW50cmFsMS1kb2NrZXIucGtnLmRldi9zZXJ2ZXJsZXNzLXJ1bnRpbWVzL2dvb2dsZS0yMi1mdWxsL3J1bnRpbWVzL25vZGVqczIwQAE=","serviceAccount":"projects/aip-v1-3f57c/serviceAccounts/171234470705-compute@developer.gserviceaccount.com","automaticUpdatePolicy":{}},"serviceConfig":{"service":"projects/aip-v1-3f57c/locations/us-central1/services/emailwebhook","timeoutSeconds":60,"environmentVariables":{"SENDGRID_WEBHOOK_KEY":"tu_clave_secreta_aqui","META_WEBHOOK_VERIFY_TOKEN":"tu_token_de_verificacion","META_WHATSAPP_ACCESS_TOKEN":"tu_access_token_de_meta","FIREBASE_CONFIG":"{\"projectId\":\"aip-v1-3f57c\",\"storageBucket\":\"aip-v1-3f57c.firebasestorage.app\"}","GCLOUD_PROJECT":"aip-v1-3f57c","EVENTARC_CLOUD_EVENT_SOURCE":"projects/aip-v1-3f57c/locations/us-central1/services/emailWebhook","FUNCTION_TARGET":"emailWebhook","LOG_EXECUTION_ID":"true","FUNCTION_SIGNATURE_TYPE":"http"},"maxInstanceCount":5,"ingressSettings":"ALLOW_ALL","uri":"https://emailwebhook-xo4zljy57a-uc.a.run.app","serviceAccountEmail":"171234470705-compute@developer.gserviceaccount.com","availableMemory":"256Mi","allTrafficOnLatestRevision":true,"revision":"emailwebhook-00007-hox","maxInstanceRequestConcurrency":80,"availableCpu":"1"},"state":"ACTIVE","labels":{"deployment-tool":"cloud-console","firebase-functions-hash":"1fef5414712d901cd2c8056debfc465a0058a8e3"},"environment":"GEN_2","url":"https://us-central1-aip-v1-3f57c.cloudfunctions.net/emailWebhook","satisfiesPzi":true},"stages":[{"name":"BUILD","message":"Reusing build","state":"COMPLETE","resource":"projects/171234470705/locations/us-central1/builds/99fb606a-ecd5-4579-9c92-89a3dab6ec2a","stateMessages":[{"severity":"WARNING","type":"BuildAnalysisWarning","message":"Node.js 20 is no longer supported by the Node.js community as of 30 April, 2026. Runtime nodejs20 is currently deprecated for Cloud Functions. We recommend you to upgrade to the latest version of Node.js as soon as possible."}]},{"name":"SERVICE","message":"Updating Cloud Run service","state":"IN_PROGRESS","resource":"projects/aip-v1-3f57c/locations/us-central1/services/emailwebhook","resourceUri":"https://console.cloud.google.com/run/detail/us-central1/emailwebhook?project=aip-v1-3f57c","stateMessages":[{"severity":"INFO","type":"CloudRunServiceNewRevisionTrafficInfo","message":"A new revision will be deployed serving with 100% traffic."}]}],"sourceToken":"Cldwcm9qZWN0cy8xNzEyMzQ0NzA3MDUvbG9jYXRpb25zL3VzLWNlbnRyYWwxL2J1aWxkcy85OWZiNjA2YS1lY2Q1LTQ1NzktOWM5Mi04OWEzZGFiNmVjMmEScHVzLWNlbnRyYWwxLWRvY2tlci5wa2cuZGV2L2FpcC12MS0zZjU3Yy9nY2YtYXJ0aWZhY3RzL2FpcC0tdjEtLTNmNTdjX191cy0tY2VudHJhbDFfX2NyZWF0ZV9reWNfc2Vzc2lvbjp2ZXJzaW9uXzEYsdb68v0EIkZwcm9qZWN0cy9haXAtdjEtM2Y1N2MvbG9jYXRpb25zL3VzLWNlbnRyYWwxL2Z1bmN0aW9ucy9jcmVhdGVLeWNTZXNzaW9uKgwI6YjA0gYQgNPpsgEyCG5vZGVqczIwOnYKI2djci5pby9nYWUtcnVudGltZXMvbm9kZWpzMjA6c3RhYmxlEk91cy1jZW50cmFsMS1kb2NrZXIucGtnLmRldi9zZXJ2ZXJsZXNzLXJ1bnRpbWVzL2dvb2dsZS0yMi1mdWxsL3J1bnRpbWVzL25vZGVqczIwQAE=","operationType":"UPDATE_FUNCTION","buildName":"projects/171234470705/locations/us-central1/builds/99fb606a-ecd5-4579-9c92-89a3dab6ec2a"},"done":false}
[debug] [2026-07-09T20:28:41.289Z] Got source token Cldwcm9qZWN0cy8xNzEyMzQ0NzA3MDUvbG9jYXRpb25zL3VzLWNlbnRyYWwxL2J1aWxkcy85OWZiNjA2YS1lY2Q1LTQ1NzktOWM5Mi04OWEzZGFiNmVjMmEScHVzLWNlbnRyYWwxLWRvY2tlci5wa2cuZGV2L2FpcC12MS0zZjU3Yy9nY2YtYXJ0aWZhY3RzL2FpcC0tdjEtLTNmNTdjX191cy0tY2VudHJhbDFfX2NyZWF0ZV9reWNfc2Vzc2lvbjp2ZXJzaW9uXzEYsdb68v0EIkZwcm9qZWN0cy9haXAtdjEtM2Y1N2MvbG9jYXRpb25zL3VzLWNlbnRyYWwxL2Z1bmN0aW9ucy9jcmVhdGVLeWNTZXNzaW9uKgwI6YjA0gYQgNPpsgEyCG5vZGVqczIwOnYKI2djci5pby9nYWUtcnVudGltZXMvbm9kZWpzMjA6c3RhYmxlEk91cy1jZW50cmFsMS1kb2NrZXIucGtnLmRldi9zZXJ2ZXJsZXNzLXJ1bnRpbWVzL2dvb2dsZS0yMi1mdWxsL3J1bnRpbWVzL25vZGVqczIwQAE= for region us-central1
[debug] [2026-07-09T20:28:41.878Z] <<< [apiv2][status] GET https://cloudfunctions.googleapis.com/v2/projects/aip-v1-3f57c/locations/us-central1/operations/operation-1783628914114-6563377d64087-27cdf0e2-1ac52cfb 200
[debug] [2026-07-09T20:28:41.878Z] <<< [apiv2][body] GET https://cloudfunctions.googleapis.com/v2/projects/aip-v1-3f57c/locations/us-central1/operations/operation-1783628914114-6563377d64087-27cdf0e2-1ac52cfb {"name":"projects/aip-v1-3f57c/locations/us-central1/operations/operation-1783628914114-6563377d64087-27cdf0e2-1ac52cfb","metadata":{"@type":"type.googleapis.com/google.cloud.functions.v2.OperationMetadata","createTime":"2026-07-09T20:28:35.150237043Z","target":"projects/aip-v1-3f57c/locations/us-central1/functions/executeUserAction","verb":"update","cancelRequested":false,"apiVersion":"v2","requestResource":{"@type":"type.googleapis.com/google.cloud.functions.v2.Function","name":"projects/aip-v1-3f57c/locations/us-central1/functions/executeUserAction","buildConfig":{"runtime":"nodejs20","entryPoint":"executeUserAction","source":{"storageSource":{"bucket":"gcf-v2-sources-171234470705-us-central1","object":"executeUserAction/function-source.zip","generation":"1783628915094628"}},"environmentVariables":{"GOOGLE_NODE_RUN_SCRIPTS":""},"dockerRepository":"projects/aip-v1-3f57c/locations/us-central1/repositories/gcf-artifacts","sourceProvenance":{"resolvedStorageSource":{"bucket":"gcf-v2-sources-171234470705-us-central1","object":"executeUserAction/function-source.zip","generation":"1782942710965334"}},"dockerRegistry":"ARTIFACT_REGISTRY","sourceToken":"Cldwcm9qZWN0cy8xNzEyMzQ0NzA3MDUvbG9jYXRpb25zL3VzLWNlbnRyYWwxL2J1aWxkcy85OWZiNjA2YS1lY2Q1LTQ1NzktOWM5Mi04OWEzZGFiNmVjMmEScHVzLWNlbnRyYWwxLWRvY2tlci5wa2cuZGV2L2FpcC12MS0zZjU3Yy9nY2YtYXJ0aWZhY3RzL2FpcC0tdjEtLTNmNTdjX191cy0tY2VudHJhbDFfX2NyZWF0ZV9reWNfc2Vzc2lvbjp2ZXJzaW9uXzEYsdb68v0EIkZwcm9qZWN0cy9haXAtdjEtM2Y1N2MvbG9jYXRpb25zL3VzLWNlbnRyYWwxL2Z1bmN0aW9ucy9jcmVhdGVLeWNTZXNzaW9uKgwI6YjA0gYQgNPpsgEyCG5vZGVqczIwOnYKI2djci5pby9nYWUtcnVudGltZXMvbm9kZWpzMjA6c3RhYmxlEk91cy1jZW50cmFsMS1kb2NrZXIucGtnLmRldi9zZXJ2ZXJsZXNzLXJ1bnRpbWVzL2dvb2dsZS0yMi1mdWxsL3J1bnRpbWVzL25vZGVqczIwQAE=","serviceAccount":"projects/aip-v1-3f57c/serviceAccounts/171234470705-compute@developer.gserviceaccount.com","automaticUpdatePolicy":{}},"serviceConfig":{"service":"projects/aip-v1-3f57c/locations/us-central1/services/executeuseraction","timeoutSeconds":60,"environmentVariables":{"SENDGRID_WEBHOOK_KEY":"tu_clave_secreta_aqui","META_WEBHOOK_VERIFY_TOKEN":"tu_token_de_verificacion","META_WHATSAPP_ACCESS_TOKEN":"tu_access_token_de_meta","FIREBASE_CONFIG":"{\"projectId\":\"aip-v1-3f57c\",\"storageBucket\":\"aip-v1-3f57c.firebasestorage.app\"}","GCLOUD_PROJECT":"aip-v1-3f57c","EVENTARC_CLOUD_EVENT_SOURCE":"projects/aip-v1-3f57c/locations/us-central1/services/executeUserAction","FUNCTION_TARGET":"executeUserAction","LOG_EXECUTION_ID":"true","FUNCTION_SIGNATURE_TYPE":"http"},"ingressSettings":"ALLOW_ALL","uri":"https://executeuseraction-xo4zljy57a-uc.a.run.app","serviceAccountEmail":"171234470705-compute@developer.gserviceaccount.com","minInstanceCount":1,"availableMemory":"256Mi","allTrafficOnLatestRevision":true,"revision":"executeuseraction-00007-toy","maxInstanceRequestConcurrency":80,"availableCpu":"1"},"state":"ACTIVE","labels":{"deployment-tool":"cloudfunctions","deployment-callable":"true","firebase-functions-hash":"1fef5414712d901cd2c8056debfc465a0058a8e3"},"environment":"GEN_2","url":"https://us-central1-aip-v1-3f57c.cloudfunctions.net/executeUserAction","satisfiesPzi":true},"stages":[{"name":"BUILD","message":"Reusing build","state":"COMPLETE","resource":"projects/171234470705/locations/us-central1/builds/99fb606a-ecd5-4579-9c92-89a3dab6ec2a","stateMessages":[{"severity":"WARNING","type":"BuildAnalysisWarning","message":"Node.js 20 is no longer supported by the Node.js community as of 30 April, 2026. Runtime nodejs20 is currently deprecated for Cloud Functions. We recommend you to upgrade to the latest version of Node.js as soon as possible."}]},{"name":"SERVICE","message":"Updating Cloud Run service","state":"IN_PROGRESS","resource":"projects/aip-v1-3f57c/locations/us-central1/services/executeuseraction","resourceUri":"https://console.cloud.google.com/run/detail/us-central1/executeuseraction?project=aip-v1-3f57c","stateMessages":[{"severity":"INFO","type":"CloudRunServiceNewRevisionTrafficInfo","message":"A new revision will be deployed serving with 100% traffic."}]}],"sourceToken":"Cldwcm9qZWN0cy8xNzEyMzQ0NzA3MDUvbG9jYXRpb25zL3VzLWNlbnRyYWwxL2J1aWxkcy85OWZiNjA2YS1lY2Q1LTQ1NzktOWM5Mi04OWEzZGFiNmVjMmEScHVzLWNlbnRyYWwxLWRvY2tlci5wa2cuZGV2L2FpcC12MS0zZjU3Yy9nY2YtYXJ0aWZhY3RzL2FpcC0tdjEtLTNmNTdjX191cy0tY2VudHJhbDFfX2NyZWF0ZV9reWNfc2Vzc2lvbjp2ZXJzaW9uXzEYsdb68v0EIkZwcm9qZWN0cy9haXAtdjEtM2Y1N2MvbG9jYXRpb25zL3VzLWNlbnRyYWwxL2Z1bmN0aW9ucy9jcmVhdGVLeWNTZXNzaW9uKgwI6YjA0gYQgNPpsgEyCG5vZGVqczIwOnYKI2djci5pby9nYWUtcnVudGltZXMvbm9kZWpzMjA6c3RhYmxlEk91cy1jZW50cmFsMS1kb2NrZXIucGtnLmRldi9zZXJ2ZXJsZXNzLXJ1bnRpbWVzL2dvb2dsZS0yMi1mdWxsL3J1bnRpbWVzL25vZGVqczIwQAE=","operationType":"UPDATE_FUNCTION","buildName":"projects/171234470705/locations/us-central1/builds/99fb606a-ecd5-4579-9c92-89a3dab6ec2a"},"done":false}
[debug] [2026-07-09T20:28:41.878Z] Got source token Cldwcm9qZWN0cy8xNzEyMzQ0NzA3MDUvbG9jYXRpb25zL3VzLWNlbnRyYWwxL2J1aWxkcy85OWZiNjA2YS1lY2Q1LTQ1NzktOWM5Mi04OWEzZGFiNmVjMmEScHVzLWNlbnRyYWwxLWRvY2tlci5wa2cuZGV2L2FpcC12MS0zZjU3Yy9nY2YtYXJ0aWZhY3RzL2FpcC0tdjEtLTNmNTdjX191cy0tY2VudHJhbDFfX2NyZWF0ZV9reWNfc2Vzc2lvbjp2ZXJzaW9uXzEYsdb68v0EIkZwcm9qZWN0cy9haXAtdjEtM2Y1N2MvbG9jYXRpb25zL3VzLWNlbnRyYWwxL2Z1bmN0aW9ucy9jcmVhdGVLeWNTZXNzaW9uKgwI6YjA0gYQgNPpsgEyCG5vZGVqczIwOnYKI2djci5pby9nYWUtcnVudGltZXMvbm9kZWpzMjA6c3RhYmxlEk91cy1jZW50cmFsMS1kb2NrZXIucGtnLmRldi9zZXJ2ZXJsZXNzLXJ1bnRpbWVzL2dvb2dsZS0yMi1mdWxsL3J1bnRpbWVzL25vZGVqczIwQAE= for region us-central1
[debug] [2026-07-09T20:28:42.782Z] [create-default-us-central1-createKycSession] Retrying task index 0
[debug] [2026-07-09T20:28:42.782Z] Checked if tokens are valid: true, expires at: 1783632331561
[debug] [2026-07-09T20:28:42.782Z] Checked if tokens are valid: true, expires at: 1783632331561
[debug] [2026-07-09T20:28:42.783Z] >>> [apiv2][query] GET https://cloudfunctions.googleapis.com/v2/projects/aip-v1-3f57c/locations/us-central1/operations/operation-1783628858750-656337489744c-f239f74d-510dfb74 [none]
[debug] [2026-07-09T20:28:43.895Z] <<< [apiv2][status] GET https://cloudfunctions.googleapis.com/v2/projects/aip-v1-3f57c/locations/us-central1/operations/operation-1783628858750-656337489744c-f239f74d-510dfb74 200
[debug] [2026-07-09T20:28:43.895Z] <<< [apiv2][body] GET https://cloudfunctions.googleapis.com/v2/projects/aip-v1-3f57c/locations/us-central1/operations/operation-1783628858750-656337489744c-f239f74d-510dfb74 {"name":"projects/aip-v1-3f57c/locations/us-central1/operations/operation-1783628858750-656337489744c-f239f74d-510dfb74","metadata":{"@type":"type.googleapis.com/google.cloud.functions.v2.OperationMetadata","createTime":"2026-07-09T20:27:39.464845760Z","target":"projects/aip-v1-3f57c/locations/us-central1/functions/createKycSession","verb":"create","cancelRequested":false,"apiVersion":"v2","requestResource":{"@type":"type.googleapis.com/google.cloud.functions.v2.Function","name":"projects/aip-v1-3f57c/locations/us-central1/functions/createKycSession","buildConfig":{"runtime":"nodejs20","entryPoint":"createKycSession","source":{"storageSource":{"bucket":"gcf-v2-sources-171234470705-us-central1","object":"createKycSession/function-source.zip","generation":"1783628859061477"}},"environmentVariables":{"GOOGLE_NODE_RUN_SCRIPTS":""},"serviceAccount":"projects/aip-v1-3f57c/serviceAccounts/171234470705-compute@developer.gserviceaccount.com","automaticUpdatePolicy":{}},"serviceConfig":{"service":"projects/aip-v1-3f57c/locations/us-central1/services/createkycsession","timeoutSeconds":60,"environmentVariables":{"SENDGRID_WEBHOOK_KEY":"tu_clave_secreta_aqui","META_WEBHOOK_VERIFY_TOKEN":"tu_token_de_verificacion","META_WHATSAPP_ACCESS_TOKEN":"tu_access_token_de_meta","FIREBASE_CONFIG":"{\"projectId\":\"aip-v1-3f57c\",\"storageBucket\":\"aip-v1-3f57c.firebasestorage.app\"}","GCLOUD_PROJECT":"aip-v1-3f57c","EVENTARC_CLOUD_EVENT_SOURCE":"projects/aip-v1-3f57c/locations/us-central1/services/createKycSession","FUNCTION_TARGET":"createKycSession","LOG_EXECUTION_ID":"true"},"ingressSettings":"ALLOW_ALL","serviceAccountEmail":"171234470705-compute@developer.gserviceaccount.com","minInstanceCount":1,"availableMemory":"256Mi","maxInstanceRequestConcurrency":80,"availableCpu":"1"},"labels":{"deployment-tool":"cli-firebase","deployment-callable":"true","firebase-functions-hash":"1fef5414712d901cd2c8056debfc465a0058a8e3"},"environment":"GEN_2"},"stages":[{"name":"BUILD","message":"Build finished","state":"COMPLETE","resource":"projects/171234470705/locations/us-central1/builds/99fb606a-ecd5-4579-9c92-89a3dab6ec2a","resourceUri":"https://console.cloud.google.com/cloud-build/builds;region=us-central1/99fb606a-ecd5-4579-9c92-89a3dab6ec2a?project=171234470705"},{"name":"SERVICE","message":"Creating Cloud Run service","state":"IN_PROGRESS","resource":"projects/aip-v1-3f57c/locations/us-central1/services/createkycsession","resourceUri":"https://console.cloud.google.com/run/detail/us-central1/createkycsession?project=aip-v1-3f57c"}],"sourceToken":"Cldwcm9qZWN0cy8xNzEyMzQ0NzA3MDUvbG9jYXRpb25zL3VzLWNlbnRyYWwxL2J1aWxkcy85OWZiNjA2YS1lY2Q1LTQ1NzktOWM5Mi04OWEzZGFiNmVjMmEScHVzLWNlbnRyYWwxLWRvY2tlci5wa2cuZGV2L2FpcC12MS0zZjU3Yy9nY2YtYXJ0aWZhY3RzL2FpcC0tdjEtLTNmNTdjX191cy0tY2VudHJhbDFfX2NyZWF0ZV9reWNfc2Vzc2lvbjp2ZXJzaW9uXzEYsdb68v0EIkZwcm9qZWN0cy9haXAtdjEtM2Y1N2MvbG9jYXRpb25zL3VzLWNlbnRyYWwxL2Z1bmN0aW9ucy9jcmVhdGVLeWNTZXNzaW9uKgwI6YjA0gYQgNPpsgEyCG5vZGVqczIwOnYKI2djci5pby9nYWUtcnVudGltZXMvbm9kZWpzMjA6c3RhYmxlEk91cy1jZW50cmFsMS1kb2NrZXIucGtnLmRldi9zZXJ2ZXJsZXNzLXJ1bnRpbWVzL2dvb2dsZS0yMi1mdWxsL3J1bnRpbWVzL25vZGVqczIwQAE=","operationType":"CREATE_FUNCTION","buildName":"projects/171234470705/locations/us-central1/builds/99fb606a-ecd5-4579-9c92-89a3dab6ec2a"},"done":false}
[debug] [2026-07-09T20:28:43.895Z] Got source token Cldwcm9qZWN0cy8xNzEyMzQ0NzA3MDUvbG9jYXRpb25zL3VzLWNlbnRyYWwxL2J1aWxkcy85OWZiNjA2YS1lY2Q1LTQ1NzktOWM5Mi04OWEzZGFiNmVjMmEScHVzLWNlbnRyYWwxLWRvY2tlci5wa2cuZGV2L2FpcC12MS0zZjU3Yy9nY2YtYXJ0aWZhY3RzL2FpcC0tdjEtLTNmNTdjX191cy0tY2VudHJhbDFfX2NyZWF0ZV9reWNfc2Vzc2lvbjp2ZXJzaW9uXzEYsdb68v0EIkZwcm9qZWN0cy9haXAtdjEtM2Y1N2MvbG9jYXRpb25zL3VzLWNlbnRyYWwxL2Z1bmN0aW9ucy9jcmVhdGVLeWNTZXNzaW9uKgwI6YjA0gYQgNPpsgEyCG5vZGVqczIwOnYKI2djci5pby9nYWUtcnVudGltZXMvbm9kZWpzMjA6c3RhYmxlEk91cy1jZW50cmFsMS1kb2NrZXIucGtnLmRldi9zZXJ2ZXJsZXNzLXJ1bnRpbWVzL2dvb2dsZS0yMi1mdWxsL3J1bnRpbWVzL25vZGVqczIwQAE= for region us-central1
[debug] [2026-07-09T20:28:44.895Z] [create-default-us-central1-kycAttest] Retrying task index 0
[debug] [2026-07-09T20:28:44.895Z] Checked if tokens are valid: true, expires at: 1783632331561
[debug] [2026-07-09T20:28:44.895Z] Checked if tokens are valid: true, expires at: 1783632331561
[debug] [2026-07-09T20:28:44.896Z] >>> [apiv2][query] GET https://cloudfunctions.googleapis.com/v2/projects/aip-v1-3f57c/locations/us-central1/operations/operation-1783628914085-6563377d5cef4-21562818-dbe56e97 [none]
[debug] [2026-07-09T20:28:44.942Z] [create-default-us-central1-kycInit] Retrying task index 0
[debug] [2026-07-09T20:28:44.943Z] Checked if tokens are valid: true, expires at: 1783632331561
[debug] [2026-07-09T20:28:44.943Z] Checked if tokens are valid: true, expires at: 1783632331561
[debug] [2026-07-09T20:28:44.943Z] >>> [apiv2][query] GET https://cloudfunctions.googleapis.com/v2/projects/aip-v1-3f57c/locations/us-central1/operations/operation-1783628914018-6563377d4c8eb-6b849440-9fbe7d40 [none]
[debug] [2026-07-09T20:28:45.038Z] [create-default-us-central1-cleanupKycSessions] Retrying task index 0
[debug] [2026-07-09T20:28:45.039Z] Checked if tokens are valid: true, expires at: 1783632331561
[debug] [2026-07-09T20:28:45.039Z] Checked if tokens are valid: true, expires at: 1783632331561
[debug] [2026-07-09T20:28:45.039Z] >>> [apiv2][query] GET https://cloudfunctions.googleapis.com/v2/projects/aip-v1-3f57c/locations/us-central1/operations/operation-1783628914100-6563377d60afb-8579fa08-9a74316c [none]
[debug] [2026-07-09T20:28:45.086Z] [update-default-us-central1-whatsappWebhook] Retrying task index 0
[debug] [2026-07-09T20:28:45.087Z] Checked if tokens are valid: true, expires at: 1783632331561
[debug] [2026-07-09T20:28:45.087Z] Checked if tokens are valid: true, expires at: 1783632331561
[debug] [2026-07-09T20:28:45.087Z] >>> [apiv2][query] GET https://cloudfunctions.googleapis.com/v2/projects/aip-v1-3f57c/locations/us-central1/operations/operation-1783628914098-6563377d601a9-b653705f-6a01750a [none]
[debug] [2026-07-09T20:28:45.293Z] [update-default-us-central1-emailWebhook] Retrying task index 0
[debug] [2026-07-09T20:28:45.294Z] Checked if tokens are valid: true, expires at: 1783632331561
[debug] [2026-07-09T20:28:45.294Z] Checked if tokens are valid: true, expires at: 1783632331561
[debug] [2026-07-09T20:28:45.294Z] >>> [apiv2][query] GET https://cloudfunctions.googleapis.com/v2/projects/aip-v1-3f57c/locations/us-central1/operations/operation-1783628914097-6563377d5fc27-af76b00d-192497a6 [none]
[debug] [2026-07-09T20:28:45.615Z] <<< [apiv2][status] GET https://cloudfunctions.googleapis.com/v2/projects/aip-v1-3f57c/locations/us-central1/operations/operation-1783628914085-6563377d5cef4-21562818-dbe56e97 200
[debug] [2026-07-09T20:28:45.615Z] <<< [apiv2][body] GET https://cloudfunctions.googleapis.com/v2/projects/aip-v1-3f57c/locations/us-central1/operations/operation-1783628914085-6563377d5cef4-21562818-dbe56e97 {"name":"projects/aip-v1-3f57c/locations/us-central1/operations/operation-1783628914085-6563377d5cef4-21562818-dbe56e97","metadata":{"@type":"type.googleapis.com/google.cloud.functions.v2.OperationMetadata","createTime":"2026-07-09T20:28:34.662294655Z","endTime":"2026-07-09T20:28:44.765459558Z","target":"projects/aip-v1-3f57c/locations/us-central1/functions/kycAttest","verb":"create","cancelRequested":false,"apiVersion":"v2","requestResource":{"@type":"type.googleapis.com/google.cloud.functions.v2.Function","name":"projects/aip-v1-3f57c/locations/us-central1/functions/kycAttest","buildConfig":{"runtime":"nodejs20","entryPoint":"kycAttest","source":{"storageSource":{"bucket":"gcf-v2-sources-171234470705-us-central1","object":"kycAttest/function-source.zip","generation":"1783628914433039"}},"environmentVariables":{"GOOGLE_NODE_RUN_SCRIPTS":""},"sourceToken":"Cldwcm9qZWN0cy8xNzEyMzQ0NzA3MDUvbG9jYXRpb25zL3VzLWNlbnRyYWwxL2J1aWxkcy85OWZiNjA2YS1lY2Q1LTQ1NzktOWM5Mi04OWEzZGFiNmVjMmEScHVzLWNlbnRyYWwxLWRvY2tlci5wa2cuZGV2L2FpcC12MS0zZjU3Yy9nY2YtYXJ0aWZhY3RzL2FpcC0tdjEtLTNmNTdjX191cy0tY2VudHJhbDFfX2NyZWF0ZV9reWNfc2Vzc2lvbjp2ZXJzaW9uXzEYsdb68v0EIkZwcm9qZWN0cy9haXAtdjEtM2Y1N2MvbG9jYXRpb25zL3VzLWNlbnRyYWwxL2Z1bmN0aW9ucy9jcmVhdGVLeWNTZXNzaW9uKgwI6YjA0gYQgNPpsgEyCG5vZGVqczIwOnYKI2djci5pby9nYWUtcnVudGltZXMvbm9kZWpzMjA6c3RhYmxlEk91cy1jZW50cmFsMS1kb2NrZXIucGtnLmRldi9zZXJ2ZXJsZXNzLXJ1bnRpbWVzL2dvb2dsZS0yMi1mdWxsL3J1bnRpbWVzL25vZGVqczIwQAE=","serviceAccount":"projects/aip-v1-3f57c/serviceAccounts/171234470705-compute@developer.gserviceaccount.com","automaticUpdatePolicy":{}},"serviceConfig":{"service":"projects/aip-v1-3f57c/locations/us-central1/services/kycattest","timeoutSeconds":60,"environmentVariables":{"SENDGRID_WEBHOOK_KEY":"tu_clave_secreta_aqui","META_WEBHOOK_VERIFY_TOKEN":"tu_token_de_verificacion","META_WHATSAPP_ACCESS_TOKEN":"tu_access_token_de_meta","FIREBASE_CONFIG":"{\"projectId\":\"aip-v1-3f57c\",\"storageBucket\":\"aip-v1-3f57c.firebasestorage.app\"}","GCLOUD_PROJECT":"aip-v1-3f57c","EVENTARC_CLOUD_EVENT_SOURCE":"projects/aip-v1-3f57c/locations/us-central1/services/kycAttest","FUNCTION_TARGET":"kycAttest","LOG_EXECUTION_ID":"true","FUNCTION_SIGNATURE_TYPE":"http"},"ingressSettings":"ALLOW_ALL","serviceAccountEmail":"171234470705-compute@developer.gserviceaccount.com","minInstanceCount":1,"availableMemory":"256Mi","maxInstanceRequestConcurrency":80,"availableCpu":"1"},"labels":{"deployment-tool":"cli-firebase","deployment-callable":"true","firebase-functions-hash":"1fef5414712d901cd2c8056debfc465a0058a8e3"},"environment":"GEN_2"},"stages":[{"name":"BUILD","message":"Reusing build","state":"COMPLETE","resource":"projects/171234470705/locations/us-central1/builds/99fb606a-ecd5-4579-9c92-89a3dab6ec2a","stateMessages":[{"severity":"WARNING","type":"BuildAnalysisWarning","message":"Node.js 20 is no longer supported by the Node.js community as of 30 April, 2026. Runtime nodejs20 is currently deprecated for Cloud Functions. We recommend you to upgrade to the latest version of Node.js as soon as possible."}]},{"name":"SERVICE","message":"Creating Cloud Run service","state":"COMPLETE","resource":"projects/aip-v1-3f57c/locations/us-central1/services/kycattest","resourceUri":"https://console.cloud.google.com/run/detail/us-central1/kycattest?project=aip-v1-3f57c"}],"sourceToken":"Cldwcm9qZWN0cy8xNzEyMzQ0NzA3MDUvbG9jYXRpb25zL3VzLWNlbnRyYWwxL2J1aWxkcy85OWZiNjA2YS1lY2Q1LTQ1NzktOWM5Mi04OWEzZGFiNmVjMmEScHVzLWNlbnRyYWwxLWRvY2tlci5wa2cuZGV2L2FpcC12MS0zZjU3Yy9nY2YtYXJ0aWZhY3RzL2FpcC0tdjEtLTNmNTdjX191cy0tY2VudHJhbDFfX2NyZWF0ZV9reWNfc2Vzc2lvbjp2ZXJzaW9uXzEYsdb68v0EIkZwcm9qZWN0cy9haXAtdjEtM2Y1N2MvbG9jYXRpb25zL3VzLWNlbnRyYWwxL2Z1bmN0aW9ucy9jcmVhdGVLeWNTZXNzaW9uKgwI6YjA0gYQgNPpsgEyCG5vZGVqczIwOnYKI2djci5pby9nYWUtcnVudGltZXMvbm9kZWpzMjA6c3RhYmxlEk91cy1jZW50cmFsMS1kb2NrZXIucGtnLmRldi9zZXJ2ZXJsZXNzLXJ1bnRpbWVzL2dvb2dsZS0yMi1mdWxsL3J1bnRpbWVzL25vZGVqczIwQAE=","operationType":"CREATE_FUNCTION","buildName":"projects/171234470705/locations/us-central1/builds/99fb606a-ecd5-4579-9c92-89a3dab6ec2a"},"done":true,"response":{"@type":"type.googleapis.com/google.cloud.functions.v2.Function","name":"projects/aip-v1-3f57c/locations/us-central1/functions/kycAttest","buildConfig":{"build":"projects/171234470705/locations/us-central1/builds/99fb606a-ecd5-4579-9c92-89a3dab6ec2a","runtime":"nodejs20","entryPoint":"kycAttest","source":{"storageSource":{"bucket":"gcf-v2-sources-171234470705-us-central1","object":"kycAttest/function-source.zip","generation":"1783628914433039"}},"environmentVariables":{"GOOGLE_NODE_RUN_SCRIPTS":""},"dockerRepository":"projects/aip-v1-3f57c/locations/us-central1/repositories/gcf-artifacts","sourceProvenance":{"resolvedStorageSource":{"bucket":"gcf-v2-sources-171234470705-us-central1","object":"kycAttest/function-source.zip","generation":"1783628914433039"}},"dockerRegistry":"ARTIFACT_REGISTRY","serviceAccount":"projects/aip-v1-3f57c/serviceAccounts/171234470705-compute@developer.gserviceaccount.com","automaticUpdatePolicy":{}},"serviceConfig":{"service":"projects/aip-v1-3f57c/locations/us-central1/services/kycattest","timeoutSeconds":60,"environmentVariables":{"SENDGRID_WEBHOOK_KEY":"tu_clave_secreta_aqui","META_WEBHOOK_VERIFY_TOKEN":"tu_token_de_verificacion","META_WHATSAPP_ACCESS_TOKEN":"tu_access_token_de_meta","FIREBASE_CONFIG":"{\"projectId\":\"aip-v1-3f57c\",\"storageBucket\":\"aip-v1-3f57c.firebasestorage.app\"}","GCLOUD_PROJECT":"aip-v1-3f57c","EVENTARC_CLOUD_EVENT_SOURCE":"projects/aip-v1-3f57c/locations/us-central1/services/kycAttest","FUNCTION_TARGET":"kycAttest","LOG_EXECUTION_ID":"true","FUNCTION_SIGNATURE_TYPE":"http"},"ingressSettings":"ALLOW_ALL","uri":"https://kycattest-xo4zljy57a-uc.a.run.app","serviceAccountEmail":"171234470705-compute@developer.gserviceaccount.com","minInstanceCount":1,"availableMemory":"256Mi","allTrafficOnLatestRevision":true,"revision":"kycattest-00001-gox","maxInstanceRequestConcurrency":80,"availableCpu":"1"},"state":"ACTIVE","updateTime":"2026-07-09T20:28:34.656846421Z","labels":{"deployment-tool":"cli-firebase","deployment-callable":"true","firebase-functions-hash":"1fef5414712d901cd2c8056debfc465a0058a8e3"},"environment":"GEN_2","url":"https://us-central1-aip-v1-3f57c.cloudfunctions.net/kycAttest","createTime":"2026-07-09T20:28:34.656846421Z","satisfiesPzi":true}}
[debug] [2026-07-09T20:28:45.615Z] Got source token Cldwcm9qZWN0cy8xNzEyMzQ0NzA3MDUvbG9jYXRpb25zL3VzLWNlbnRyYWwxL2J1aWxkcy85OWZiNjA2YS1lY2Q1LTQ1NzktOWM5Mi04OWEzZGFiNmVjMmEScHVzLWNlbnRyYWwxLWRvY2tlci5wa2cuZGV2L2FpcC12MS0zZjU3Yy9nY2YtYXJ0aWZhY3RzL2FpcC0tdjEtLTNmNTdjX191cy0tY2VudHJhbDFfX2NyZWF0ZV9reWNfc2Vzc2lvbjp2ZXJzaW9uXzEYsdb68v0EIkZwcm9qZWN0cy9haXAtdjEtM2Y1N2MvbG9jYXRpb25zL3VzLWNlbnRyYWwxL2Z1bmN0aW9ucy9jcmVhdGVLeWNTZXNzaW9uKgwI6YjA0gYQgNPpsgEyCG5vZGVqczIwOnYKI2djci5pby9nYWUtcnVudGltZXMvbm9kZWpzMjA6c3RhYmxlEk91cy1jZW50cmFsMS1kb2NrZXIucGtnLmRldi9zZXJ2ZXJsZXNzLXJ1bnRpbWVzL2dvb2dsZS0yMi1mdWxsL3J1bnRpbWVzL25vZGVqczIwQAE= for region us-central1
[debug] [2026-07-09T20:28:45.616Z] Checked if tokens are valid: true, expires at: 1783632331561
[debug] [2026-07-09T20:28:45.616Z] Checked if tokens are valid: true, expires at: 1783632331561
[debug] [2026-07-09T20:28:45.617Z] >>> [apiv2][query] POST https://run.googleapis.com/v1/projects/aip-v1-3f57c/locations/us-central1/services/kycattest:setIamPolicy [none]
[debug] [2026-07-09T20:28:45.617Z] >>> [apiv2][body] POST https://run.googleapis.com/v1/projects/aip-v1-3f57c/locations/us-central1/services/kycattest:setIamPolicy {"policy":{"bindings":[{"role":"roles/run.invoker","members":["allUsers"]}],"etag":"","version":3},"updateMask":"bindings,etag,version"}
[debug] [2026-07-09T20:28:45.683Z] <<< [apiv2][status] GET https://cloudfunctions.googleapis.com/v2/projects/aip-v1-3f57c/locations/us-central1/operations/operation-1783628914018-6563377d4c8eb-6b849440-9fbe7d40 200
[debug] [2026-07-09T20:28:45.683Z] <<< [apiv2][body] GET https://cloudfunctions.googleapis.com/v2/projects/aip-v1-3f57c/locations/us-central1/operations/operation-1783628914018-6563377d4c8eb-6b849440-9fbe7d40 {"name":"projects/aip-v1-3f57c/locations/us-central1/operations/operation-1783628914018-6563377d4c8eb-6b849440-9fbe7d40","metadata":{"@type":"type.googleapis.com/google.cloud.functions.v2.OperationMetadata","createTime":"2026-07-09T20:28:34.567203868Z","endTime":"2026-07-09T20:28:41.330825401Z","target":"projects/aip-v1-3f57c/locations/us-central1/functions/kycInit","verb":"create","cancelRequested":false,"apiVersion":"v2","requestResource":{"@type":"type.googleapis.com/google.cloud.functions.v2.Function","name":"projects/aip-v1-3f57c/locations/us-central1/functions/kycInit","buildConfig":{"runtime":"nodejs20","entryPoint":"kycInit","source":{"storageSource":{"bucket":"gcf-v2-sources-171234470705-us-central1","object":"kycInit/function-source.zip","generation":"1783628914313622"}},"environmentVariables":{"GOOGLE_NODE_RUN_SCRIPTS":""},"sourceToken":"Cldwcm9qZWN0cy8xNzEyMzQ0NzA3MDUvbG9jYXRpb25zL3VzLWNlbnRyYWwxL2J1aWxkcy85OWZiNjA2YS1lY2Q1LTQ1NzktOWM5Mi04OWEzZGFiNmVjMmEScHVzLWNlbnRyYWwxLWRvY2tlci5wa2cuZGV2L2FpcC12MS0zZjU3Yy9nY2YtYXJ0aWZhY3RzL2FpcC0tdjEtLTNmNTdjX191cy0tY2VudHJhbDFfX2NyZWF0ZV9reWNfc2Vzc2lvbjp2ZXJzaW9uXzEYsdb68v0EIkZwcm9qZWN0cy9haXAtdjEtM2Y1N2MvbG9jYXRpb25zL3VzLWNlbnRyYWwxL2Z1bmN0aW9ucy9jcmVhdGVLeWNTZXNzaW9uKgwI6YjA0gYQgNPpsgEyCG5vZGVqczIwOnYKI2djci5pby9nYWUtcnVudGltZXMvbm9kZWpzMjA6c3RhYmxlEk91cy1jZW50cmFsMS1kb2NrZXIucGtnLmRldi9zZXJ2ZXJsZXNzLXJ1bnRpbWVzL2dvb2dsZS0yMi1mdWxsL3J1bnRpbWVzL25vZGVqczIwQAE=","serviceAccount":"projects/aip-v1-3f57c/serviceAccounts/171234470705-compute@developer.gserviceaccount.com","automaticUpdatePolicy":{}},"serviceConfig":{"service":"projects/aip-v1-3f57c/locations/us-central1/services/kycinit","timeoutSeconds":60,"environmentVariables":{"SENDGRID_WEBHOOK_KEY":"tu_clave_secreta_aqui","META_WEBHOOK_VERIFY_TOKEN":"tu_token_de_verificacion","META_WHATSAPP_ACCESS_TOKEN":"tu_access_token_de_meta","FIREBASE_CONFIG":"{\"projectId\":\"aip-v1-3f57c\",\"storageBucket\":\"aip-v1-3f57c.firebasestorage.app\"}","GCLOUD_PROJECT":"aip-v1-3f57c","EVENTARC_CLOUD_EVENT_SOURCE":"projects/aip-v1-3f57c/locations/us-central1/services/kycInit","FUNCTION_TARGET":"kycInit","LOG_EXECUTION_ID":"true","FUNCTION_SIGNATURE_TYPE":"http"},"ingressSettings":"ALLOW_ALL","serviceAccountEmail":"171234470705-compute@developer.gserviceaccount.com","minInstanceCount":1,"availableMemory":"256Mi","maxInstanceRequestConcurrency":80,"availableCpu":"1"},"labels":{"deployment-tool":"cli-firebase","deployment-callable":"true","firebase-functions-hash":"1fef5414712d901cd2c8056debfc465a0058a8e3"},"environment":"GEN_2"},"stages":[{"name":"BUILD","message":"Reusing build","state":"COMPLETE","resource":"projects/171234470705/locations/us-central1/builds/99fb606a-ecd5-4579-9c92-89a3dab6ec2a","stateMessages":[{"severity":"WARNING","type":"BuildAnalysisWarning","message":"Node.js 20 is no longer supported by the Node.js community as of 30 April, 2026. Runtime nodejs20 is currently deprecated for Cloud Functions. We recommend you to upgrade to the latest version of Node.js as soon as possible."}]},{"name":"SERVICE","message":"Creating Cloud Run service","state":"COMPLETE","resource":"projects/aip-v1-3f57c/locations/us-central1/services/kycinit","resourceUri":"https://console.cloud.google.com/run/detail/us-central1/kycinit?project=aip-v1-3f57c"}],"sourceToken":"Cldwcm9qZWN0cy8xNzEyMzQ0NzA3MDUvbG9jYXRpb25zL3VzLWNlbnRyYWwxL2J1aWxkcy85OWZiNjA2YS1lY2Q1LTQ1NzktOWM5Mi04OWEzZGFiNmVjMmEScHVzLWNlbnRyYWwxLWRvY2tlci5wa2cuZGV2L2FpcC12MS0zZjU3Yy9nY2YtYXJ0aWZhY3RzL2FpcC0tdjEtLTNmNTdjX191cy0tY2VudHJhbDFfX2NyZWF0ZV9reWNfc2Vzc2lvbjp2ZXJzaW9uXzEYsdb68v0EIkZwcm9qZWN0cy9haXAtdjEtM2Y1N2MvbG9jYXRpb25zL3VzLWNlbnRyYWwxL2Z1bmN0aW9ucy9jcmVhdGVLeWNTZXNzaW9uKgwI6YjA0gYQgNPpsgEyCG5vZGVqczIwOnYKI2djci5pby9nYWUtcnVudGltZXMvbm9kZWpzMjA6c3RhYmxlEk91cy1jZW50cmFsMS1kb2NrZXIucGtnLmRldi9zZXJ2ZXJsZXNzLXJ1bnRpbWVzL2dvb2dsZS0yMi1mdWxsL3J1bnRpbWVzL25vZGVqczIwQAE=","operationType":"CREATE_FUNCTION","buildName":"projects/171234470705/locations/us-central1/builds/99fb606a-ecd5-4579-9c92-89a3dab6ec2a"},"done":true,"response":{"@type":"type.googleapis.com/google.cloud.functions.v2.Function","name":"projects/aip-v1-3f57c/locations/us-central1/functions/kycInit","buildConfig":{"build":"projects/171234470705/locations/us-central1/builds/99fb606a-ecd5-4579-9c92-89a3dab6ec2a","runtime":"nodejs20","entryPoint":"kycInit","source":{"storageSource":{"bucket":"gcf-v2-sources-171234470705-us-central1","object":"kycInit/function-source.zip","generation":"1783628914313622"}},"environmentVariables":{"GOOGLE_NODE_RUN_SCRIPTS":""},"dockerRepository":"projects/aip-v1-3f57c/locations/us-central1/repositories/gcf-artifacts","sourceProvenance":{"resolvedStorageSource":{"bucket":"gcf-v2-sources-171234470705-us-central1","object":"kycInit/function-source.zip","generation":"1783628914313622"}},"dockerRegistry":"ARTIFACT_REGISTRY","serviceAccount":"projects/aip-v1-3f57c/serviceAccounts/171234470705-compute@developer.gserviceaccount.com","automaticUpdatePolicy":{}},"serviceConfig":{"service":"projects/aip-v1-3f57c/locations/us-central1/services/kycinit","timeoutSeconds":60,"environmentVariables":{"SENDGRID_WEBHOOK_KEY":"tu_clave_secreta_aqui","META_WEBHOOK_VERIFY_TOKEN":"tu_token_de_verificacion","META_WHATSAPP_ACCESS_TOKEN":"tu_access_token_de_meta","FIREBASE_CONFIG":"{\"projectId\":\"aip-v1-3f57c\",\"storageBucket\":\"aip-v1-3f57c.firebasestorage.app\"}","GCLOUD_PROJECT":"aip-v1-3f57c","EVENTARC_CLOUD_EVENT_SOURCE":"projects/aip-v1-3f57c/locations/us-central1/services/kycInit","FUNCTION_TARGET":"kycInit","LOG_EXECUTION_ID":"true","FUNCTION_SIGNATURE_TYPE":"http"},"ingressSettings":"ALLOW_ALL","uri":"https://kycinit-xo4zljy57a-uc.a.run.app","serviceAccountEmail":"171234470705-compute@developer.gserviceaccount.com","minInstanceCount":1,"availableMemory":"256Mi","allTrafficOnLatestRevision":true,"revision":"kycinit-00001-xoh","maxInstanceRequestConcurrency":80,"availableCpu":"1"},"state":"ACTIVE","updateTime":"2026-07-09T20:28:34.563552478Z","labels":{"deployment-tool":"cli-firebase","deployment-callable":"true","firebase-functions-hash":"1fef5414712d901cd2c8056debfc465a0058a8e3"},"environment":"GEN_2","url":"https://us-central1-aip-v1-3f57c.cloudfunctions.net/kycInit","createTime":"2026-07-09T20:28:34.563552478Z","satisfiesPzi":true}}
[debug] [2026-07-09T20:28:45.684Z] Got source token Cldwcm9qZWN0cy8xNzEyMzQ0NzA3MDUvbG9jYXRpb25zL3VzLWNlbnRyYWwxL2J1aWxkcy85OWZiNjA2YS1lY2Q1LTQ1NzktOWM5Mi04OWEzZGFiNmVjMmEScHVzLWNlbnRyYWwxLWRvY2tlci5wa2cuZGV2L2FpcC12MS0zZjU3Yy9nY2YtYXJ0aWZhY3RzL2FpcC0tdjEtLTNmNTdjX191cy0tY2VudHJhbDFfX2NyZWF0ZV9reWNfc2Vzc2lvbjp2ZXJzaW9uXzEYsdb68v0EIkZwcm9qZWN0cy9haXAtdjEtM2Y1N2MvbG9jYXRpb25zL3VzLWNlbnRyYWwxL2Z1bmN0aW9ucy9jcmVhdGVLeWNTZXNzaW9uKgwI6YjA0gYQgNPpsgEyCG5vZGVqczIwOnYKI2djci5pby9nYWUtcnVudGltZXMvbm9kZWpzMjA6c3RhYmxlEk91cy1jZW50cmFsMS1kb2NrZXIucGtnLmRldi9zZXJ2ZXJsZXNzLXJ1bnRpbWVzL2dvb2dsZS0yMi1mdWxsL3J1bnRpbWVzL25vZGVqczIwQAE= for region us-central1
[debug] [2026-07-09T20:28:45.684Z] Checked if tokens are valid: true, expires at: 1783632331561
[debug] [2026-07-09T20:28:45.684Z] Checked if tokens are valid: true, expires at: 1783632331561
[debug] [2026-07-09T20:28:45.684Z] >>> [apiv2][query] POST https://run.googleapis.com/v1/projects/aip-v1-3f57c/locations/us-central1/services/kycinit:setIamPolicy [none]
[debug] [2026-07-09T20:28:45.684Z] >>> [apiv2][body] POST https://run.googleapis.com/v1/projects/aip-v1-3f57c/locations/us-central1/services/kycinit:setIamPolicy {"policy":{"bindings":[{"role":"roles/run.invoker","members":["allUsers"]}],"etag":"","version":3},"updateMask":"bindings,etag,version"}
[debug] [2026-07-09T20:28:45.751Z] <<< [apiv2][status] GET https://cloudfunctions.googleapis.com/v2/projects/aip-v1-3f57c/locations/us-central1/operations/operation-1783628914100-6563377d60afb-8579fa08-9a74316c 200
[debug] [2026-07-09T20:28:45.752Z] <<< [apiv2][body] GET https://cloudfunctions.googleapis.com/v2/projects/aip-v1-3f57c/locations/us-central1/operations/operation-1783628914100-6563377d60afb-8579fa08-9a74316c {"name":"projects/aip-v1-3f57c/locations/us-central1/operations/operation-1783628914100-6563377d60afb-8579fa08-9a74316c","metadata":{"@type":"type.googleapis.com/google.cloud.functions.v2.OperationMetadata","createTime":"2026-07-09T20:28:34.631777195Z","endTime":"2026-07-09T20:28:41.965901502Z","target":"projects/aip-v1-3f57c/locations/us-central1/functions/cleanupKycSessions","verb":"create","cancelRequested":false,"apiVersion":"v2","requestResource":{"@type":"type.googleapis.com/google.cloud.functions.v2.Function","name":"projects/aip-v1-3f57c/locations/us-central1/functions/cleanupKycSessions","buildConfig":{"runtime":"nodejs20","entryPoint":"cleanupKycSessions","source":{"storageSource":{"bucket":"gcf-v2-sources-171234470705-us-central1","object":"cleanupKycSessions/function-source.zip","generation":"1783628914390941"}},"environmentVariables":{"GOOGLE_NODE_RUN_SCRIPTS":""},"sourceToken":"Cldwcm9qZWN0cy8xNzEyMzQ0NzA3MDUvbG9jYXRpb25zL3VzLWNlbnRyYWwxL2J1aWxkcy85OWZiNjA2YS1lY2Q1LTQ1NzktOWM5Mi04OWEzZGFiNmVjMmEScHVzLWNlbnRyYWwxLWRvY2tlci5wa2cuZGV2L2FpcC12MS0zZjU3Yy9nY2YtYXJ0aWZhY3RzL2FpcC0tdjEtLTNmNTdjX191cy0tY2VudHJhbDFfX2NyZWF0ZV9reWNfc2Vzc2lvbjp2ZXJzaW9uXzEYsdb68v0EIkZwcm9qZWN0cy9haXAtdjEtM2Y1N2MvbG9jYXRpb25zL3VzLWNlbnRyYWwxL2Z1bmN0aW9ucy9jcmVhdGVLeWNTZXNzaW9uKgwI6YjA0gYQgNPpsgEyCG5vZGVqczIwOnYKI2djci5pby9nYWUtcnVudGltZXMvbm9kZWpzMjA6c3RhYmxlEk91cy1jZW50cmFsMS1kb2NrZXIucGtnLmRldi9zZXJ2ZXJsZXNzLXJ1bnRpbWVzL2dvb2dsZS0yMi1mdWxsL3J1bnRpbWVzL25vZGVqczIwQAE=","serviceAccount":"projects/aip-v1-3f57c/serviceAccounts/171234470705-compute@developer.gserviceaccount.com","automaticUpdatePolicy":{}},"serviceConfig":{"service":"projects/aip-v1-3f57c/locations/us-central1/services/cleanupkycsessions","timeoutSeconds":60,"environmentVariables":{"SENDGRID_WEBHOOK_KEY":"tu_clave_secreta_aqui","META_WEBHOOK_VERIFY_TOKEN":"tu_token_de_verificacion","META_WHATSAPP_ACCESS_TOKEN":"tu_access_token_de_meta","FIREBASE_CONFIG":"{\"projectId\":\"aip-v1-3f57c\",\"storageBucket\":\"aip-v1-3f57c.firebasestorage.app\"}","GCLOUD_PROJECT":"aip-v1-3f57c","EVENTARC_CLOUD_EVENT_SOURCE":"projects/aip-v1-3f57c/locations/us-central1/services/cleanupKycSessions","FUNCTION_TARGET":"cleanupKycSessions","LOG_EXECUTION_ID":"true","FUNCTION_SIGNATURE_TYPE":"http"},"ingressSettings":"ALLOW_ALL","serviceAccountEmail":"171234470705-compute@developer.gserviceaccount.com","availableMemory":"256Mi","maxInstanceRequestConcurrency":80,"availableCpu":"1"},"labels":{"deployment-tool":"cli-firebase","deployment-scheduled":"true","firebase-functions-hash":"1fef5414712d901cd2c8056debfc465a0058a8e3"},"environment":"GEN_2"},"stages":[{"name":"BUILD","message":"Reusing build","state":"COMPLETE","resource":"projects/171234470705/locations/us-central1/builds/99fb606a-ecd5-4579-9c92-89a3dab6ec2a","stateMessages":[{"severity":"WARNING","type":"BuildAnalysisWarning","message":"Node.js 20 is no longer supported by the Node.js community as of 30 April, 2026. Runtime nodejs20 is currently deprecated for Cloud Functions. We recommend you to upgrade to the latest version of Node.js as soon as possible."}]},{"name":"SERVICE","message":"Creating Cloud Run service","state":"COMPLETE","resource":"projects/aip-v1-3f57c/locations/us-central1/services/cleanupkycsessions","resourceUri":"https://console.cloud.google.com/run/detail/us-central1/cleanupkycsessions?project=aip-v1-3f57c"}],"sourceToken":"Cldwcm9qZWN0cy8xNzEyMzQ0NzA3MDUvbG9jYXRpb25zL3VzLWNlbnRyYWwxL2J1aWxkcy85OWZiNjA2YS1lY2Q1LTQ1NzktOWM5Mi04OWEzZGFiNmVjMmEScHVzLWNlbnRyYWwxLWRvY2tlci5wa2cuZGV2L2FpcC12MS0zZjU3Yy9nY2YtYXJ0aWZhY3RzL2FpcC0tdjEtLTNmNTdjX191cy0tY2VudHJhbDFfX2NyZWF0ZV9reWNfc2Vzc2lvbjp2ZXJzaW9uXzEYsdb68v0EIkZwcm9qZWN0cy9haXAtdjEtM2Y1N2MvbG9jYXRpb25zL3VzLWNlbnRyYWwxL2Z1bmN0aW9ucy9jcmVhdGVLeWNTZXNzaW9uKgwI6YjA0gYQgNPpsgEyCG5vZGVqczIwOnYKI2djci5pby9nYWUtcnVudGltZXMvbm9kZWpzMjA6c3RhYmxlEk91cy1jZW50cmFsMS1kb2NrZXIucGtnLmRldi9zZXJ2ZXJsZXNzLXJ1bnRpbWVzL2dvb2dsZS0yMi1mdWxsL3J1bnRpbWVzL25vZGVqczIwQAE=","operationType":"CREATE_FUNCTION","buildName":"projects/171234470705/locations/us-central1/builds/99fb606a-ecd5-4579-9c92-89a3dab6ec2a"},"done":true,"response":{"@type":"type.googleapis.com/google.cloud.functions.v2.Function","name":"projects/aip-v1-3f57c/locations/us-central1/functions/cleanupKycSessions","buildConfig":{"build":"projects/171234470705/locations/us-central1/builds/99fb606a-ecd5-4579-9c92-89a3dab6ec2a","runtime":"nodejs20","entryPoint":"cleanupKycSessions","source":{"storageSource":{"bucket":"gcf-v2-sources-171234470705-us-central1","object":"cleanupKycSessions/function-source.zip","generation":"1783628914390941"}},"environmentVariables":{"GOOGLE_NODE_RUN_SCRIPTS":""},"dockerRepository":"projects/aip-v1-3f57c/locations/us-central1/repositories/gcf-artifacts","sourceProvenance":{"resolvedStorageSource":{"bucket":"gcf-v2-sources-171234470705-us-central1","object":"cleanupKycSessions/function-source.zip","generation":"1783628914390941"}},"dockerRegistry":"ARTIFACT_REGISTRY","serviceAccount":"projects/aip-v1-3f57c/serviceAccounts/171234470705-compute@developer.gserviceaccount.com","automaticUpdatePolicy":{}},"serviceConfig":{"service":"projects/aip-v1-3f57c/locations/us-central1/services/cleanupkycsessions","timeoutSeconds":60,"environmentVariables":{"SENDGRID_WEBHOOK_KEY":"tu_clave_secreta_aqui","META_WEBHOOK_VERIFY_TOKEN":"tu_token_de_verificacion","META_WHATSAPP_ACCESS_TOKEN":"tu_access_token_de_meta","FIREBASE_CONFIG":"{\"projectId\":\"aip-v1-3f57c\",\"storageBucket\":\"aip-v1-3f57c.firebasestorage.app\"}","GCLOUD_PROJECT":"aip-v1-3f57c","EVENTARC_CLOUD_EVENT_SOURCE":"projects/aip-v1-3f57c/locations/us-central1/services/cleanupKycSessions","FUNCTION_TARGET":"cleanupKycSessions","LOG_EXECUTION_ID":"true","FUNCTION_SIGNATURE_TYPE":"http"},"ingressSettings":"ALLOW_ALL","uri":"https://cleanupkycsessions-xo4zljy57a-uc.a.run.app","serviceAccountEmail":"171234470705-compute@developer.gserviceaccount.com","availableMemory":"256Mi","allTrafficOnLatestRevision":true,"revision":"cleanupkycsessions-00001-dog","maxInstanceRequestConcurrency":80,"availableCpu":"1"},"state":"ACTIVE","updateTime":"2026-07-09T20:28:34.627449686Z","labels":{"deployment-tool":"cli-firebase","deployment-scheduled":"true","firebase-functions-hash":"1fef5414712d901cd2c8056debfc465a0058a8e3"},"environment":"GEN_2","url":"https://us-central1-aip-v1-3f57c.cloudfunctions.net/cleanupKycSessions","createTime":"2026-07-09T20:28:34.627449686Z","satisfiesPzi":true}}
[debug] [2026-07-09T20:28:45.752Z] Got source token Cldwcm9qZWN0cy8xNzEyMzQ0NzA3MDUvbG9jYXRpb25zL3VzLWNlbnRyYWwxL2J1aWxkcy85OWZiNjA2YS1lY2Q1LTQ1NzktOWM5Mi04OWEzZGFiNmVjMmEScHVzLWNlbnRyYWwxLWRvY2tlci5wa2cuZGV2L2FpcC12MS0zZjU3Yy9nY2YtYXJ0aWZhY3RzL2FpcC0tdjEtLTNmNTdjX191cy0tY2VudHJhbDFfX2NyZWF0ZV9reWNfc2Vzc2lvbjp2ZXJzaW9uXzEYsdb68v0EIkZwcm9qZWN0cy9haXAtdjEtM2Y1N2MvbG9jYXRpb25zL3VzLWNlbnRyYWwxL2Z1bmN0aW9ucy9jcmVhdGVLeWNTZXNzaW9uKgwI6YjA0gYQgNPpsgEyCG5vZGVqczIwOnYKI2djci5pby9nYWUtcnVudGltZXMvbm9kZWpzMjA6c3RhYmxlEk91cy1jZW50cmFsMS1kb2NrZXIucGtnLmRldi9zZXJ2ZXJsZXNzLXJ1bnRpbWVzL2dvb2dsZS0yMi1mdWxsL3J1bnRpbWVzL25vZGVqczIwQAE= for region us-central1
[debug] [2026-07-09T20:28:45.752Z] Checked if tokens are valid: true, expires at: 1783632331561
[debug] [2026-07-09T20:28:45.752Z] Checked if tokens are valid: true, expires at: 1783632331561
[debug] [2026-07-09T20:28:45.753Z] >>> [apiv2][query] GET https://compute.googleapis.com/compute/v1/projects/171234470705 [none]
[debug] [2026-07-09T20:28:45.772Z] <<< [apiv2][status] GET https://cloudfunctions.googleapis.com/v2/projects/aip-v1-3f57c/locations/us-central1/operations/operation-1783628914098-6563377d601a9-b653705f-6a01750a 200
[debug] [2026-07-09T20:28:45.773Z] <<< [apiv2][body] GET https://cloudfunctions.googleapis.com/v2/projects/aip-v1-3f57c/locations/us-central1/operations/operation-1783628914098-6563377d601a9-b653705f-6a01750a {"name":"projects/aip-v1-3f57c/locations/us-central1/operations/operation-1783628914098-6563377d601a9-b653705f-6a01750a","metadata":{"@type":"type.googleapis.com/google.cloud.functions.v2.OperationMetadata","createTime":"2026-07-09T20:28:35.149391903Z","endTime":"2026-07-09T20:28:42.464438835Z","target":"projects/aip-v1-3f57c/locations/us-central1/functions/whatsappWebhook","verb":"update","cancelRequested":false,"apiVersion":"v2","requestResource":{"@type":"type.googleapis.com/google.cloud.functions.v2.Function","name":"projects/aip-v1-3f57c/locations/us-central1/functions/whatsappWebhook","buildConfig":{"runtime":"nodejs20","entryPoint":"whatsappWebhook","source":{"storageSource":{"bucket":"gcf-v2-sources-171234470705-us-central1","object":"whatsappWebhook/function-source.zip","generation":"1783628915101390"}},"environmentVariables":{"GOOGLE_NODE_RUN_SCRIPTS":""},"dockerRepository":"projects/aip-v1-3f57c/locations/us-central1/repositories/gcf-artifacts","sourceProvenance":{"resolvedStorageSource":{"bucket":"gcf-v2-sources-171234470705-us-central1","object":"whatsappWebhook/function-source.zip","generation":"1782942754866357"}},"dockerRegistry":"ARTIFACT_REGISTRY","sourceToken":"Cldwcm9qZWN0cy8xNzEyMzQ0NzA3MDUvbG9jYXRpb25zL3VzLWNlbnRyYWwxL2J1aWxkcy85OWZiNjA2YS1lY2Q1LTQ1NzktOWM5Mi04OWEzZGFiNmVjMmEScHVzLWNlbnRyYWwxLWRvY2tlci5wa2cuZGV2L2FpcC12MS0zZjU3Yy9nY2YtYXJ0aWZhY3RzL2FpcC0tdjEtLTNmNTdjX191cy0tY2VudHJhbDFfX2NyZWF0ZV9reWNfc2Vzc2lvbjp2ZXJzaW9uXzEYsdb68v0EIkZwcm9qZWN0cy9haXAtdjEtM2Y1N2MvbG9jYXRpb25zL3VzLWNlbnRyYWwxL2Z1bmN0aW9ucy9jcmVhdGVLeWNTZXNzaW9uKgwI6YjA0gYQgNPpsgEyCG5vZGVqczIwOnYKI2djci5pby9nYWUtcnVudGltZXMvbm9kZWpzMjA6c3RhYmxlEk91cy1jZW50cmFsMS1kb2NrZXIucGtnLmRldi9zZXJ2ZXJsZXNzLXJ1bnRpbWVzL2dvb2dsZS0yMi1mdWxsL3J1bnRpbWVzL25vZGVqczIwQAE=","serviceAccount":"projects/aip-v1-3f57c/serviceAccounts/171234470705-compute@developer.gserviceaccount.com","automaticUpdatePolicy":{}},"serviceConfig":{"service":"projects/aip-v1-3f57c/locations/us-central1/services/whatsappwebhook","timeoutSeconds":60,"environmentVariables":{"SENDGRID_WEBHOOK_KEY":"tu_clave_secreta_aqui","META_WEBHOOK_VERIFY_TOKEN":"tu_token_de_verificacion","META_WHATSAPP_ACCESS_TOKEN":"tu_access_token_de_meta","FIREBASE_CONFIG":"{\"projectId\":\"aip-v1-3f57c\",\"storageBucket\":\"aip-v1-3f57c.firebasestorage.app\"}","GCLOUD_PROJECT":"aip-v1-3f57c","EVENTARC_CLOUD_EVENT_SOURCE":"projects/aip-v1-3f57c/locations/us-central1/services/whatsappWebhook","FUNCTION_TARGET":"whatsappWebhook","LOG_EXECUTION_ID":"true","FUNCTION_SIGNATURE_TYPE":"http"},"maxInstanceCount":5,"ingressSettings":"ALLOW_ALL","uri":"https://whatsappwebhook-xo4zljy57a-uc.a.run.app","serviceAccountEmail":"171234470705-compute@developer.gserviceaccount.com","availableMemory":"256Mi","allTrafficOnLatestRevision":true,"revision":"whatsappwebhook-00006-wef","maxInstanceRequestConcurrency":80,"availableCpu":"1"},"state":"ACTIVE","labels":{"deployment-tool":"cloud-console","firebase-functions-hash":"1fef5414712d901cd2c8056debfc465a0058a8e3"},"environment":"GEN_2","url":"https://us-central1-aip-v1-3f57c.cloudfunctions.net/whatsappWebhook","satisfiesPzi":true},"stages":[{"name":"BUILD","message":"Reusing build","state":"COMPLETE","resource":"projects/171234470705/locations/us-central1/builds/99fb606a-ecd5-4579-9c92-89a3dab6ec2a","stateMessages":[{"severity":"WARNING","type":"BuildAnalysisWarning","message":"Node.js 20 is no longer supported by the Node.js community as of 30 April, 2026. Runtime nodejs20 is currently deprecated for Cloud Functions. We recommend you to upgrade to the latest version of Node.js as soon as possible."}]},{"name":"SERVICE","message":"Updating Cloud Run service","state":"COMPLETE","resource":"projects/aip-v1-3f57c/locations/us-central1/services/whatsappwebhook","resourceUri":"https://console.cloud.google.com/run/detail/us-central1/whatsappwebhook?project=aip-v1-3f57c","stateMessages":[{"severity":"INFO","type":"CloudRunServiceNewRevisionTrafficInfo","message":"A new revision will be deployed serving with 100% traffic."}]}],"sourceToken":"Cldwcm9qZWN0cy8xNzEyMzQ0NzA3MDUvbG9jYXRpb25zL3VzLWNlbnRyYWwxL2J1aWxkcy85OWZiNjA2YS1lY2Q1LTQ1NzktOWM5Mi04OWEzZGFiNmVjMmEScHVzLWNlbnRyYWwxLWRvY2tlci5wa2cuZGV2L2FpcC12MS0zZjU3Yy9nY2YtYXJ0aWZhY3RzL2FpcC0tdjEtLTNmNTdjX191cy0tY2VudHJhbDFfX2NyZWF0ZV9reWNfc2Vzc2lvbjp2ZXJzaW9uXzEYsdb68v0EIkZwcm9qZWN0cy9haXAtdjEtM2Y1N2MvbG9jYXRpb25zL3VzLWNlbnRyYWwxL2Z1bmN0aW9ucy9jcmVhdGVLeWNTZXNzaW9uKgwI6YjA0gYQgNPpsgEyCG5vZGVqczIwOnYKI2djci5pby9nYWUtcnVudGltZXMvbm9kZWpzMjA6c3RhYmxlEk91cy1jZW50cmFsMS1kb2NrZXIucGtnLmRldi9zZXJ2ZXJsZXNzLXJ1bnRpbWVzL2dvb2dsZS0yMi1mdWxsL3J1bnRpbWVzL25vZGVqczIwQAE=","operationType":"UPDATE_FUNCTION","buildName":"projects/171234470705/locations/us-central1/builds/99fb606a-ecd5-4579-9c92-89a3dab6ec2a"},"done":true,"response":{"@type":"type.googleapis.com/google.cloud.functions.v2.Function","name":"projects/aip-v1-3f57c/locations/us-central1/functions/whatsappWebhook","buildConfig":{"build":"projects/171234470705/locations/us-central1/builds/99fb606a-ecd5-4579-9c92-89a3dab6ec2a","runtime":"nodejs20","entryPoint":"whatsappWebhook","source":{"storageSource":{"bucket":"gcf-v2-sources-171234470705-us-central1","object":"whatsappWebhook/function-source.zip","generation":"1783628915101390"}},"environmentVariables":{"GOOGLE_NODE_RUN_SCRIPTS":""},"dockerRepository":"projects/aip-v1-3f57c/locations/us-central1/repositories/gcf-artifacts","sourceProvenance":{"resolvedStorageSource":{"bucket":"gcf-v2-sources-171234470705-us-central1","object":"whatsappWebhook/function-source.zip","generation":"1783628915101390"}},"dockerRegistry":"ARTIFACT_REGISTRY","serviceAccount":"projects/aip-v1-3f57c/serviceAccounts/171234470705-compute@developer.gserviceaccount.com","automaticUpdatePolicy":{}},"serviceConfig":{"service":"projects/aip-v1-3f57c/locations/us-central1/services/whatsappwebhook","timeoutSeconds":60,"environmentVariables":{"SENDGRID_WEBHOOK_KEY":"tu_clave_secreta_aqui","META_WEBHOOK_VERIFY_TOKEN":"tu_token_de_verificacion","META_WHATSAPP_ACCESS_TOKEN":"tu_access_token_de_meta","FIREBASE_CONFIG":"{\"projectId\":\"aip-v1-3f57c\",\"storageBucket\":\"aip-v1-3f57c.firebasestorage.app\"}","GCLOUD_PROJECT":"aip-v1-3f57c","EVENTARC_CLOUD_EVENT_SOURCE":"projects/aip-v1-3f57c/locations/us-central1/services/whatsappWebhook","FUNCTION_TARGET":"whatsappWebhook","LOG_EXECUTION_ID":"true","FUNCTION_SIGNATURE_TYPE":"http"},"maxInstanceCount":5,"ingressSettings":"ALLOW_ALL","uri":"https://whatsappwebhook-xo4zljy57a-uc.a.run.app","serviceAccountEmail":"171234470705-compute@developer.gserviceaccount.com","availableMemory":"256Mi","allTrafficOnLatestRevision":true,"revision":"whatsappwebhook-00007-boc","maxInstanceRequestConcurrency":80,"availableCpu":"1"},"state":"ACTIVE","updateTime":"2026-07-09T20:28:35.150965563Z","labels":{"deployment-tool":"cli-firebase","firebase-functions-hash":"1fef5414712d901cd2c8056debfc465a0058a8e3"},"environment":"GEN_2","url":"https://us-central1-aip-v1-3f57c.cloudfunctions.net/whatsappWebhook","createTime":"2026-07-01T21:24:17.788913611Z","satisfiesPzi":true}}
[debug] [2026-07-09T20:28:45.773Z] Got source token Cldwcm9qZWN0cy8xNzEyMzQ0NzA3MDUvbG9jYXRpb25zL3VzLWNlbnRyYWwxL2J1aWxkcy85OWZiNjA2YS1lY2Q1LTQ1NzktOWM5Mi04OWEzZGFiNmVjMmEScHVzLWNlbnRyYWwxLWRvY2tlci5wa2cuZGV2L2FpcC12MS0zZjU3Yy9nY2YtYXJ0aWZhY3RzL2FpcC0tdjEtLTNmNTdjX191cy0tY2VudHJhbDFfX2NyZWF0ZV9reWNfc2Vzc2lvbjp2ZXJzaW9uXzEYsdb68v0EIkZwcm9qZWN0cy9haXAtdjEtM2Y1N2MvbG9jYXRpb25zL3VzLWNlbnRyYWwxL2Z1bmN0aW9ucy9jcmVhdGVLeWNTZXNzaW9uKgwI6YjA0gYQgNPpsgEyCG5vZGVqczIwOnYKI2djci5pby9nYWUtcnVudGltZXMvbm9kZWpzMjA6c3RhYmxlEk91cy1jZW50cmFsMS1kb2NrZXIucGtnLmRldi9zZXJ2ZXJsZXNzLXJ1bnRpbWVzL2dvb2dsZS0yMi1mdWxsL3J1bnRpbWVzL25vZGVqczIwQAE= for region us-central1
[info] +  functions[whatsappWebhook(us-central1)] Successful update operation. 
[debug] [2026-07-09T20:28:45.884Z] [update-default-us-central1-executeUserAction] Retrying task index 0
[debug] [2026-07-09T20:28:45.885Z] Checked if tokens are valid: true, expires at: 1783632331561
[debug] [2026-07-09T20:28:45.885Z] Checked if tokens are valid: true, expires at: 1783632331561
[debug] [2026-07-09T20:28:45.885Z] >>> [apiv2][query] GET https://cloudfunctions.googleapis.com/v2/projects/aip-v1-3f57c/locations/us-central1/operations/operation-1783628914114-6563377d64087-27cdf0e2-1ac52cfb [none]
[debug] [2026-07-09T20:28:45.971Z] <<< [apiv2][status] GET https://cloudfunctions.googleapis.com/v2/projects/aip-v1-3f57c/locations/us-central1/operations/operation-1783628914097-6563377d5fc27-af76b00d-192497a6 200
[debug] [2026-07-09T20:28:45.971Z] <<< [apiv2][body] GET https://cloudfunctions.googleapis.com/v2/projects/aip-v1-3f57c/locations/us-central1/operations/operation-1783628914097-6563377d5fc27-af76b00d-192497a6 {"name":"projects/aip-v1-3f57c/locations/us-central1/operations/operation-1783628914097-6563377d5fc27-af76b00d-192497a6","metadata":{"@type":"type.googleapis.com/google.cloud.functions.v2.OperationMetadata","createTime":"2026-07-09T20:28:35.189410325Z","endTime":"2026-07-09T20:28:42.443613574Z","target":"projects/aip-v1-3f57c/locations/us-central1/functions/emailWebhook","verb":"update","cancelRequested":false,"apiVersion":"v2","requestResource":{"@type":"type.googleapis.com/google.cloud.functions.v2.Function","name":"projects/aip-v1-3f57c/locations/us-central1/functions/emailWebhook","buildConfig":{"runtime":"nodejs20","entryPoint":"emailWebhook","source":{"storageSource":{"bucket":"gcf-v2-sources-171234470705-us-central1","object":"emailWebhook/function-source.zip","generation":"1783628915127904"}},"environmentVariables":{"GOOGLE_NODE_RUN_SCRIPTS":""},"dockerRepository":"projects/aip-v1-3f57c/locations/us-central1/repositories/gcf-artifacts","sourceProvenance":{"resolvedStorageSource":{"bucket":"gcf-v2-sources-171234470705-us-central1","object":"emailWebhook/function-source.zip","generation":"1782986803824652"}},"dockerRegistry":"ARTIFACT_REGISTRY","sourceToken":"Cldwcm9qZWN0cy8xNzEyMzQ0NzA3MDUvbG9jYXRpb25zL3VzLWNlbnRyYWwxL2J1aWxkcy85OWZiNjA2YS1lY2Q1LTQ1NzktOWM5Mi04OWEzZGFiNmVjMmEScHVzLWNlbnRyYWwxLWRvY2tlci5wa2cuZGV2L2FpcC12MS0zZjU3Yy9nY2YtYXJ0aWZhY3RzL2FpcC0tdjEtLTNmNTdjX191cy0tY2VudHJhbDFfX2NyZWF0ZV9reWNfc2Vzc2lvbjp2ZXJzaW9uXzEYsdb68v0EIkZwcm9qZWN0cy9haXAtdjEtM2Y1N2MvbG9jYXRpb25zL3VzLWNlbnRyYWwxL2Z1bmN0aW9ucy9jcmVhdGVLeWNTZXNzaW9uKgwI6YjA0gYQgNPpsgEyCG5vZGVqczIwOnYKI2djci5pby9nYWUtcnVudGltZXMvbm9kZWpzMjA6c3RhYmxlEk91cy1jZW50cmFsMS1kb2NrZXIucGtnLmRldi9zZXJ2ZXJsZXNzLXJ1bnRpbWVzL2dvb2dsZS0yMi1mdWxsL3J1bnRpbWVzL25vZGVqczIwQAE=","serviceAccount":"projects/aip-v1-3f57c/serviceAccounts/171234470705-compute@developer.gserviceaccount.com","automaticUpdatePolicy":{}},"serviceConfig":{"service":"projects/aip-v1-3f57c/locations/us-central1/services/emailwebhook","timeoutSeconds":60,"environmentVariables":{"SENDGRID_WEBHOOK_KEY":"tu_clave_secreta_aqui","META_WEBHOOK_VERIFY_TOKEN":"tu_token_de_verificacion","META_WHATSAPP_ACCESS_TOKEN":"tu_access_token_de_meta","FIREBASE_CONFIG":"{\"projectId\":\"aip-v1-3f57c\",\"storageBucket\":\"aip-v1-3f57c.firebasestorage.app\"}","GCLOUD_PROJECT":"aip-v1-3f57c","EVENTARC_CLOUD_EVENT_SOURCE":"projects/aip-v1-3f57c/locations/us-central1/services/emailWebhook","FUNCTION_TARGET":"emailWebhook","LOG_EXECUTION_ID":"true","FUNCTION_SIGNATURE_TYPE":"http"},"maxInstanceCount":5,"ingressSettings":"ALLOW_ALL","uri":"https://emailwebhook-xo4zljy57a-uc.a.run.app","serviceAccountEmail":"171234470705-compute@developer.gserviceaccount.com","availableMemory":"256Mi","allTrafficOnLatestRevision":true,"revision":"emailwebhook-00007-hox","maxInstanceRequestConcurrency":80,"availableCpu":"1"},"state":"ACTIVE","labels":{"deployment-tool":"cloud-console","firebase-functions-hash":"1fef5414712d901cd2c8056debfc465a0058a8e3"},"environment":"GEN_2","url":"https://us-central1-aip-v1-3f57c.cloudfunctions.net/emailWebhook","satisfiesPzi":true},"stages":[{"name":"BUILD","message":"Reusing build","state":"COMPLETE","resource":"projects/171234470705/locations/us-central1/builds/99fb606a-ecd5-4579-9c92-89a3dab6ec2a","stateMessages":[{"severity":"WARNING","type":"BuildAnalysisWarning","message":"Node.js 20 is no longer supported by the Node.js community as of 30 April, 2026. Runtime nodejs20 is currently deprecated for Cloud Functions. We recommend you to upgrade to the latest version of Node.js as soon as possible."}]},{"name":"SERVICE","message":"Updating Cloud Run service","state":"COMPLETE","resource":"projects/aip-v1-3f57c/locations/us-central1/services/emailwebhook","resourceUri":"https://console.cloud.google.com/run/detail/us-central1/emailwebhook?project=aip-v1-3f57c","stateMessages":[{"severity":"INFO","type":"CloudRunServiceNewRevisionTrafficInfo","message":"A new revision will be deployed serving with 100% traffic."}]}],"sourceToken":"Cldwcm9qZWN0cy8xNzEyMzQ0NzA3MDUvbG9jYXRpb25zL3VzLWNlbnRyYWwxL2J1aWxkcy85OWZiNjA2YS1lY2Q1LTQ1NzktOWM5Mi04OWEzZGFiNmVjMmEScHVzLWNlbnRyYWwxLWRvY2tlci5wa2cuZGV2L2FpcC12MS0zZjU3Yy9nY2YtYXJ0aWZhY3RzL2FpcC0tdjEtLTNmNTdjX191cy0tY2VudHJhbDFfX2NyZWF0ZV9reWNfc2Vzc2lvbjp2ZXJzaW9uXzEYsdb68v0EIkZwcm9qZWN0cy9haXAtdjEtM2Y1N2MvbG9jYXRpb25zL3VzLWNlbnRyYWwxL2Z1bmN0aW9ucy9jcmVhdGVLeWNTZXNzaW9uKgwI6YjA0gYQgNPpsgEyCG5vZGVqczIwOnYKI2djci5pby9nYWUtcnVudGltZXMvbm9kZWpzMjA6c3RhYmxlEk91cy1jZW50cmFsMS1kb2NrZXIucGtnLmRldi9zZXJ2ZXJsZXNzLXJ1bnRpbWVzL2dvb2dsZS0yMi1mdWxsL3J1bnRpbWVzL25vZGVqczIwQAE=","operationType":"UPDATE_FUNCTION","buildName":"projects/171234470705/locations/us-central1/builds/99fb606a-ecd5-4579-9c92-89a3dab6ec2a"},"done":true,"response":{"@type":"type.googleapis.com/google.cloud.functions.v2.Function","name":"projects/aip-v1-3f57c/locations/us-central1/functions/emailWebhook","buildConfig":{"build":"projects/171234470705/locations/us-central1/builds/99fb606a-ecd5-4579-9c92-89a3dab6ec2a","runtime":"nodejs20","entryPoint":"emailWebhook","source":{"storageSource":{"bucket":"gcf-v2-sources-171234470705-us-central1","object":"emailWebhook/function-source.zip","generation":"1783628915127904"}},"environmentVariables":{"GOOGLE_NODE_RUN_SCRIPTS":""},"dockerRepository":"projects/aip-v1-3f57c/locations/us-central1/repositories/gcf-artifacts","sourceProvenance":{"resolvedStorageSource":{"bucket":"gcf-v2-sources-171234470705-us-central1","object":"emailWebhook/function-source.zip","generation":"1783628915127904"}},"dockerRegistry":"ARTIFACT_REGISTRY","serviceAccount":"projects/aip-v1-3f57c/serviceAccounts/171234470705-compute@developer.gserviceaccount.com","automaticUpdatePolicy":{}},"serviceConfig":{"service":"projects/aip-v1-3f57c/locations/us-central1/services/emailwebhook","timeoutSeconds":60,"environmentVariables":{"SENDGRID_WEBHOOK_KEY":"tu_clave_secreta_aqui","META_WEBHOOK_VERIFY_TOKEN":"tu_token_de_verificacion","META_WHATSAPP_ACCESS_TOKEN":"tu_access_token_de_meta","FIREBASE_CONFIG":"{\"projectId\":\"aip-v1-3f57c\",\"storageBucket\":\"aip-v1-3f57c.firebasestorage.app\"}","GCLOUD_PROJECT":"aip-v1-3f57c","EVENTARC_CLOUD_EVENT_SOURCE":"projects/aip-v1-3f57c/locations/us-central1/services/emailWebhook","FUNCTION_TARGET":"emailWebhook","LOG_EXECUTION_ID":"true","FUNCTION_SIGNATURE_TYPE":"http"},"maxInstanceCount":5,"ingressSettings":"ALLOW_ALL","uri":"https://emailwebhook-xo4zljy57a-uc.a.run.app","serviceAccountEmail":"171234470705-compute@developer.gserviceaccount.com","availableMemory":"256Mi","allTrafficOnLatestRevision":true,"revision":"emailwebhook-00008-toz","maxInstanceRequestConcurrency":80,"availableCpu":"1"},"state":"ACTIVE","updateTime":"2026-07-09T20:28:35.192055002Z","labels":{"deployment-tool":"cli-firebase","firebase-functions-hash":"1fef5414712d901cd2c8056debfc465a0058a8e3"},"environment":"GEN_2","url":"https://us-central1-aip-v1-3f57c.cloudfunctions.net/emailWebhook","createTime":"2026-07-01T21:23:13.037044955Z","satisfiesPzi":true}}
[debug] [2026-07-09T20:28:45.971Z] Got source token Cldwcm9qZWN0cy8xNzEyMzQ0NzA3MDUvbG9jYXRpb25zL3VzLWNlbnRyYWwxL2J1aWxkcy85OWZiNjA2YS1lY2Q1LTQ1NzktOWM5Mi04OWEzZGFiNmVjMmEScHVzLWNlbnRyYWwxLWRvY2tlci5wa2cuZGV2L2FpcC12MS0zZjU3Yy9nY2YtYXJ0aWZhY3RzL2FpcC0tdjEtLTNmNTdjX191cy0tY2VudHJhbDFfX2NyZWF0ZV9reWNfc2Vzc2lvbjp2ZXJzaW9uXzEYsdb68v0EIkZwcm9qZWN0cy9haXAtdjEtM2Y1N2MvbG9jYXRpb25zL3VzLWNlbnRyYWwxL2Z1bmN0aW9ucy9jcmVhdGVLeWNTZXNzaW9uKgwI6YjA0gYQgNPpsgEyCG5vZGVqczIwOnYKI2djci5pby9nYWUtcnVudGltZXMvbm9kZWpzMjA6c3RhYmxlEk91cy1jZW50cmFsMS1kb2NrZXIucGtnLmRldi9zZXJ2ZXJsZXNzLXJ1bnRpbWVzL2dvb2dsZS0yMi1mdWxsL3J1bnRpbWVzL25vZGVqczIwQAE= for region us-central1
[info] +  functions[emailWebhook(us-central1)] Successful update operation. 
[debug] [2026-07-09T20:28:46.066Z] <<< [apiv2][status] GET https://compute.googleapis.com/compute/v1/projects/171234470705 403
[debug] [2026-07-09T20:28:46.066Z] <<< [apiv2][body] GET https://compute.googleapis.com/compute/v1/projects/171234470705 {"error":{"code":403,"message":"Compute Engine API has not been used in project 171234470705 before or it is disabled. Enable it by visiting https://console.developers.google.com/apis/api/compute.googleapis.com/overview?project=171234470705 then retry. If you enabled this API recently, wait a few minutes for the action to propagate to our systems and retry.","errors":[{"message":"Compute Engine API has not been used in project 171234470705 before or it is disabled. Enable it by visiting https://console.developers.google.com/apis/api/compute.googleapis.com/overview?project=171234470705 then retry. If you enabled this API recently, wait a few minutes for the action to propagate to our systems and retry.","domain":"usageLimits","reason":"accessNotConfigured","extendedHelp":"https://console.developers.google.com"}],"status":"PERMISSION_DENIED","details":[{"@type":"type.googleapis.com/google.rpc.ErrorInfo","reason":"SERVICE_DISABLED","domain":"googleapis.com","metadata":{"serviceTitle":"Compute Engine API","containerInfo":"171234470705","activationUrl":"https://console.developers.google.com/apis/api/compute.googleapis.com/overview?project=171234470705","service":"compute.googleapis.com","consumer":"projects/171234470705"}},{"@type":"type.googleapis.com/google.rpc.LocalizedMessage","locale":"en-US","message":"Compute Engine API has not been used in project 171234470705 before or it is disabled. Enable it by visiting https://console.developers.google.com/apis/api/compute.googleapis.com/overview?project=171234470705 then retry. If you enabled this API recently, wait a few minutes for the action to propagate to our systems and retry."},{"@type":"type.googleapis.com/google.rpc.Help","links":[{"description":"Google developers console API activation","url":"https://console.developers.google.com/apis/api/compute.googleapis.com/overview?project=171234470705"}]}]}}
[debug] [2026-07-09T20:28:46.066Z] unable to look up default compute service account. Falling back to 171234470705-compute@developer.gserviceaccount.com. Error: {"name":"FirebaseError","children":[],"context":{"body":{"error":{"code":403,"message":"Compute Engine API has not been used in project 171234470705 before or it is disabled. Enable it by visiting https://console.developers.google.com/apis/api/compute.googleapis.com/overview?project=171234470705 then retry. If you enabled this API recently, wait a few minutes for the action to propagate to our systems and retry.","errors":[{"message":"Compute Engine API has not been used in project 171234470705 before or it is disabled. Enable it by visiting https://console.developers.google.com/apis/api/compute.googleapis.com/overview?project=171234470705 then retry. If you enabled this API recently, wait a few minutes for the action to propagate to our systems and retry.","domain":"usageLimits","reason":"accessNotConfigured","extendedHelp":"https://console.developers.google.com"}],"status":"PERMISSION_DENIED","details":[{"@type":"type.googleapis.com/google.rpc.ErrorInfo","reason":"SERVICE_DISABLED","domain":"googleapis.com","metadata":{"serviceTitle":"Compute Engine API","containerInfo":"171234470705","activationUrl":"https://console.developers.google.com/apis/api/compute.googleapis.com/overview?project=171234470705","service":"compute.googleapis.com","consumer":"projects/171234470705"}},{"@type":"type.googleapis.com/google.rpc.LocalizedMessage","locale":"en-US","message":"Compute Engine API has not been used in project 171234470705 before or it is disabled. Enable it by visiting https://console.developers.google.com/apis/api/compute.googleapis.com/overview?project=171234470705 then retry. If you enabled this API recently, wait a few minutes for the action to propagate to our systems and retry."},{"@type":"type.googleapis.com/google.rpc.Help","links":[{"description":"Google developers console API activation","url":"https://console.developers.google.com/apis/api/compute.googleapis.com/overview?project=171234470705"}]}]}},"response":{"statusCode":403}},"exit":1,"message":"Request to https://compute.googleapis.com/compute/v1/projects/171234470705 had HTTP Error: 403, Compute Engine API has not been used in project 171234470705 before or it is disabled. Enable it by visiting https://console.developers.google.com/apis/api/compute.googleapis.com/overview?project=171234470705 then retry. If you enabled this API recently, wait a few minutes for the action to propagate to our systems and retry.","status":403}
[debug] [2026-07-09T20:28:46.067Z] Checked if tokens are valid: true, expires at: 1783632331561
[debug] [2026-07-09T20:28:46.067Z] Checked if tokens are valid: true, expires at: 1783632331561
[debug] [2026-07-09T20:28:46.067Z] >>> [apiv2][query] POST https://run.googleapis.com/v1/projects/aip-v1-3f57c/locations/us-central1/services/cleanupkycsessions:setIamPolicy [none]
[debug] [2026-07-09T20:28:46.067Z] >>> [apiv2][body] POST https://run.googleapis.com/v1/projects/aip-v1-3f57c/locations/us-central1/services/cleanupkycsessions:setIamPolicy {"policy":{"bindings":[{"role":"roles/run.invoker","members":["serviceAccount:171234470705-compute@developer.gserviceaccount.com"]}],"etag":"","version":3},"updateMask":"bindings,etag,version"}
[debug] [2026-07-09T20:28:46.525Z] <<< [apiv2][status] POST https://run.googleapis.com/v1/projects/aip-v1-3f57c/locations/us-central1/services/kycinit:setIamPolicy 400
[debug] [2026-07-09T20:28:46.526Z] <<< [apiv2][body] POST https://run.googleapis.com/v1/projects/aip-v1-3f57c/locations/us-central1/services/kycinit:setIamPolicy {"error":{"code":400,"message":"One or more users named in the policy do not belong to a permitted customer,  perhaps due to an organization policy.","status":"FAILED_PRECONDITION"}}
[error] Failed to set the IAM Policy on the Service projects/aip-v1-3f57c/locations/us-central1/services/kycinit
[debug] [2026-07-09T20:28:46.536Z] <<< [apiv2][status] POST https://run.googleapis.com/v1/projects/aip-v1-3f57c/locations/us-central1/services/kycattest:setIamPolicy 400
[debug] [2026-07-09T20:28:46.536Z] <<< [apiv2][body] POST https://run.googleapis.com/v1/projects/aip-v1-3f57c/locations/us-central1/services/kycattest:setIamPolicy {"error":{"code":400,"message":"One or more users named in the policy do not belong to a permitted customer,  perhaps due to an organization policy.","status":"FAILED_PRECONDITION"}}
[error] Failed to set the IAM Policy on the Service projects/aip-v1-3f57c/locations/us-central1/services/kycattest
[debug] [2026-07-09T20:28:46.600Z] <<< [apiv2][status] GET https://cloudfunctions.googleapis.com/v2/projects/aip-v1-3f57c/locations/us-central1/operations/operation-1783628914114-6563377d64087-27cdf0e2-1ac52cfb 200
[debug] [2026-07-09T20:28:46.600Z] <<< [apiv2][body] GET https://cloudfunctions.googleapis.com/v2/projects/aip-v1-3f57c/locations/us-central1/operations/operation-1783628914114-6563377d64087-27cdf0e2-1ac52cfb {"name":"projects/aip-v1-3f57c/locations/us-central1/operations/operation-1783628914114-6563377d64087-27cdf0e2-1ac52cfb","metadata":{"@type":"type.googleapis.com/google.cloud.functions.v2.OperationMetadata","createTime":"2026-07-09T20:28:35.150237043Z","endTime":"2026-07-09T20:28:45.425124246Z","target":"projects/aip-v1-3f57c/locations/us-central1/functions/executeUserAction","verb":"update","cancelRequested":false,"apiVersion":"v2","requestResource":{"@type":"type.googleapis.com/google.cloud.functions.v2.Function","name":"projects/aip-v1-3f57c/locations/us-central1/functions/executeUserAction","buildConfig":{"runtime":"nodejs20","entryPoint":"executeUserAction","source":{"storageSource":{"bucket":"gcf-v2-sources-171234470705-us-central1","object":"executeUserAction/function-source.zip","generation":"1783628915094628"}},"environmentVariables":{"GOOGLE_NODE_RUN_SCRIPTS":""},"dockerRepository":"projects/aip-v1-3f57c/locations/us-central1/repositories/gcf-artifacts","sourceProvenance":{"resolvedStorageSource":{"bucket":"gcf-v2-sources-171234470705-us-central1","object":"executeUserAction/function-source.zip","generation":"1782942710965334"}},"dockerRegistry":"ARTIFACT_REGISTRY","sourceToken":"Cldwcm9qZWN0cy8xNzEyMzQ0NzA3MDUvbG9jYXRpb25zL3VzLWNlbnRyYWwxL2J1aWxkcy85OWZiNjA2YS1lY2Q1LTQ1NzktOWM5Mi04OWEzZGFiNmVjMmEScHVzLWNlbnRyYWwxLWRvY2tlci5wa2cuZGV2L2FpcC12MS0zZjU3Yy9nY2YtYXJ0aWZhY3RzL2FpcC0tdjEtLTNmNTdjX191cy0tY2VudHJhbDFfX2NyZWF0ZV9reWNfc2Vzc2lvbjp2ZXJzaW9uXzEYsdb68v0EIkZwcm9qZWN0cy9haXAtdjEtM2Y1N2MvbG9jYXRpb25zL3VzLWNlbnRyYWwxL2Z1bmN0aW9ucy9jcmVhdGVLeWNTZXNzaW9uKgwI6YjA0gYQgNPpsgEyCG5vZGVqczIwOnYKI2djci5pby9nYWUtcnVudGltZXMvbm9kZWpzMjA6c3RhYmxlEk91cy1jZW50cmFsMS1kb2NrZXIucGtnLmRldi9zZXJ2ZXJsZXNzLXJ1bnRpbWVzL2dvb2dsZS0yMi1mdWxsL3J1bnRpbWVzL25vZGVqczIwQAE=","serviceAccount":"projects/aip-v1-3f57c/serviceAccounts/171234470705-compute@developer.gserviceaccount.com","automaticUpdatePolicy":{}},"serviceConfig":{"service":"projects/aip-v1-3f57c/locations/us-central1/services/executeuseraction","timeoutSeconds":60,"environmentVariables":{"SENDGRID_WEBHOOK_KEY":"tu_clave_secreta_aqui","META_WEBHOOK_VERIFY_TOKEN":"tu_token_de_verificacion","META_WHATSAPP_ACCESS_TOKEN":"tu_access_token_de_meta","FIREBASE_CONFIG":"{\"projectId\":\"aip-v1-3f57c\",\"storageBucket\":\"aip-v1-3f57c.firebasestorage.app\"}","GCLOUD_PROJECT":"aip-v1-3f57c","EVENTARC_CLOUD_EVENT_SOURCE":"projects/aip-v1-3f57c/locations/us-central1/services/executeUserAction","FUNCTION_TARGET":"executeUserAction","LOG_EXECUTION_ID":"true","FUNCTION_SIGNATURE_TYPE":"http"},"ingressSettings":"ALLOW_ALL","uri":"https://executeuseraction-xo4zljy57a-uc.a.run.app","serviceAccountEmail":"171234470705-compute@developer.gserviceaccount.com","minInstanceCount":1,"availableMemory":"256Mi","allTrafficOnLatestRevision":true,"revision":"executeuseraction-00007-toy","maxInstanceRequestConcurrency":80,"availableCpu":"1"},"state":"ACTIVE","labels":{"deployment-tool":"cloudfunctions","deployment-callable":"true","firebase-functions-hash":"1fef5414712d901cd2c8056debfc465a0058a8e3"},"environment":"GEN_2","url":"https://us-central1-aip-v1-3f57c.cloudfunctions.net/executeUserAction","satisfiesPzi":true},"stages":[{"name":"BUILD","message":"Reusing build","state":"COMPLETE","resource":"projects/171234470705/locations/us-central1/builds/99fb606a-ecd5-4579-9c92-89a3dab6ec2a","stateMessages":[{"severity":"WARNING","type":"BuildAnalysisWarning","message":"Node.js 20 is no longer supported by the Node.js community as of 30 April, 2026. Runtime nodejs20 is currently deprecated for Cloud Functions. We recommend you to upgrade to the latest version of Node.js as soon as possible."}]},{"name":"SERVICE","message":"Updating Cloud Run service","state":"COMPLETE","resource":"projects/aip-v1-3f57c/locations/us-central1/services/executeuseraction","resourceUri":"https://console.cloud.google.com/run/detail/us-central1/executeuseraction?project=aip-v1-3f57c","stateMessages":[{"severity":"INFO","type":"CloudRunServiceNewRevisionTrafficInfo","message":"A new revision will be deployed serving with 100% traffic."}]}],"sourceToken":"Cldwcm9qZWN0cy8xNzEyMzQ0NzA3MDUvbG9jYXRpb25zL3VzLWNlbnRyYWwxL2J1aWxkcy85OWZiNjA2YS1lY2Q1LTQ1NzktOWM5Mi04OWEzZGFiNmVjMmEScHVzLWNlbnRyYWwxLWRvY2tlci5wa2cuZGV2L2FpcC12MS0zZjU3Yy9nY2YtYXJ0aWZhY3RzL2FpcC0tdjEtLTNmNTdjX191cy0tY2VudHJhbDFfX2NyZWF0ZV9reWNfc2Vzc2lvbjp2ZXJzaW9uXzEYsdb68v0EIkZwcm9qZWN0cy9haXAtdjEtM2Y1N2MvbG9jYXRpb25zL3VzLWNlbnRyYWwxL2Z1bmN0aW9ucy9jcmVhdGVLeWNTZXNzaW9uKgwI6YjA0gYQgNPpsgEyCG5vZGVqczIwOnYKI2djci5pby9nYWUtcnVudGltZXMvbm9kZWpzMjA6c3RhYmxlEk91cy1jZW50cmFsMS1kb2NrZXIucGtnLmRldi9zZXJ2ZXJsZXNzLXJ1bnRpbWVzL2dvb2dsZS0yMi1mdWxsL3J1bnRpbWVzL25vZGVqczIwQAE=","operationType":"UPDATE_FUNCTION","buildName":"projects/171234470705/locations/us-central1/builds/99fb606a-ecd5-4579-9c92-89a3dab6ec2a"},"done":true,"response":{"@type":"type.googleapis.com/google.cloud.functions.v2.Function","name":"projects/aip-v1-3f57c/locations/us-central1/functions/executeUserAction","buildConfig":{"build":"projects/171234470705/locations/us-central1/builds/99fb606a-ecd5-4579-9c92-89a3dab6ec2a","runtime":"nodejs20","entryPoint":"executeUserAction","source":{"storageSource":{"bucket":"gcf-v2-sources-171234470705-us-central1","object":"executeUserAction/function-source.zip","generation":"1783628915094628"}},"environmentVariables":{"GOOGLE_NODE_RUN_SCRIPTS":""},"dockerRepository":"projects/aip-v1-3f57c/locations/us-central1/repositories/gcf-artifacts","sourceProvenance":{"resolvedStorageSource":{"bucket":"gcf-v2-sources-171234470705-us-central1","object":"executeUserAction/function-source.zip","generation":"1783628915094628"}},"dockerRegistry":"ARTIFACT_REGISTRY","serviceAccount":"projects/aip-v1-3f57c/serviceAccounts/171234470705-compute@developer.gserviceaccount.com","automaticUpdatePolicy":{}},"serviceConfig":{"service":"projects/aip-v1-3f57c/locations/us-central1/services/executeuseraction","timeoutSeconds":60,"environmentVariables":{"SENDGRID_WEBHOOK_KEY":"tu_clave_secreta_aqui","META_WEBHOOK_VERIFY_TOKEN":"tu_token_de_verificacion","META_WHATSAPP_ACCESS_TOKEN":"tu_access_token_de_meta","FIREBASE_CONFIG":"{\"projectId\":\"aip-v1-3f57c\",\"storageBucket\":\"aip-v1-3f57c.firebasestorage.app\"}","GCLOUD_PROJECT":"aip-v1-3f57c","EVENTARC_CLOUD_EVENT_SOURCE":"projects/aip-v1-3f57c/locations/us-central1/services/executeUserAction","FUNCTION_TARGET":"executeUserAction","LOG_EXECUTION_ID":"true","FUNCTION_SIGNATURE_TYPE":"http"},"maxInstanceCount":20,"ingressSettings":"ALLOW_ALL","uri":"https://executeuseraction-xo4zljy57a-uc.a.run.app","serviceAccountEmail":"171234470705-compute@developer.gserviceaccount.com","minInstanceCount":1,"availableMemory":"256Mi","allTrafficOnLatestRevision":true,"revision":"executeuseraction-00008-hez","maxInstanceRequestConcurrency":80,"availableCpu":"1"},"state":"ACTIVE","updateTime":"2026-07-09T20:28:35.152366934Z","labels":{"deployment-callable":"true","firebase-functions-hash":"1fef5414712d901cd2c8056debfc465a0058a8e3","deployment-tool":"cli-firebase"},"environment":"GEN_2","url":"https://us-central1-aip-v1-3f57c.cloudfunctions.net/executeUserAction","createTime":"2026-06-17T14:33:52.840103249Z","satisfiesPzi":true}}
[debug] [2026-07-09T20:28:46.600Z] Got source token Cldwcm9qZWN0cy8xNzEyMzQ0NzA3MDUvbG9jYXRpb25zL3VzLWNlbnRyYWwxL2J1aWxkcy85OWZiNjA2YS1lY2Q1LTQ1NzktOWM5Mi04OWEzZGFiNmVjMmEScHVzLWNlbnRyYWwxLWRvY2tlci5wa2cuZGV2L2FpcC12MS0zZjU3Yy9nY2YtYXJ0aWZhY3RzL2FpcC0tdjEtLTNmNTdjX191cy0tY2VudHJhbDFfX2NyZWF0ZV9reWNfc2Vzc2lvbjp2ZXJzaW9uXzEYsdb68v0EIkZwcm9qZWN0cy9haXAtdjEtM2Y1N2MvbG9jYXRpb25zL3VzLWNlbnRyYWwxL2Z1bmN0aW9ucy9jcmVhdGVLeWNTZXNzaW9uKgwI6YjA0gYQgNPpsgEyCG5vZGVqczIwOnYKI2djci5pby9nYWUtcnVudGltZXMvbm9kZWpzMjA6c3RhYmxlEk91cy1jZW50cmFsMS1kb2NrZXIucGtnLmRldi9zZXJ2ZXJsZXNzLXJ1bnRpbWVzL2dvb2dsZS0yMi1mdWxsL3J1bnRpbWVzL25vZGVqczIwQAE= for region us-central1
[info] +  functions[executeUserAction(us-central1)] Successful update operation. 
[debug] [2026-07-09T20:28:46.996Z] <<< [apiv2][status] POST https://run.googleapis.com/v1/projects/aip-v1-3f57c/locations/us-central1/services/cleanupkycsessions:setIamPolicy 200
[debug] [2026-07-09T20:28:46.996Z] <<< [apiv2][body] POST https://run.googleapis.com/v1/projects/aip-v1-3f57c/locations/us-central1/services/cleanupkycsessions:setIamPolicy {"version":1,"etag":"BwZWM3iiUlI=","bindings":[{"role":"roles/run.invoker","members":["serviceAccount:171234470705-compute@developer.gserviceaccount.com"]}]}
[debug] [2026-07-09T20:28:46.997Z] Checked if tokens are valid: true, expires at: 1783632331561
[debug] [2026-07-09T20:28:46.997Z] Checked if tokens are valid: true, expires at: 1783632331561
[debug] [2026-07-09T20:28:46.997Z] >>> [apiv2][query] GET https://compute.googleapis.com/compute/v1/projects/171234470705 [none]
[debug] [2026-07-09T20:28:47.206Z] <<< [apiv2][status] GET https://compute.googleapis.com/compute/v1/projects/171234470705 403
[debug] [2026-07-09T20:28:47.206Z] <<< [apiv2][body] GET https://compute.googleapis.com/compute/v1/projects/171234470705 {"error":{"code":403,"message":"Compute Engine API has not been used in project 171234470705 before or it is disabled. Enable it by visiting https://console.developers.google.com/apis/api/compute.googleapis.com/overview?project=171234470705 then retry. If you enabled this API recently, wait a few minutes for the action to propagate to our systems and retry.","errors":[{"message":"Compute Engine API has not been used in project 171234470705 before or it is disabled. Enable it by visiting https://console.developers.google.com/apis/api/compute.googleapis.com/overview?project=171234470705 then retry. If you enabled this API recently, wait a few minutes for the action to propagate to our systems and retry.","domain":"usageLimits","reason":"accessNotConfigured","extendedHelp":"https://console.developers.google.com"}],"status":"PERMISSION_DENIED","details":[{"@type":"type.googleapis.com/google.rpc.ErrorInfo","reason":"SERVICE_DISABLED","domain":"googleapis.com","metadata":{"activationUrl":"https://console.developers.google.com/apis/api/compute.googleapis.com/overview?project=171234470705","consumer":"projects/171234470705","service":"compute.googleapis.com","serviceTitle":"Compute Engine API","containerInfo":"171234470705"}},{"@type":"type.googleapis.com/google.rpc.LocalizedMessage","locale":"en-US","message":"Compute Engine API has not been used in project 171234470705 before or it is disabled. Enable it by visiting https://console.developers.google.com/apis/api/compute.googleapis.com/overview?project=171234470705 then retry. If you enabled this API recently, wait a few minutes for the action to propagate to our systems and retry."},{"@type":"type.googleapis.com/google.rpc.Help","links":[{"description":"Google developers console API activation","url":"https://console.developers.google.com/apis/api/compute.googleapis.com/overview?project=171234470705"}]}]}}
[debug] [2026-07-09T20:28:47.206Z] unable to look up default compute service account. Falling back to 171234470705-compute@developer.gserviceaccount.com. Error: {"name":"FirebaseError","children":[],"context":{"body":{"error":{"code":403,"message":"Compute Engine API has not been used in project 171234470705 before or it is disabled. Enable it by visiting https://console.developers.google.com/apis/api/compute.googleapis.com/overview?project=171234470705 then retry. If you enabled this API recently, wait a few minutes for the action to propagate to our systems and retry.","errors":[{"message":"Compute Engine API has not been used in project 171234470705 before or it is disabled. Enable it by visiting https://console.developers.google.com/apis/api/compute.googleapis.com/overview?project=171234470705 then retry. If you enabled this API recently, wait a few minutes for the action to propagate to our systems and retry.","domain":"usageLimits","reason":"accessNotConfigured","extendedHelp":"https://console.developers.google.com"}],"status":"PERMISSION_DENIED","details":[{"@type":"type.googleapis.com/google.rpc.ErrorInfo","reason":"SERVICE_DISABLED","domain":"googleapis.com","metadata":{"activationUrl":"https://console.developers.google.com/apis/api/compute.googleapis.com/overview?project=171234470705","consumer":"projects/171234470705","service":"compute.googleapis.com","serviceTitle":"Compute Engine API","containerInfo":"171234470705"}},{"@type":"type.googleapis.com/google.rpc.LocalizedMessage","locale":"en-US","message":"Compute Engine API has not been used in project 171234470705 before or it is disabled. Enable it by visiting https://console.developers.google.com/apis/api/compute.googleapis.com/overview?project=171234470705 then retry. If you enabled this API recently, wait a few minutes for the action to propagate to our systems and retry."},{"@type":"type.googleapis.com/google.rpc.Help","links":[{"description":"Google developers console API activation","url":"https://console.developers.google.com/apis/api/compute.googleapis.com/overview?project=171234470705"}]}]}},"response":{"statusCode":403}},"exit":1,"message":"Request to https://compute.googleapis.com/compute/v1/projects/171234470705 had HTTP Error: 403, Compute Engine API has not been used in project 171234470705 before or it is disabled. Enable it by visiting https://console.developers.google.com/apis/api/compute.googleapis.com/overview?project=171234470705 then retry. If you enabled this API recently, wait a few minutes for the action to propagate to our systems and retry.","status":403}
[debug] [2026-07-09T20:28:47.207Z] Checked if tokens are valid: true, expires at: 1783632331561
[debug] [2026-07-09T20:28:47.207Z] Checked if tokens are valid: true, expires at: 1783632331561
[debug] [2026-07-09T20:28:47.207Z] >>> [apiv2][query] GET https://cloudscheduler.googleapis.com/v1/projects/aip-v1-3f57c/locations/us-central1/jobs/firebase-schedule-cleanupKycSessions-us-central1 [none]
[debug] [2026-07-09T20:28:48.056Z] <<< [apiv2][status] GET https://cloudscheduler.googleapis.com/v1/projects/aip-v1-3f57c/locations/us-central1/jobs/firebase-schedule-cleanupKycSessions-us-central1 404
[debug] [2026-07-09T20:28:48.056Z] <<< [apiv2][body] GET https://cloudscheduler.googleapis.com/v1/projects/aip-v1-3f57c/locations/us-central1/jobs/firebase-schedule-cleanupKycSessions-us-central1 {"error":{"code":404,"message":"Job not found.","status":"NOT_FOUND"}}
[debug] [2026-07-09T20:28:48.056Z] Checked if tokens are valid: true, expires at: 1783632331561
[debug] [2026-07-09T20:28:48.056Z] Checked if tokens are valid: true, expires at: 1783632331561
[debug] [2026-07-09T20:28:48.056Z] >>> [apiv2][query] POST https://cloudscheduler.googleapis.com/v1/projects/aip-v1-3f57c/locations/us-central1/jobs [none]
[debug] [2026-07-09T20:28:48.056Z] >>> [apiv2][body] POST https://cloudscheduler.googleapis.com/v1/projects/aip-v1-3f57c/locations/us-central1/jobs {"timeZone":"UTC","name":"projects/aip-v1-3f57c/locations/us-central1/jobs/firebase-schedule-cleanupKycSessions-us-central1","httpTarget":{"uri":"https://us-central1-aip-v1-3f57c.cloudfunctions.net/cleanupKycSessions","httpMethod":"POST","oidcToken":{"serviceAccountEmail":"171234470705-compute@developer.gserviceaccount.com"}},"schedule":"every 10 minutes","attemptDeadline":null,"retryConfig":{"maxDoublings":null,"retryCount":null,"maxBackoffDuration":null,"minBackoffDuration":null,"maxRetryDuration":null}}
[debug] [2026-07-09T20:28:53.909Z] [create-default-us-central1-createKycSession] Retrying task index 0
[debug] [2026-07-09T20:28:53.909Z] Checked if tokens are valid: true, expires at: 1783632331561
[debug] [2026-07-09T20:28:53.909Z] Checked if tokens are valid: true, expires at: 1783632331561
[debug] [2026-07-09T20:28:53.909Z] >>> [apiv2][query] GET https://cloudfunctions.googleapis.com/v2/projects/aip-v1-3f57c/locations/us-central1/operations/operation-1783628858750-656337489744c-f239f74d-510dfb74 [none]
[debug] [2026-07-09T20:28:54.669Z] <<< [apiv2][status] GET https://cloudfunctions.googleapis.com/v2/projects/aip-v1-3f57c/locations/us-central1/operations/operation-1783628858750-656337489744c-f239f74d-510dfb74 200
[debug] [2026-07-09T20:28:54.670Z] <<< [apiv2][body] GET https://cloudfunctions.googleapis.com/v2/projects/aip-v1-3f57c/locations/us-central1/operations/operation-1783628858750-656337489744c-f239f74d-510dfb74 {"name":"projects/aip-v1-3f57c/locations/us-central1/operations/operation-1783628858750-656337489744c-f239f74d-510dfb74","metadata":{"@type":"type.googleapis.com/google.cloud.functions.v2.OperationMetadata","createTime":"2026-07-09T20:27:39.464845760Z","endTime":"2026-07-09T20:28:45.249432886Z","target":"projects/aip-v1-3f57c/locations/us-central1/functions/createKycSession","verb":"create","cancelRequested":false,"apiVersion":"v2","requestResource":{"@type":"type.googleapis.com/google.cloud.functions.v2.Function","name":"projects/aip-v1-3f57c/locations/us-central1/functions/createKycSession","buildConfig":{"runtime":"nodejs20","entryPoint":"createKycSession","source":{"storageSource":{"bucket":"gcf-v2-sources-171234470705-us-central1","object":"createKycSession/function-source.zip","generation":"1783628859061477"}},"environmentVariables":{"GOOGLE_NODE_RUN_SCRIPTS":""},"serviceAccount":"projects/aip-v1-3f57c/serviceAccounts/171234470705-compute@developer.gserviceaccount.com","automaticUpdatePolicy":{}},"serviceConfig":{"service":"projects/aip-v1-3f57c/locations/us-central1/services/createkycsession","timeoutSeconds":60,"environmentVariables":{"SENDGRID_WEBHOOK_KEY":"tu_clave_secreta_aqui","META_WEBHOOK_VERIFY_TOKEN":"tu_token_de_verificacion","META_WHATSAPP_ACCESS_TOKEN":"tu_access_token_de_meta","FIREBASE_CONFIG":"{\"projectId\":\"aip-v1-3f57c\",\"storageBucket\":\"aip-v1-3f57c.firebasestorage.app\"}","GCLOUD_PROJECT":"aip-v1-3f57c","EVENTARC_CLOUD_EVENT_SOURCE":"projects/aip-v1-3f57c/locations/us-central1/services/createKycSession","FUNCTION_TARGET":"createKycSession","LOG_EXECUTION_ID":"true"},"ingressSettings":"ALLOW_ALL","serviceAccountEmail":"171234470705-compute@developer.gserviceaccount.com","minInstanceCount":1,"availableMemory":"256Mi","maxInstanceRequestConcurrency":80,"availableCpu":"1"},"labels":{"deployment-tool":"cli-firebase","deployment-callable":"true","firebase-functions-hash":"1fef5414712d901cd2c8056debfc465a0058a8e3"},"environment":"GEN_2"},"stages":[{"name":"BUILD","message":"Build finished","state":"COMPLETE","resource":"projects/171234470705/locations/us-central1/builds/99fb606a-ecd5-4579-9c92-89a3dab6ec2a","resourceUri":"https://console.cloud.google.com/cloud-build/builds;region=us-central1/99fb606a-ecd5-4579-9c92-89a3dab6ec2a?project=171234470705"},{"name":"SERVICE","message":"Creating Cloud Run service","state":"COMPLETE","resource":"projects/aip-v1-3f57c/locations/us-central1/services/createkycsession","resourceUri":"https://console.cloud.google.com/run/detail/us-central1/createkycsession?project=aip-v1-3f57c"}],"sourceToken":"Cldwcm9qZWN0cy8xNzEyMzQ0NzA3MDUvbG9jYXRpb25zL3VzLWNlbnRyYWwxL2J1aWxkcy85OWZiNjA2YS1lY2Q1LTQ1NzktOWM5Mi04OWEzZGFiNmVjMmEScHVzLWNlbnRyYWwxLWRvY2tlci5wa2cuZGV2L2FpcC12MS0zZjU3Yy9nY2YtYXJ0aWZhY3RzL2FpcC0tdjEtLTNmNTdjX191cy0tY2VudHJhbDFfX2NyZWF0ZV9reWNfc2Vzc2lvbjp2ZXJzaW9uXzEYsdb68v0EIkZwcm9qZWN0cy9haXAtdjEtM2Y1N2MvbG9jYXRpb25zL3VzLWNlbnRyYWwxL2Z1bmN0aW9ucy9jcmVhdGVLeWNTZXNzaW9uKgwI6YjA0gYQgNPpsgEyCG5vZGVqczIwOnYKI2djci5pby9nYWUtcnVudGltZXMvbm9kZWpzMjA6c3RhYmxlEk91cy1jZW50cmFsMS1kb2NrZXIucGtnLmRldi9zZXJ2ZXJsZXNzLXJ1bnRpbWVzL2dvb2dsZS0yMi1mdWxsL3J1bnRpbWVzL25vZGVqczIwQAE=","operationType":"CREATE_FUNCTION","buildName":"projects/171234470705/locations/us-central1/builds/99fb606a-ecd5-4579-9c92-89a3dab6ec2a"},"done":true,"response":{"@type":"type.googleapis.com/google.cloud.functions.v2.Function","name":"projects/aip-v1-3f57c/locations/us-central1/functions/createKycSession","buildConfig":{"build":"projects/171234470705/locations/us-central1/builds/99fb606a-ecd5-4579-9c92-89a3dab6ec2a","runtime":"nodejs20","entryPoint":"createKycSession","source":{"storageSource":{"bucket":"gcf-v2-sources-171234470705-us-central1","object":"createKycSession/function-source.zip","generation":"1783628859061477"}},"environmentVariables":{"GOOGLE_NODE_RUN_SCRIPTS":""},"dockerRepository":"projects/aip-v1-3f57c/locations/us-central1/repositories/gcf-artifacts","sourceProvenance":{"resolvedStorageSource":{"bucket":"gcf-v2-sources-171234470705-us-central1","object":"createKycSession/function-source.zip","generation":"1783628859061477"}},"dockerRegistry":"ARTIFACT_REGISTRY","serviceAccount":"projects/aip-v1-3f57c/serviceAccounts/171234470705-compute@developer.gserviceaccount.com","automaticUpdatePolicy":{}},"serviceConfig":{"service":"projects/aip-v1-3f57c/locations/us-central1/services/createkycsession","timeoutSeconds":60,"environmentVariables":{"SENDGRID_WEBHOOK_KEY":"tu_clave_secreta_aqui","META_WEBHOOK_VERIFY_TOKEN":"tu_token_de_verificacion","META_WHATSAPP_ACCESS_TOKEN":"tu_access_token_de_meta","FIREBASE_CONFIG":"{\"projectId\":\"aip-v1-3f57c\",\"storageBucket\":\"aip-v1-3f57c.firebasestorage.app\"}","GCLOUD_PROJECT":"aip-v1-3f57c","EVENTARC_CLOUD_EVENT_SOURCE":"projects/aip-v1-3f57c/locations/us-central1/services/createKycSession","FUNCTION_TARGET":"createKycSession","LOG_EXECUTION_ID":"true"},"ingressSettings":"ALLOW_ALL","uri":"https://createkycsession-xo4zljy57a-uc.a.run.app","serviceAccountEmail":"171234470705-compute@developer.gserviceaccount.com","minInstanceCount":1,"availableMemory":"256Mi","allTrafficOnLatestRevision":true,"revision":"createkycsession-00001-feg","maxInstanceRequestConcurrency":80,"availableCpu":"1"},"state":"ACTIVE","updateTime":"2026-07-09T20:27:39.459683352Z","labels":{"deployment-callable":"true","firebase-functions-hash":"1fef5414712d901cd2c8056debfc465a0058a8e3","deployment-tool":"cli-firebase"},"environment":"GEN_2","url":"https://us-central1-aip-v1-3f57c.cloudfunctions.net/createKycSession","createTime":"2026-07-09T20:27:39.459683352Z","satisfiesPzi":true}}
[debug] [2026-07-09T20:28:54.670Z] Got source token Cldwcm9qZWN0cy8xNzEyMzQ0NzA3MDUvbG9jYXRpb25zL3VzLWNlbnRyYWwxL2J1aWxkcy85OWZiNjA2YS1lY2Q1LTQ1NzktOWM5Mi04OWEzZGFiNmVjMmEScHVzLWNlbnRyYWwxLWRvY2tlci5wa2cuZGV2L2FpcC12MS0zZjU3Yy9nY2YtYXJ0aWZhY3RzL2FpcC0tdjEtLTNmNTdjX191cy0tY2VudHJhbDFfX2NyZWF0ZV9reWNfc2Vzc2lvbjp2ZXJzaW9uXzEYsdb68v0EIkZwcm9qZWN0cy9haXAtdjEtM2Y1N2MvbG9jYXRpb25zL3VzLWNlbnRyYWwxL2Z1bmN0aW9ucy9jcmVhdGVLeWNTZXNzaW9uKgwI6YjA0gYQgNPpsgEyCG5vZGVqczIwOnYKI2djci5pby9nYWUtcnVudGltZXMvbm9kZWpzMjA6c3RhYmxlEk91cy1jZW50cmFsMS1kb2NrZXIucGtnLmRldi9zZXJ2ZXJsZXNzLXJ1bnRpbWVzL2dvb2dsZS0yMi1mdWxsL3J1bnRpbWVzL25vZGVqczIwQAE= for region us-central1
[debug] [2026-07-09T20:28:54.670Z] Checked if tokens are valid: true, expires at: 1783632331561
[debug] [2026-07-09T20:28:54.670Z] Checked if tokens are valid: true, expires at: 1783632331561
[debug] [2026-07-09T20:28:54.671Z] >>> [apiv2][query] POST https://run.googleapis.com/v1/projects/aip-v1-3f57c/locations/us-central1/services/createkycsession:setIamPolicy [none]
[debug] [2026-07-09T20:28:54.671Z] >>> [apiv2][body] POST https://run.googleapis.com/v1/projects/aip-v1-3f57c/locations/us-central1/services/createkycsession:setIamPolicy {"policy":{"bindings":[{"role":"roles/run.invoker","members":["allUsers"]}],"etag":"","version":3},"updateMask":"bindings,etag,version"}
[debug] [2026-07-09T20:28:55.040Z] <<< [apiv2][status] POST https://cloudscheduler.googleapis.com/v1/projects/aip-v1-3f57c/locations/us-central1/jobs 200
[debug] [2026-07-09T20:28:55.040Z] <<< [apiv2][body] POST https://cloudscheduler.googleapis.com/v1/projects/aip-v1-3f57c/locations/us-central1/jobs {"name":"projects/aip-v1-3f57c/locations/us-central1/jobs/firebase-schedule-cleanupKycSessions-us-central1","httpTarget":{"uri":"https://us-central1-aip-v1-3f57c.cloudfunctions.net/cleanupKycSessions","httpMethod":"POST","headers":{"User-Agent":"Google-Cloud-Scheduler"},"oidcToken":{"serviceAccountEmail":"171234470705-compute@developer.gserviceaccount.com","audience":"https://us-central1-aip-v1-3f57c.cloudfunctions.net/cleanupKycSessions"}},"userUpdateTime":"2026-07-09T20:28:55.390608Z","state":"ENABLED","status":{"code":-1},"scheduleTime":"2026-07-09T20:38:00Z","retryConfig":{"maxRetryDuration":"0s","minBackoffDuration":"5s","maxBackoffDuration":"3600s","maxDoublings":5},"schedule":"every 10 minutes","timeZone":"UTC","attemptDeadline":"180s"}
[debug] [2026-07-09T20:28:55.041Z] created scheduler job firebase-schedule-cleanupKycSessions-us-central1
[info] +  functions[cleanupKycSessions(us-central1)] Successful create operation. 
[debug] [2026-07-09T20:28:55.527Z] <<< [apiv2][status] POST https://run.googleapis.com/v1/projects/aip-v1-3f57c/locations/us-central1/services/createkycsession:setIamPolicy 400
[debug] [2026-07-09T20:28:55.527Z] <<< [apiv2][body] POST https://run.googleapis.com/v1/projects/aip-v1-3f57c/locations/us-central1/services/createkycsession:setIamPolicy {"error":{"code":400,"message":"One or more users named in the policy do not belong to a permitted customer,  perhaps due to an organization policy.","status":"FAILED_PRECONDITION"}}
[error] Failed to set the IAM Policy on the Service projects/aip-v1-3f57c/locations/us-central1/services/createkycsession
[debug] [2026-07-09T20:28:55.542Z] Total Function Deployment time: 78020
[debug] [2026-07-09T20:28:55.543Z] 7 Functions Deployed
[debug] [2026-07-09T20:28:55.543Z] 3 Functions Errored
[debug] [2026-07-09T20:28:55.543Z] 0 Function Deployments Aborted
[debug] [2026-07-09T20:28:55.543Z] Average Function Deployment time: 71345.42857142857
[info] 
[info] Functions deploy had errors with the following functions:
	createKycSession(us-central1)
	kycAttest(us-central1)
	kycInit(us-central1)
[info] 
[info] Unable to set the invoker for the IAM policy on the following functions:
	createKycSession(us-central1)
	kycAttest(us-central1)
	kycInit(us-central1)
[info] 
[info] Some common causes of this:
[info] 
[info] - You may not have the roles/functions.admin IAM role. Note that roles/functions.developer does not allow you to change IAM policies.
[info] 
[info] - An organization policy that restricts Network Access on your project.
[info] Function URL (emailWebhook(us-central1)): https://emailwebhook-xo4zljy57a-uc.a.run.app
[info] Function URL (whatsappWebhook(us-central1)): https://whatsappwebhook-xo4zljy57a-uc.a.run.app
[debug] [2026-07-09T20:28:55.766Z] Checked if tokens are valid: true, expires at: 1783632331561
[debug] [2026-07-09T20:28:55.766Z] Checked if tokens are valid: true, expires at: 1783632331561
[debug] [2026-07-09T20:28:55.767Z] >>> [apiv2][query] GET https://artifactregistry.googleapis.com/v1/projects/aip-v1-3f57c/locations/us-central1/repositories/gcf-artifacts [none]
[debug] [2026-07-09T20:28:56.705Z] <<< [apiv2][status] GET https://artifactregistry.googleapis.com/v1/projects/aip-v1-3f57c/locations/us-central1/repositories/gcf-artifacts 200
[debug] [2026-07-09T20:28:56.706Z] <<< [apiv2][body] GET https://artifactregistry.googleapis.com/v1/projects/aip-v1-3f57c/locations/us-central1/repositories/gcf-artifacts {"name":"projects/aip-v1-3f57c/locations/us-central1/repositories/gcf-artifacts","format":"DOCKER","description":"This repository is created and used by Cloud Functions for storing function docker images.","labels":{"goog-managed-by":"cloudfunctions"},"createTime":"2026-06-17T14:34:03.303331Z","updateTime":"2026-07-09T20:28:19.058754Z","mode":"STANDARD_REPOSITORY","cleanupPolicies":{"firebase-functions-cleanup":{"id":"firebase-functions-cleanup","action":"DELETE","condition":{"tagState":"ANY","olderThan":"86400s"}}},"sizeBytes":"88701088","vulnerabilityScanningConfig":{"lastEnableTime":"2026-06-17T14:33:53.099996742Z","enablementState":"SCANNING_DISABLED","enablementStateReason":"API containerscanning.googleapis.com is not enabled."},"satisfiesPzi":true,"registryUri":"us-central1-docker.pkg.dev/aip-v1-3f57c/gcf-artifacts"}
[debug] [2026-07-09T20:28:56.706Z] Functions deploy failed.
[debug] [2026-07-09T20:28:56.706Z] {
  "endpoint": {
    "id": "kycInit",
    "project": "aip-v1-3f57c",
    "region": "us-central1",
    "entryPoint": "kycInit",
    "platform": "gcfv2",
    "runtime": "nodejs20",
    "callableTrigger": {},
    "labels": {
      "deployment-tool": "cli-firebase"
    },
    "serviceAccount": null,
    "ingressSettings": null,
    "availableMemoryMb": null,
    "timeoutSeconds": null,
    "maxInstances": null,
    "minInstances": 1,
    "concurrency": 80,
    "vpc": null,
    "environmentVariables": {
      "SENDGRID_WEBHOOK_KEY": "tu_clave_secreta_aqui",
      "META_WEBHOOK_VERIFY_TOKEN": "tu_token_de_verificacion",
      "META_WHATSAPP_ACCESS_TOKEN": "tu_access_token_de_meta",
      "FIREBASE_CONFIG": "{\"projectId\":\"aip-v1-3f57c\",\"storageBucket\":\"aip-v1-3f57c.firebasestorage.app\"}",
      "GCLOUD_PROJECT": "aip-v1-3f57c",
      "EVENTARC_CLOUD_EVENT_SOURCE": "projects/aip-v1-3f57c/locations/us-central1/services/kycInit"
    },
    "codebase": "default",
    "cpu": 1,
    "targetedByOnly": false,
    "hash": "1fef5414712d901cd2c8056debfc465a0058a8e3",
    "uri": "https://us-central1-aip-v1-3f57c.cloudfunctions.net/kycInit",
    "runServiceId": "kycinit"
  },
  "op": "set invoker",
  "original": {
    "name": "FirebaseError",
    "children": [],
    "exit": 1,
    "message": "Failed to set the IAM Policy on the Service projects/aip-v1-3f57c/locations/us-central1/services/kycinit",
    "original": {
      "name": "FirebaseError",
      "children": [],
      "context": {
        "body": {
          "error": {
            "code": 400,
            "message": "One or more users named in the policy do not belong to a permitted customer,  perhaps due to an organization policy.",
            "status": "FAILED_PRECONDITION"
          }
        },
        "response": {
          "statusCode": 400
        }
      },
      "exit": 1,
      "message": "Request to https://run.googleapis.com/v1/projects/aip-v1-3f57c/locations/us-central1/services/kycinit:setIamPolicy had HTTP Error: 400, One or more users named in the policy do not belong to a permitted customer,  perhaps due to an organization policy.",
      "status": 400
    },
    "status": 400,
    "code": 400
  }
}
[debug] [2026-07-09T20:28:56.706Z] {
  "endpoint": {
    "id": "kycAttest",
    "project": "aip-v1-3f57c",
    "region": "us-central1",
    "entryPoint": "kycAttest",
    "platform": "gcfv2",
    "runtime": "nodejs20",
    "callableTrigger": {},
    "labels": {
      "deployment-tool": "cli-firebase"
    },
    "serviceAccount": null,
    "ingressSettings": null,
    "availableMemoryMb": null,
    "timeoutSeconds": null,
    "maxInstances": null,
    "minInstances": 1,
    "concurrency": 80,
    "vpc": null,
    "environmentVariables": {
      "SENDGRID_WEBHOOK_KEY": "tu_clave_secreta_aqui",
      "META_WEBHOOK_VERIFY_TOKEN": "tu_token_de_verificacion",
      "META_WHATSAPP_ACCESS_TOKEN": "tu_access_token_de_meta",
      "FIREBASE_CONFIG": "{\"projectId\":\"aip-v1-3f57c\",\"storageBucket\":\"aip-v1-3f57c.firebasestorage.app\"}",
      "GCLOUD_PROJECT": "aip-v1-3f57c",
      "EVENTARC_CLOUD_EVENT_SOURCE": "projects/aip-v1-3f57c/locations/us-central1/services/kycAttest"
    },
    "codebase": "default",
    "cpu": 1,
    "targetedByOnly": false,
    "hash": "1fef5414712d901cd2c8056debfc465a0058a8e3",
    "uri": "https://us-central1-aip-v1-3f57c.cloudfunctions.net/kycAttest",
    "runServiceId": "kycattest"
  },
  "op": "set invoker",
  "original": {
    "name": "FirebaseError",
    "children": [],
    "exit": 1,
    "message": "Failed to set the IAM Policy on the Service projects/aip-v1-3f57c/locations/us-central1/services/kycattest",
    "original": {
      "name": "FirebaseError",
      "children": [],
      "context": {
        "body": {
          "error": {
            "code": 400,
            "message": "One or more users named in the policy do not belong to a permitted customer,  perhaps due to an organization policy.",
            "status": "FAILED_PRECONDITION"
          }
        },
        "response": {
          "statusCode": 400
        }
      },
      "exit": 1,
      "message": "Request to https://run.googleapis.com/v1/projects/aip-v1-3f57c/locations/us-central1/services/kycattest:setIamPolicy had HTTP Error: 400, One or more users named in the policy do not belong to a permitted customer,  perhaps due to an organization policy.",
      "status": 400
    },
    "status": 400,
    "code": 400
  }
}
[debug] [2026-07-09T20:28:56.706Z] {
  "endpoint": {
    "id": "createKycSession",
    "project": "aip-v1-3f57c",
    "region": "us-central1",
    "entryPoint": "createKycSession",
    "platform": "gcfv2",
    "runtime": "nodejs20",
    "callableTrigger": {},
    "labels": {
      "deployment-tool": "cli-firebase"
    },
    "serviceAccount": null,
    "ingressSettings": null,
    "availableMemoryMb": null,
    "timeoutSeconds": null,
    "maxInstances": null,
    "minInstances": 1,
    "concurrency": 80,
    "vpc": null,
    "environmentVariables": {
      "SENDGRID_WEBHOOK_KEY": "tu_clave_secreta_aqui",
      "META_WEBHOOK_VERIFY_TOKEN": "tu_token_de_verificacion",
      "META_WHATSAPP_ACCESS_TOKEN": "tu_access_token_de_meta",
      "FIREBASE_CONFIG": "{\"projectId\":\"aip-v1-3f57c\",\"storageBucket\":\"aip-v1-3f57c.firebasestorage.app\"}",
      "GCLOUD_PROJECT": "aip-v1-3f57c",
      "EVENTARC_CLOUD_EVENT_SOURCE": "projects/aip-v1-3f57c/locations/us-central1/services/createKycSession"
    },
    "codebase": "default",
    "cpu": 1,
    "targetedByOnly": false,
    "hash": "1fef5414712d901cd2c8056debfc465a0058a8e3",
    "uri": "https://us-central1-aip-v1-3f57c.cloudfunctions.net/createKycSession",
    "runServiceId": "createkycsession"
  },
  "op": "set invoker",
  "original": {
    "name": "FirebaseError",
    "children": [],
    "exit": 1,
    "message": "Failed to set the IAM Policy on the Service projects/aip-v1-3f57c/locations/us-central1/services/createkycsession",
    "original": {
      "name": "FirebaseError",
      "children": [],
      "context": {
        "body": {
          "error": {
            "code": 400,
            "message": "One or more users named in the policy do not belong to a permitted customer,  perhaps due to an organization policy.",
            "status": "FAILED_PRECONDITION"
          }
        },
        "response": {
          "statusCode": 400
        }
      },
      "exit": 1,
      "message": "Request to https://run.googleapis.com/v1/projects/aip-v1-3f57c/locations/us-central1/services/createkycsession:setIamPolicy had HTTP Error: 400, One or more users named in the policy do not belong to a permitted customer,  perhaps due to an organization policy.",
      "status": 400
    },
    "status": 400,
    "code": 400
  }
}
[error] Error: There was an error deploying functions:
[error] - Error Failed to set invoker function kycInit in region us-central1
[error] - Error Failed to set invoker function kycAttest in region us-central1
[error] - Error Failed to set invoker function createKycSession in region us-central1
